NDIME= 2
NELEM= 13081
5 4571 6697 4572 0
5 189 5084 1990 1
5 1962 5197 5163 2
5 4964 4965 3491 3
5 5439 7189 5253 4
5 6099 6717 4564 5
5 6734 7022 4563 6
5 3507 7307 5034 7
5 2148 5791 5699 8
5 5261 6841 2027 9
5 2422 5433 4890 10
5 5138 5139 2905 11
5 4890 5521 2422 12
5 4751 5199 5130 13
5 5020 7196 4588 14
5 113 5148 112 15
5 5132 7103 7054 16
5 7017 7092 6633 17
5 5280 7007 5279 18
5 3526 6983 5338 19
5 5062 7092 3514 20
5 2660 5064 5063 21
5 3216 4964 3491 22
5 5391 7311 4632 23
5 5018 6545 2001 24
5 5155 5169 5168 25
5 5173 7242 5200 26
5 2656 7191 4909 27
5 3762 5303 4768 28
5 3530 6973 5186 29
5 4907 7134 3159 30
5 972 7280 7102 31
5 3795 6834 3797 32
5 6508 7492 6502 33
5 4621 5393 5262 34
5 5699 5791 4946 35
5 5753 6145 4864 36
5 5466 6845 3334 37
5 4227 7133 7036 38
5 1947 6889 5307 39
5 5185 6554 1953 40
5 2012 5439 5253 41
5 5521 5555 2445 42
5 5279 7007 3158 43
5 4632 5461 5391 44
5 5079 5452 5451 45
5 5013 5014 1949 46
5 3175 5004 3452 47
5 5191 5389 4461 48
5 4890 5555 5521 49
5 3259 6722 5290 50
5 1963 5148 113 51
5 3157 5235 3309 52
5 6233 7290 4408 53
5 4909 6651 2656 54
5 5223 5447 4655 55
5 1947 6735 5204 56
5 5255 6758 4569 57
5 822 6818 5488 58
5 5413 6662 5442 59
5 5113 7028 6982 60
5 2447 6144 4945 61
5 4989 5038 4985 62
5 5502 6233 4408 63
5 5004 6672 3452 64
5 4878 5332 5331 65
5 5296 6684 4535 66
5 4931 6697 4571 67
5 4141 5438 5314 68
5 5009 5148 1963 69
5 5267 6662 5413 70
5 2662 5907 4902 71
5 6672 7050 4725 72
5 4550 5431 4898 73
5 5118 6974 3895 74
5 5105 6915 3481 75
5 3409 5325 5096 76
5 6673 7113 5392 77
5 1947 5307 5305 78
5 3961 5020 4588 79
5 5192 5193 4626 80
5 4209 6541 5107 81
5 2331 6909 6682 82
5 4572 6697 5228 83
5 7307 7443 5034 84
5 3882 7274 4847 85
5 3229 5409 5351 86
5 4461 5390 5191 87
5 1948 6827 5076 88
5 4649 5027 4934 89
5 3402 6591 5023 90
5 5467 6845 5466 91
5 5137 6836 6629 92
5 5290 6796 5291 93
5 4749 5199 4751 94
5 3504 5289 4169 95
5 2905 5221 5138 96
5 3862 6834 3795 97
5 6092 6651 4909 98
5 4909 6949 6092 99
5 5098 6977 4908 100
5 89 5414 88 101
5 2026 5109 5108 102
5 3929 6697 4931 103
5 5034 7394 3507 104
5 4749 5330 5199 105
5 3424 6858 5059 106
5 5219 5431 4550 107
5 5235 5236 3309 108
5 4822 5229 4112 109
5 1951 7186 6818 110
5 4143 5205 4904 111
5 6645 6950 5286 112
5 6664 6738 5448 113
5 4931 7142 3929 114
5 5128 5129 1998 115
5 6801 7205 3965 116
5 3159 7324 4907 117
5 5397 6987 5396 118
5 5451 5453 5079 119
5 5007 7434 5344 120
5 5328 7068 5056 121
5 4588 7196 5429 122
5 3259 5290 5289 123
5 7102 7280 5032 124
5 5163 5327 1962 125
5 5021 6790 3885 126
5 5076 5407 1948 127
5 3324 5062 3514 128
5 5309 6722 3259 129
5 4652 6841 5261 130
5 7047 7158 7031 131
5 5401 7472 2497 132
5 5219 7461 172 133
5 3073 6717 6099 134
5 5037 7432 7421 135
5 2499 5401 2497 136
5 5291 6796 3937 137
5 5258 6638 5260 138
5 3409 5096 3377 139
5 4914 7357 4872 140
5 4945 6145 2447 141
5 5260 6638 4328 142
5 4985 5038 4984 143
5 3895 6955 5118 144
5 5410 7309 4631 145
5 4485 7033 4806 146
5 2331 6682 5107 147
5 1984 5269 36 148
5 5107 6541 5475 149
5 1989 6866 6760 150
5 5113 6982 4123 151
5 5495 7261 6970 152
5 3226 6775 3229 153
5 3464 6904 4874 154
5 5091 6591 4178 155
5 6636 6946 5236 156
5 5109 7057 2029 157
5 5200 5376 5173 158
5 2743 6805 6705 159
5 2817 5766 4930 160
5 6818 7186 5016 161
5 5131 7103 5132 162
5 5338 6983 6963 163
5 3153 6973 3530 164
5 6705 6805 5657 165
5 5184 6667 3406 166
5 5507 7027 4772 167
5 5008 7195 3389 168
5 21 5006 5005 169
5 153 6883 5446 170
5 173 5219 172 171
5 2027 5353 5340 172
5 5459 6883 153 173
5 5036 5477 1961 174
5 2001 7069 5018 175
5 762 5189 1935 176
5 4902 6935 2662 177
5 5560 6695 2649 178
5 2643 7175 6575 179
5 3937 5303 3762 180
5 4928 6702 6688 181
5 4735 5375 5231 182
5 5190 5333 4455 183
5 3655 5349 4805 184
5 5331 6761 4878 185
5 3255 5309 3259 186
5 3822 5341 4849 187
5 6858 7136 5059 188
5 5332 6872 3415 189
5 5561 6695 5560 190
5 6575 7175 5217 191
5 4563 7282 6734 192
5 5205 5206 4904 193
5 5066 5527 2017 194
5 6646 6820 3261 195
5 1997 6832 4923 196
5 6502 7492 3399 197
5 5073 5529 1960 198
5 1963 5423 5009 199
5 4930 7385 2817 200
5 3463 5103 3383 201
5 2005 7281 5374 202
5 3440 5294 5087 203
5 5353 6895 5340 204
5 5077 5531 2024 205
5 3389 7195 3399 206
5 1976 6673 5392 207
5 3228 6775 3226 208
5 3083 6929 6901 209
5 1955 7090 5024 210
5 4103 7022 6734 211
5 4806 6800 4485 212
5 2006 7068 5328 213
5 4752 6787 5022 214
5 5063 5065 2660 215
5 5085 5533 1959 216
5 4946 5791 3269 217
5 4607 5195 5025 218
5 64 5453 63 219
5 5088 5535 2022 220
5 190 5084 189 221
5 6646 7105 3404 222
5 3463 5326 5103 223
5 3348 5297 3125 224
5 3800 6834 5226 225
5 5189 5333 5190 226
5 4945 6144 5637 227
5 4667 5465 5334 228
5 6643 7066 7043 229
5 4938 7201 5326 230
5 5092 5537 1958 231
5 5139 5317 2905 232
5 4604 6694 6172 233
5 4964 5342 4965 234
5 4608 7113 6673 235
5 3401 6900 6622 236
5 1994 6585 5030 237
5 3885 7481 5021 238
5 2226 5766 2229 239
5 3419 5320 4104 240
5 5095 5539 2025 241
5 3483 5120 3373 242
5 5233 5339 4622 243
5 141 6735 1947 244
5 5369 5480 4283 245
5 1969 5100 5099 246
5 5276 7177 3393 247
5 4535 6684 4851 248
5 6169 6170 4974 249
5 1953 7240 5185 250
5 4603 7127 7101 251
5 5097 5541 1957 252
5 3482 6792 2735 253
5 2644 7091 6615 254
5 3898 5207 5205 255
5 5104 5543 2023 256
5 4874 7061 3464 257
5 6688 7430 4928 258
5 5026 5449 2021 259
5 6645 6646 3261 260
5 1992 5416 87 261
5 3393 7177 3397 262
5 7036 7133 4912 263
5 4655 6803 5223 264
5 6710 6870 3223 265
5 2014 5339 5233 266
5 5374 6903 1996 267
5 66 5478 65 268
5 4182 6758 5041 269
5 5429 7042 6850 270
5 1937 5241 5240 271
5 5245 5246 2006 272
5 3073 6099 5074 273
5 6711 6870 6710 274
5 2743 5502 4408 275
5 3440 5087 3367 276
5 3405 6977 5098 277
5 68 5528 67 278
5 3871 5234 3439 279
5 6228 6743 6556 280
5 6550 7220 4765 281
5 3350 5289 3504 282
5 2851 5089 3079 283
5 5415 6560 4478 284
5 3483 5344 5120 285
5 1949 5114 5013 286
5 70 5530 69 287
5 6679 7027 5507 288
5 3053 7391 6136 289
5 3269 6573 4946 290
5 4573 6704 4931 291
5 6901 6929 6902 292
5 3963 6801 3965 293
5 72 5532 71 294
5 5023 6591 5091 295
5 3816 5411 3435 296
5 2021 5450 5026 297
5 3800 5226 3803 298
5 3205 7367 5237 299
5 5334 5465 42 300
5 4847 6657 3882 301
5 2324 6736 4894 302
5 173 5431 5219 303
5 5137 7298 6836 304
5 74 5534 73 305
5 4965 5342 4968 306
5 5084 6754 1990 307
5 5014 6896 2003 308
5 4944 7158 7047 309
5 5089 5090 3079 310
5 6644 7152 6575 311
5 91 5111 90 312
5 5448 7178 6664 313
5 6615 7091 4892 314
5 2743 6705 5502 315
5 3458 6902 6619 316
5 76 5536 75 317
5 1961 5478 5036 318
5 4935 7015 5446 319
5 2625 5385 2623 320
5 2891 5221 2889 321
5 6136 6606 3053 322
5 7029 7092 5000 323
5 2026 5111 5109 324
5 5104 5545 4483 325
5 2889 5221 2905 326
5 78 5538 77 327
5 4221 6689 4226 328
5 5282 5288 5281 329
5 4593 6903 5374 330
5 5516 6780 6675 331
5 3399 7195 6502 332
5 5017 6818 5016 333
5 5155 5168 5152 334
5 1984 5324 5269 335
5 5236 6946 3309 336
5 5278 6886 4881 337
5 80 5540 79 338
5 5038 5444 3546 339
5 5257 5765 2228 340
5 3898 7020 5207 341
5 6970 7200 5495 342
5 4552 6655 5416 343
5 2735 6792 3460 344
5 3657 5349 3655 345
5 4112 5229 4114 346
5 6108 6693 4962 347
5 1987 7365 7126 348
5 5199 7248 5130 349
5 82 5542 81 350
5 7077 7182 5745 351
5 5199 5330 5198 352
5 3824 5341 3822 353
5 5262 5393 176 354
5 4859 7105 6646 355
5 84 5544 83 356
5 2327 6736 2324 357
5 5197 7302 5163 358
5 5017 7248 5488 359
5 5041 6749 4182 360
5 5071 5211 1979 361
5 4993 7394 5034 362
5 7011 7115 3055 363
5 4823 7205 6801 364
5 6665 6780 4844 365
5 3273 5995 5093 366
5 5637 6144 2121 367
5 3311 6745 2783 368
5 4222 5086 4220 369
5 6178 7115 7011 370
5 4137 6145 4139 371
5 6982 7028 4721 372
5 5065 7309 5410 373
5 3125 5297 3136 374
5 5040 5454 1964 375
5 17 5142 1995 376
5 4864 7304 5753 377
5 3404 6820 6646 378
5 2017 5528 5066 379
5 2004 5275 5274 380
5 5396 6987 2653 381
5 5005 7451 21 382
5 6606 6739 3053 383
5 6725 6837 4963 384
5 5086 6714 4220 385
5 4569 6890 5255 386
5 1984 7388 5324 387
5 6846 6954 4648 388
5 5106 5579 1965 389
5 4183 6665 4844 390
5 4825 7314 4582 391
5 4227 7161 7133 392
5 4873 5211 5071 393
5 2354 5230 5225 394
5 4923 7215 1997 395
5 4582 7314 5117 396
5 6613 6887 5262 397
5 6655 6921 5416 398
5 4560 6855 6661 399
5 6633 7092 5062 400
5 2855 5121 2858 401
5 3269 6716 6573 402
5 5282 7449 5288 403
5 2965 7179 6980 404
5 5488 6818 5017 405
5 5142 7257 1995 406
5 5193 5194 4626 407
5 7101 7127 1995 408
5 1996 6613 5262 409
5 1960 5530 5073 410
5 1964 5458 5040 411
5 104 5491 103 412
5 4963 6837 4956 413
5 2783 6745 2786 414
5 2139 6998 6826 415
5 5136 7463 3947 416
5 3950 5136 3947 417
5 5002 7092 7017 418
5 5024 7382 1955 419
5 5111 7057 5109 420
5 3900 5205 4143 421
5 6170 6755 4974 422
5 3409 7308 5325 423
5 3161 5235 3157 424
5 5042 6496 2646 425
5 7131 7201 6498 426
5 4807 6739 6606 427
5 4754 6787 4752 428
5 3204 7367 3205 429
5 3244 6773 6670 430
5 2988 7238 6791 431
5 5381 6656 3236 432
5 5105 7277 6915 433
5 2024 5532 5077 434
5 3184 5143 3185 435
5 6826 6998 5807 436
5 5065 7176 3975 437
5 5176 7242 5173 438
5 6637 7405 3871 439
5 4872 5455 4914 440
5 6220 6844 4331 441
5 5475 6541 4561 442
5 3410 5264 3351 443
5 6573 6716 5660 444
5 5137 6629 3946 445
5 3975 7309 5065 446
5 2005 7003 6925 447
5 3412 6954 6846 448
5 2450 6323 5293 449
5 6940 7000 3407 450
5 5501 7125 6808 451
5 1959 5534 5085 452
5 4178 5413 5091 453
5 5501 6808 4738 454
5 5344 7327 5007 455
5 4631 6609 5410 456
5 6949 7197 6092 457
5 88 5414 1992 458
5 4277 5423 4275 459
5 5269 7490 36 460
5 2022 5536 5088 461
5 6985 7084 109 462
5 5155 6666 5169 463
5 1992 5414 5110 464
5 87 5416 86 465
5 5071 7305 4873 466
5 3372 5087 3920 467
5 6092 7197 2657 468
5 7169 7502 6701 469
5 2035 5166 1999 470
5 3316 5141 3317 471
5 2662 6935 6816 472
5 2339 5447 5223 473
5 6708 6851 2906 474
5 1958 5538 5092 475
5 6677 6988 5421 476
5 5110 5415 1992 477
5 5665 6979 2195 478
5 5158 5497 5327 479
5 5357 6776 3221 480
5 3843 5345 3872 481
5 5059 5418 3424 482
5 2027 6841 5353 483
5 1936 5082 5069 484
5 2025 5540 5095 485
5 4483 5545 4166 486
5 6780 7218 6675 487
5 3244 6600 3246 488
5 5298 5365 4295 489
5 6816 6935 5302 490
5 2195 7087 5665 491
5 3241 6773 3244 492
5 2005 5374 179 493
5 5107 6682 4209 494
5 6653 7066 5361 495
5 5472 7395 7234 496
5 1957 5542 5097 497
5 159 7051 5378 498
5 3382 5096 3888 499
5 4908 7420 5098 500
5 4291 7350 5223 501
5 2023 5544 5104 502
5 5075 5485 2020 503
5 3409 7434 7308 504
5 3363 5098 3366 505
5 6913 7055 4624 506
5 3774 7022 3776 507
5 4647 7055 5090 508
5 5149 7292 1978 509
5 7421 7432 1939 510
5 5012 7129 2031 511
5 5130 7248 5017 512
5 5134 5577 2018 513
5 4283 7427 5369 514
5 5094 7089 156 515
5 2020 5486 5075 516
5 5289 5290 4169 517
5 5093 5996 3273 518
5 5183 6637 5299 519
5 5038 7255 5444 520
5 4790 7152 6644 521
5 5004 7050 6672 522
5 6172 6694 2659 523
5 5330 5484 5198 524
5 5087 7046 3920 525
5 6665 6738 6664 526
5 5517 6911 5404 527
5 2660 7326 5064 528
5 4966 5357 3491 529
5 5189 5190 1935 530
5 2842 5422 2844 531
5 4156 5996 4158 532
5 4989 5039 5038 533
5 5074 6100 3073 534
5 5362 7182 7077 535
5 6778 7210 5254 536
5 1947 5305 140 537
5 3944 5326 3889 538
5 5227 7002 2415 539
5 5236 6637 5183 540
5 5251 6654 2014 541
5 4817 7417 5280 542
5 1995 7257 7101 543
5 4817 5280 4556 544
5 5402 7146 7044 545
5 5429 6850 5263 546
5 2169 5997 2171 547
5 5112 7483 2349 548
5 6607 7152 4892 549
5 2026 5414 89 550
5 5195 7065 5025 551
5 7009 7083 6008 552
5 4485 6801 3963 553
5 5108 5414 2026 554
5 3081 6959 3451 555
5 4892 7152 4790 556
5 2407 5267 2412 557
5 5445 5471 3204 558
5 4756 5130 5017 559
5 6892 7040 6681 560
5 5281 5288 1993 561
5 1972 7103 5131 562
5 2006 5328 162 563
5 3975 5344 3921 564
5 2865 6919 6741 565
5 3889 5326 3463 566
5 1941 5322 5252 567
5 5375 7297 5231 568
5 2623 5385 2658 569
5 6669 7261 6986 570
5 1986 5347 61 571
5 6704 7142 4931 572
5 55 5270 1945 573
5 3360 5320 3419 574
5 5128 6842 5126 575
5 5390 5636 4450 576
5 5016 5367 4757 577
5 5368 6718 3493 578
5 5098 7420 3366 579
5 4273 5450 4271 580
5 4916 5119 4481 581
5 5183 6636 5236 582
5 3236 6656 3237 583
5 5214 6056 4768 584
5 7034 7060 5311 585
5 2653 6632 5396 586
5 5096 7141 3888 587
5 4735 6732 5375 588
5 5313 7247 3886 589
5 4632 6576 5461 590
5 4970 5357 4966 591
5 3439 5234 3174 592
5 3481 7134 5105 593
5 5288 6962 1993 594
5 2497 7472 2654 595
5 6766 7407 6681 596
5 2349 6590 5112 597
5 6791 7238 5033 598
5 6980 7179 5072 599
5 3940 6534 3482 600
5 6625 7132 4942 601
5 2905 5317 2887 602
5 2887 5317 2885 603
5 5238 7303 2013 604
5 90 5111 2026 605
5 3202 5445 3204 606
5 2004 5274 13 607
5 4855 6829 4857 608
5 4535 7448 5296 609
5 3181 7306 5162 610
5 63 5453 5451 611
5 2645 6504 5323 612
5 4807 6849 6739 613
5 5765 5766 2228 614
5 5258 5259 3940 615
5 3921 5344 3483 616
5 5191 7121 5203 617
5 3261 6950 6645 618
5 5208 5209 4180 619
5 5266 7006 1941 620
5 2007 7199 5249 621
5 5076 6827 5457 622
5 5377 5405 4531 623
5 5090 6936 4705 624
5 4784 7195 7131 625
5 5135 5138 5136 626
5 1965 5580 5106 627
5 5014 7184 1949 628
5 4102 5147 4559 629
5 5293 6323 4612 630
5 6624 6937 2649 631
5 1994 5261 11 632
5 5995 6278 5093 633
5 5344 7434 5120 634
5 2090 6491 5693 635
5 5402 7044 3164 636
5 4947 7084 6985 637
5 5299 7159 5133 638
5 4772 7183 5507 639
5 4331 5422 2842 640
5 5292 5355 4065 641
5 5320 7145 6843 642
5 4922 7223 7153 643
5 3886 6952 5313 644
5 4855 7466 6829 645
5 2646 6951 5042 646
5 4600 5355 5292 647
5 6491 7190 7016 648
5 3184 6898 5143 649
5 5295 6598 4915 650
5 5135 5136 3950 651
5 4155 5430 3533 652
5 5152 5168 372 653
5 282 2033 1999 654
5 312 5149 1978 655
5 5210 5575 1967 656
5 5238 5395 4742 657
5 182 5281 1993 658
5 7394 7395 3232 659
5 3400 7349 6993 660
5 6970 7261 5101 661
5 792 5193 5192 662
5 1972 5150 1902 663
5 4564 6717 5790 664
5 5198 5484 1272 665
5 5327 5497 1422 666
5 5203 5441 1032 667
5 1933 5202 402 668
5 4146 6161 4227 669
5 1999 5166 1872 670
5 2121 5638 5637 671
5 4563 7022 3774 672
5 5334 7210 7173 673
5 6813 6871 3220 674
5 1937 5240 168 675
5 2009 5071 149 676
5 163 5245 2006 677
5 143 5239 2008 678
5 2007 5249 166 679
5 5461 6576 1952 680
5 6941 7000 6940 681
5 7048 7067 3938 682
5 29 5238 2013 683
5 104 7271 5491 684
5 5321 6849 4807 685
5 5023 6865 3402 686
5 23 5233 1950 687
5 53 5250 2011 688
5 3871 7405 5234 689
5 5378 7051 5048 690
5 5211 6869 1979 691
5 2003 7184 5014 692
5 1941 5252 40 693
5 25 5251 2014 694
5 2012 5253 45 695
5 46 5256 2012 696
5 37 5255 1984 697
5 97 5371 96 698
5 2031 6895 5012 699
5 5019 7334 3954 700
5 6666 6835 6667 701
5 4601 5383 5355 702
5 6777 6778 5254 703
5 115 5449 114 704
5 3485 6721 5435 705
5 1961 5453 64 706
5 1985 5395 5238 707
5 6838 7000 4633 708
5 5520 7067 7048 709
5 4206 5412 5356 710
5 7307 7403 4977 711
5 7016 7190 4863 712
5 5247 5248 5246 713
5 5241 5243 5242 714
5 4556 5280 5279 715
5 4738 6749 5501 716
5 117 5454 116 717
5 5128 7272 6842 718
5 5027 7015 4934 719
5 2407 6662 5267 720
5 2447 6145 5753 721
5 2349 6728 6590 722
5 4283 5480 3342 723
5 5067 7432 5037 724
5 3406 6668 5184 725
5 5081 6825 4132 726
5 119 5485 118 727
5 7153 7223 6252 728
5 5240 5242 2007 729
5 1938 5247 5245 730
5 6760 6866 4226 731
5 5239 5377 2008 732
5 5162 7209 3181 733
5 4589 4928 4927 734
5 5351 5409 5055 735
5 2228 5766 2226 736
5 2229 5766 2817 737
5 2010 6758 5255 738
5 1998 7272 5128 739
5 3435 5411 3437 740
5 5518 6663 3919 741
5 5326 7201 5103 742
5 3082 6959 3081 743
5 2734 5258 3940 744
5 4143 4903 4144 745
5 4631 7024 6609 746
5 4583 4924 4825 747
5 4601 5355 4600 748
5 4979 7307 4977 749
5 4269 5458 4267 750
5 3210 4950 3212 751
5 5368 7355 6718 752
5 3407 7000 6838 753
5 4765 7220 5324 754
5 3214 4964 3216 755
5 3232 7395 5472 756
5 6049 6546 4990 757
5 6794 7080 6087 758
5 6049 6632 2653 759
5 5294 7046 5087 760
5 1969 5101 5100 761
5 3484 5058 4982 762
5 5332 6873 6872 763
5 5223 6803 4291 764
5 5242 6886 5278 765
5 6953 6954 3412 766
5 4206 5411 3816 767
5 5185 5434 5181 768
5 5069 7317 1936 769
5 2018 5578 5134 770
5 4093 5345 3843 771
5 6719 6868 4311 772
5 5314 5438 5256 773
5 3410 5430 5264 774
5 5420 5421 4925 775
5 5303 6984 4768 776
5 5278 7199 2007 777
5 4942 7132 4796 778
5 6814 6871 6813 779
5 172 7461 1955 780
5 65 5478 1961 781
5 3549 7287 5587 782
5 2017 5478 66 783
5 4816 7210 6778 784
5 4804 7476 7149 785
5 5486 5579 5106 786
5 2663 5301 5300 787
5 5110 6560 5415 788
5 6637 7159 5299 789
5 6674 7351 48 790
5 4908 6977 6784 791
5 67 5528 2017 792
5 1960 5528 68 793
5 7126 7365 6531 794
5 5305 5307 5306 795
5 4798 6892 6681 796
5 3229 6775 5409 797
5 5242 5278 2007 798
5 6590 6728 5293 799
5 2024 5530 70 800
5 69 5530 1960 801
5 4184 5140 5139 802
5 5380 6691 5045 803
5 5341 7174 7030 804
5 5155 6835 6666 805
5 2412 5267 2434 806
5 6750 7133 2664 807
5 6702 6919 2865 808
5 5146 7498 3249 809
5 71 5532 2024 810
5 1959 5532 72 811
5 3190 4982 3192 812
5 3198 4984 3200 813
5 4124 4916 4481 814
5 4990 6632 6049 815
5 4922 5072 4921 816
5 6646 7226 4859 817
5 2022 5534 74 818
5 73 5534 1959 819
5 4626 5315 5192 820
5 3316 7487 5141 821
5 5224 5574 2019 822
5 2004 5296 5275 823
5 5090 7056 4647 824
5 5099 7088 1969 825
5 5114 5273 4599 826
5 3322 5062 3324 827
5 4583 5226 4926 828
5 3225 5220 4981 829
5 6726 7094 6861 830
5 4951 7452 3511 831
5 6622 6900 4940 832
5 1990 5337 188 833
5 5173 5376 5170 834
5 1958 5536 76 835
5 75 5536 2022 836
5 4980 7083 7009 837
5 3218 5357 3221 838
5 3869 7060 7034 839
5 5494 5495 2015 840
5 4331 6844 5422 841
5 4552 5415 4478 842
5 4904 5033 4903 843
5 6556 6743 3879 844
5 7043 7066 3067 845
5 3244 6670 6600 846
5 5492 5494 2015 847
5 6784 6977 4642 848
5 3533 5430 3410 849
5 3397 3434 3398 850
5 77 5538 1958 851
5 2025 5538 78 852
5 5021 6907 6790 853
5 5349 7232 7082 854
5 5425 6525 3130 855
5 3488 7034 5311 856
5 2649 6937 5560 857
5 3506 5237 4953 858
5 4889 5011 4888 859
5 4293 6618 5213 860
5 5404 7041 5517 861
5 5392 7311 5391 862
5 4548 6657 4847 863
5 3504 3533 3410 864
5 6956 6994 6654 865
5 2029 6908 5109 866
5 5253 5254 1983 867
5 5888 6971 6789 868
5 79 5540 2025 869
5 1957 5540 80 870
5 5011 7111 6709 871
5 4287 7459 4907 872
5 3246 3416 3248 873
5 5359 5362 5361 874
5 5137 7463 7108 875
5 5256 5438 2012 876
5 2023 5542 82 877
5 81 5542 1957 878
5 3350 3504 3410 879
5 5241 5242 5240 880
5 5245 5247 5246 881
5 5140 6851 6708 882
5 5331 5332 5244 883
5 1956 5544 84 884
5 83 5544 2023 885
5 3419 3553 3405 886
5 3382 3463 3383 887
5 4152 7481 5230 888
5 4132 7256 5081 889
5 4287 4907 4285 890
5 96 5371 2001 891
5 3048 5268 3051 892
5 3167 5004 3175 893
5 5435 6862 3485 894
5 5378 7496 159 895
5 3182 5116 3184 896
5 5158 5327 5163 897
5 4889 7111 5011 898
5 3078 5388 4762 899
5 5356 5411 4206 900
5 3360 3419 3405 901
5 2121 6552 5638 902
5 5134 5580 5577 903
5 3137 5272 3169 904
5 5693 6491 5692 905
5 4139 6145 4945 906
5 4864 6145 4137 907
5 1967 5576 5210 908
5 5284 6645 5286 909
5 2228 5846 5257 910
5 3900 4143 3907 911
5 3067 7066 6653 912
5 1978 7292 5308 913
5 4437 5389 4439 914
5 4184 5139 5135 915
5 3852 4583 4582 916
5 4789 5390 4450 917
5 2166 6278 5995 918
5 4265 5486 4263 919
5 3216 3491 3218 920
5 3227 3507 3230 921
5 3212 3511 3214 922
5 4279 5147 4102 923
5 3366 3932 3440 924
5 3208 3506 3210 925
5 5390 7121 5191 926
5 4903 4905 4144 927
5 3372 3483 3373 928
5 5167 6565 1952 929
5 4924 4925 4825 930
5 4803 5308 4279 931
5 3506 4952 4950 932
5 4997 5123 4995 933
5 4928 6919 6702 934
5 6565 6608 2016 935
5 3932 3933 3440 936
5 3252 4125 3258 937
5 2009 7305 5071 938
5 5129 7052 1998 939
5 3200 3546 3202 940
5 3196 3508 3198 941
5 2434 5267 4178 942
5 3192 3480 3194 943
5 3372 3920 3483 944
5 3898 5205 3900 945
5 3188 3484 3190 946
5 4117 4893 4124 947
5 3863 4102 3534 948
5 5000 7092 5002 949
5 3487 3531 3439 950
5 5415 5416 1992 951
5 5233 7097 1950 952
5 4796 5131 4797 953
5 3532 4081 3531 954
5 3495 5368 3493 955
5 4976 7403 5220 956
5 3136 5297 3165 957
5 4225 5086 4222 958
5 1952 6576 5167 959
5 4114 5229 4117 960
5 3185 5143 3188 961
5 3353 5264 3356 962
5 1983 7210 5334 963
5 4289 5105 4287 964
5 3175 3452 3182 965
5 4895 5383 4601 966
5 3205 5237 3208 967
5 4285 4906 4225 968
5 3165 4077 3167 969
5 3803 5226 3852 970
5 3382 3888 3463 971
5 1944 5405 5239 972
5 5274 6585 1994 973
5 4763 6876 4764 974
5 3954 7334 4184 975
5 3366 3440 3367 976
5 3952 5135 3950 977
5 4082 4796 4081 978
5 3956 5019 3954 979
5 4056 5020 3961 980
5 6619 6902 4810 981
5 5263 6850 2906 982
5 4143 4144 3907 983
5 3863 4279 4102 984
5 4583 4825 4582 985
5 2103 6948 6283 986
5 5232 5573 1966 987
5 4580 6732 4735 988
5 5167 6608 6565 989
5 5133 7159 5476 990
5 3383 5103 3385 991
5 4103 6734 6733 992
5 3377 5096 3379 993
5 3225 4981 3227 994
5 5425 5426 4610 995
5 5241 5331 5244 996
5 4180 7320 5208 997
5 4624 7055 4647 998
5 150 7506 2009 999
5 3373 5120 3375 1000
5 3194 7259 5483 1001
5 5512 6570 1966 1002
5 3367 5087 3369 1003
5 672 5189 762 1004
5 49 6674 48 1005
5 5239 5405 5377 1006
5 3511 4964 3214 1007
5 4107 5368 3495 1008
5 3506 4950 3210 1009
5 4065 5356 5292 1010
5 5358 5359 4100 1011
5 3961 4588 3956 1012
5 3954 4184 3952 1013
5 4126 4814 4056 1014
5 1959 5533 5532 1015
5 14 7289 6684 1016
5 4924 5348 4925 1017
5 3416 3417 3248 1018
5 2022 5535 5534 1019
5 4481 7169 5379 1020
5 6554 7243 1953 1021
5 5030 7166 1994 1022
5 5140 5317 5139 1023
5 5009 5423 4277 1024
5 2024 5531 5530 1025
5 4588 5263 5019 1026
5 1966 6570 5232 1027
5 5305 5306 5304 1028
5 5210 5578 5575 1029
5 4275 5423 5026 1030
5 3369 5087 3372 1031
5 4589 4927 4126 1032
5 4556 5279 4289 1033
5 1958 5537 5536 1034
5 5358 5363 5359 1035
5 4219 6689 4221 1036
5 5170 5376 1975 1037
5 5230 6997 4152 1038
5 6783 7479 5144 1039
5 3360 3405 3361 1040
5 5441 7208 1933 1041
5 5428 6616 5427 1042
5 6986 7261 5496 1043
5 4610 6525 5425 1044
5 3953 6626 3955 1045
5 2019 6542 5224 1046
5 2025 5539 5538 1047
5 3351 5264 3353 1048
5 2171 5997 2175 1049
5 4618 4888 3958 1050
5 4920 4921 3936 1051
5 5446 7015 1942 1052
5 4281 4611 4530 1053
5 3508 4985 4984 1054
5 5035 7443 4980 1055
5 1960 5529 5528 1056
5 5031 7001 3349 1057
5 4760 6540 5464 1058
5 5284 5286 5282 1059
5 5544 5545 5104 1060
5 3320 3446 3322 1061
5 4756 5017 5016 1062
5 4713 6809 6744 1063
5 1957 5541 5540 1064
5 6905 6929 3083 1065
5 3379 5096 3382 1066
5 3375 5120 3409 1067
5 3230 7394 3232 1068
5 3508 4984 3198 1069
5 3484 4982 3190 1070
5 7194 7458 6813 1071
5 2553 7098 6859 1072
5 5228 7381 4572 1073
5 2645 6505 6504 1074
5 4893 4916 4124 1075
5 5348 7336 5420 1076
5 5022 6787 5419 1077
5 3411 7201 7131 1078
5 4762 7154 6875 1079
5 4995 5122 4803 1080
5 3260 5289 3350 1081
5 6667 7368 3406 1082
5 4620 6570 5512 1083
5 2023 5543 5542 1084
5 5241 5244 5243 1085
5 3431 3863 3534 1086
5 4620 5512 5511 1087
5 3385 3411 3387 1088
5 3389 3399 3391 1089
5 3446 5062 3322 1090
5 3511 7452 5342 1091
5 3393 3397 3395 1092
5 7150 7235 4893 1093
5 2343 6780 6665 1094
5 3936 5341 3824 1095
5 3910 5394 5115 1096
5 2651 7137 7039 1097
5 4986 5483 4991 1098
5 1968 7093 5434 1099
5 2849 5089 2851 1100
5 6088 7062 2938 1101
5 5228 6697 4135 1102
5 3958 5349 3657 1103
5 5148 7486 112 1104
5 3385 5103 3411 1105
5 5051 5052 5050 1106
5 5121 6913 2858 1107
5 4983 6578 3480 1108
5 3333 5403 3505 1109
5 5021 7481 4152 1110
5 2017 5527 5478 1111
5 3178 3439 3174 1112
5 3048 5427 5268 1113
5 3324 3514 3326 1114
5 3920 3921 3483 1115
5 4285 4907 4906 1116
5 2728 6638 5258 1117
5 2844 5422 2847 1118
5 3452 5116 3182 1119
5 4077 5004 3167 1120
5 5123 6990 5122 1121
5 6825 7217 7004 1122
5 5123 7254 6990 1123
5 1961 5477 5453 1124
5 4913 5996 4156 1125
5 4158 5996 5093 1126
5 4214 6627 5218 1127
5 5135 5139 5138 1128
5 3375 3409 3377 1129
5 5217 6660 5215 1130
5 3379 3382 3381 1131
5 4599 6559 4207 1132
5 6654 6994 5339 1133
5 4261 5580 4259 1134
5 5379 7169 5031 1135
5 5511 5513 4620 1136
5 4814 5329 5020 1137
5 4905 5295 4915 1138
5 7038 7323 3328 1139
5 7336 7435 5420 1140
5 3064 7319 5790 1141
5 4456 5315 4626 1142
5 3239 6692 3238 1143
5 2033 2034 1999 1144
5 5443 6939 6924 1145
5 3249 7498 3252 1146
5 5319 5506 3310 1147
5 3356 7145 5320 1148
5 1972 6625 5150 1149
5 4218 6714 5346 1150
5 4803 7454 5308 1151
5 4995 5123 5122 1152
5 5660 6716 2139 1153
5 5031 7023 7001 1154
5 3775 6629 4808 1155
5 4456 6610 5315 1156
5 5224 5576 5574 1157
5 6609 7024 2661 1158
5 3491 5357 3218 1159
5 5426 5518 4610 1160
5 5089 6936 5090 1161
5 3174 5234 3172 1162
5 4753 5130 4756 1163
5 4822 7150 5229 1164
5 3335 6828 6786 1165
5 5340 6895 2031 1166
5 3888 3889 3463 1167
5 6823 6992 6034 1168
5 5790 7431 3064 1169
5 4188 6616 5428 1170
5 7149 7421 4804 1171
5 2853 5121 2855 1172
5 5657 6805 2195 1173
5 4921 7174 5341 1174
5 4814 5020 4056 1175
5 4588 5019 3956 1176
5 4184 5135 3952 1177
5 4525 5477 4523 1178
5 5316 5479 2418 1179
5 6681 7040 6766 1180
5 3310 5507 5319 1181
5 6830 7171 5358 1182
5 3350 3410 3351 1183
5 6075 7191 2656 1184
5 1941 5465 5266 1185
5 7239 7433 4903 1186
5 3531 5476 3871 1187
5 4725 7050 4727 1188
5 4461 5636 5390 1189
5 4934 7260 4649 1190
5 1937 5331 5241 1191
5 3369 3372 3371 1192
5 7023 7169 6701 1193
5 5290 5291 4169 1194
5 2980 6601 3834 1195
5 4888 7232 5349 1196
5 3511 5342 4964 1197
5 4751 5130 4753 1198
5 6800 7059 6801 1199
5 5026 5450 4273 1200
5 4271 5450 5040 1201
5 3194 5483 3196 1202
5 61 5347 60 1203
5 4925 6988 4825 1204
5 7004 7445 6825 1205
5 7039 7137 4963 1206
5 5267 5413 4178 1207
5 5133 5476 4797 1208
5 3744 6830 5358 1209
5 4611 6928 5437 1210
5 6661 6855 5250 1211
5 192 5375 1997 1212
5 2652 6797 6546 1213
5 6283 7374 2103 1214
5 4173 7191 6075 1215
5 5907 5908 4902 1216
5 4980 7009 5035 1217
5 2847 3848 2849 1218
5 3387 5008 3389 1219
5 4569 6758 4182 1220
5 5131 7132 1972 1221
5 1990 6652 5337 1222
5 5001 5032 4999 1223
5 4878 6873 5332 1224
5 3797 6834 3800 1225
5 6876 7081 4764 1226
5 139 5305 5304 1227
5 2016 5513 5511 1228
5 5147 7475 4559 1229
5 5337 6652 5285 1230
5 4126 4927 4814 1231
5 3172 5235 3161 1232
5 4982 7404 4983 1233
5 2021 5449 115 1234
5 2222 5846 2224 1235
5 5297 7135 4077 1236
5 3434 3816 3435 1237
5 21 7482 5006 1238
5 3165 5297 4077 1239
5 6536 7506 150 1240
5 4906 5086 4225 1241
5 5335 6815 3544 1242
5 2016 6608 5513 1243
5 4901 6161 4146 1244
5 5326 7193 4938 1245
5 1964 5454 117 1246
5 3363 3366 3365 1247
5 4707 6936 6844 1248
5 6741 6919 5115 1249
5 3328 3492 3330 1250
5 140 5305 139 1251
5 2647 6755 6170 1252
5 3273 5997 2169 1253
5 27 5083 1936 1254
5 2003 5270 56 1255
5 5273 5347 4599 1256
5 4123 7004 5113 1257
5 5232 6542 5573 1258
5 3391 5276 3393 1259
5 5426 6663 5518 1260
5 5165 5468 5382 1261
5 1941 7006 5322 1262
5 2020 5485 119 1263
5 4455 5389 5190 1264
5 1943 5314 5256 1265
5 2195 6979 5657 1266
5 4950 7474 3212 1267
5 6760 7389 1989 1268
5 156 6774 5094 1269
5 4125 4215 3258 1270
5 6963 6983 4656 1271
5 3317 5141 3320 1272
5 3796 6650 4791 1273
5 2139 6826 5660 1274
5 5272 5468 3169 1275
5 5255 6890 1984 1276
5 5270 7112 1945 1277
5 4796 4797 4081 1278
5 3487 3532 3531 1279
5 5919 7192 2833 1280
5 3434 3435 3398 1281
5 5587 7154 3549 1282
5 3178 3487 3439 1283
5 3659 7014 4210 1284
5 4929 7385 4930 1285
5 7140 7204 2863 1286
5 4618 4889 4888 1287
5 4920 4922 4921 1288
5 4117 5229 4893 1289
5 4583 4926 4924 1290
5 4143 4904 4903 1291
5 3431 3534 3432 1292
5 3188 5143 3484 1293
5 4965 4966 3491 1294
5 4878 6761 4941 1295
5 6585 7060 6586 1296
5 3504 3945 3533 1297
5 2028 5282 5281 1298
5 4906 5372 5086 1299
5 1986 6559 5347 1300
5 11 5261 10 1301
5 5237 6595 4953 1302
5 4903 7433 4905 1303
5 2938 7332 6088 1304
5 4951 7494 6693 1305
5 3357 3360 3359 1306
5 2851 3079 2853 1307
5 3544 5402 3180 1308
5 5250 6855 2011 1309
5 4279 5308 5147 1310
5 2003 5310 5270 1311
5 169 6761 1937 1312
5 2896 7080 6794 1313
5 4830 6657 4548 1314
5 6706 7365 1987 1315
5 4102 4559 4558 1316
5 60 5347 5273 1317
5 3051 5268 3075 1318
5 4949 5467 5125 1319
5 5231 7297 1998 1320
5 2833 7296 5919 1321
5 3746 5358 4100 1322
5 5131 5132 4797 1323
5 6776 7130 3221 1324
5 3840 5366 4093 1325
5 3508 5483 4986 1326
5 5443 6924 4147 1327
5 5369 5370 5368 1328
5 5515 5517 3557 1329
5 4617 7236 5102 1330
5 5074 6594 6100 1331
5 3086 6619 3466 1332
5 2357 5506 2359 1333
5 3252 3258 3253 1334
5 3532 4082 4081 1335
5 10 5261 2027 1336
5 4887 7008 6913 1337
5 12 5274 1994 1338
5 5474 7255 5039 1339
5 5335 7286 6815 1340
5 6675 6911 5516 1341
5 3356 5320 3357 1342
5 3179 6622 3445 1343
5 3208 5237 3506 1344
5 138 5304 1976 1345
5 5296 5311 5275 1346
5 3411 5008 3387 1347
5 5117 6630 4582 1348
5 183 5281 182 1349
5 5133 6554 5299 1350
5 3397 3398 3395 1351
5 3739 6677 4773 1352
5 4797 5476 4081 1353
5 6748 6931 4630 1354
5 2028 5281 183 1355
5 7168 7416 4924 1356
5 3485 7295 6721 1357
5 3419 3853 3553 1358
5 6100 6594 3265 1359
5 60 5273 59 1360
5 6075 7213 4173 1361
5 5265 7499 3332 1362
5 4210 7014 7013 1363
5 3437 4065 3552 1364
5 4267 5458 5075 1365
5 5040 5458 4269 1366
5 4912 7133 6750 1367
5 5039 7255 5038 1368
5 3852 5226 4583 1369
5 5271 7290 6233 1370
5 2415 7339 5227 1371
5 4257 5578 4255 1372
5 6598 7156 4915 1373
5 3480 7259 3194 1374
5 3531 3871 3439 1375
5 3353 3356 3355 1376
5 5049 5050 5047 1377
5 114 5449 1963 1378
5 4904 6999 5033 1379
5 4982 7446 3192 1380
5 4756 5016 4757 1381
5 4984 7488 3200 1382
5 5081 5142 18 1383
5 3452 7078 5116 1384
5 5047 5380 5045 1385
5 2855 2858 2857 1386
5 4534 5500 5197 1387
5 4082 4942 4796 1388
5 4852 6954 6953 1389
5 4289 5279 5105 1390
5 27 7468 5083 1391
5 3246 3248 3247 1392
5 5314 6920 4141 1393
5 188 5337 187 1394
5 6698 6882 4740 1395
5 2020 5579 5486 1396
5 5364 5365 4154 1397
5 116 5454 2021 1398
5 2331 5107 3916 1399
5 6689 7018 4226 1400
5 1996 5262 177 1401
5 167 5240 2007 1402
5 1938 5245 164 1403
5 1944 5239 144 1404
5 165 5249 1938 1405
5 148 5071 1979 1406
5 3227 4981 3507 1407
5 5182 5185 5181 1408
5 6740 7150 4822 1409
5 3487 6566 3886 1410
5 3242 6692 3239 1411
5 1945 5250 54 1412
5 6925 7281 2005 1413
5 6938 7321 5307 1414
5 3244 3246 3245 1415
5 1988 5081 19 1416
5 44 5253 1983 1417
5 1943 5256 47 1418
5 1936 5251 26 1419
5 39 5252 2010 1420
5 2010 5255 38 1421
5 118 5485 1964 1422
5 2033 4743 2034 1423
5 2728 5258 2734 1424
5 2734 3940 3482 1425
5 6643 7043 4800 1426
5 3397 6635 3434 1427
5 1953 7243 7054 1428
5 5150 6625 5151 1429
5 3233 5472 3236 1430
5 5388 7154 4762 1431
5 3896 5364 4154 1432
5 13 5274 12 1433
5 5577 5580 1965 1434
5 2014 5233 24 1435
5 4983 5400 5398 1436
5 5127 5466 5435 1437
5 3332 3431 3336 1438
5 3382 3383 3381 1439
5 5437 7450 4611 1440
5 5573 6542 2019 1441
5 4521 5527 4519 1442
5 5427 6616 5268 1443
5 3260 3350 3344 1444
5 6516 6923 4187 1445
5 4461 5389 4437 1446
5 5258 5260 5259 1447
5 1985 5238 30 1448
5 5575 5578 2018 1449
5 5185 7240 5434 1450
5 5213 7462 4293 1451
5 3357 5320 3360 1452
5 5574 5576 1967 1453
5 3937 7163 5291 1454
5 4328 6779 5260 1455
5 3932 3934 3933 1456
5 5324 6991 4549 1457
5 4962 7270 6108 1458
5 5693 6868 6719 1459
5 5138 7108 5136 1460
5 3399 5276 3391 1461
5 6960 7233 5440 1462
5 2684 5553 5412 1463
5 3432 5312 4576 1464
5 3455 6845 5467 1465
5 2438 6591 3402 1466
5 6108 7478 6693 1467
5 3180 5402 3164 1468
5 6610 6804 5188 1469
5 4705 7056 5090 1470
5 5119 7502 7169 1471
5 3396 6931 6748 1472
5 5496 7048 3938 1473
5 5443 6941 3489 1474
5 2658 5385 5384 1475
5 41 5465 1941 1476
5 6546 6797 4990 1477
5 2339 5223 2330 1478
5 3139 5272 3137 1479
5 3132 5425 3130 1480
5 5039 7122 5474 1481
5 5359 5361 5360 1482
5 5440 6962 5288 1483
5 5033 6999 6791 1484
5 3506 4953 4952 1485
5 56 5270 55 1486
5 2337 6923 6516 1487
5 5412 5553 5356 1488
5 5018 6908 6545 1489
5 7183 7424 5507 1490
5 4921 5341 3936 1491
5 6768 6897 5474 1492
5 5359 5363 5362 1493
5 5001 5318 5032 1494
5 5475 7441 3972 1495
5 5325 7141 5096 1496
5 6730 7298 7108 1497
5 5090 7055 3079 1498
5 5283 5284 5282 1499
5 3416 3845 3417 1500
5 6875 7154 5587 1501
5 7075 7144 2360 1502
5 5336 7368 5162 1503
5 5225 5230 4574 1504
5 5118 6955 6630 1505
5 3259 5289 3260 1506
5 5122 7454 4803 1507
5 2440 5419 3313 1508
5 4979 7443 7307 1509
5 7032 7157 6189 1510
5 5401 6987 5397 1511
5 5194 7219 4626 1512
5 4607 7037 5195 1513
5 4599 7346 5114 1514
5 4881 7345 5278 1515
5 2005 7436 7003 1516
5 5029 7204 7140 1517
5 4753 4756 4755 1518
5 5202 7354 6540 1519
5 6789 6971 6285 1520
5 3255 3259 3257 1521
5 4802 4803 4279 1522
5 4263 5486 5106 1523
5 5075 5486 4265 1524
5 5001 5367 5318 1525
5 3372 3373 3371 1526
5 4625 5228 4135 1527
5 3848 5089 2849 1528
5 4928 7430 4927 1529
5 2625 7411 5385 1530
5 7010 7073 5505 1531
5 2647 7083 6755 1532
5 2906 6851 5263 1533
5 4888 5349 3958 1534
5 3505 5403 4162 1535
5 5440 7449 6960 1536
5 3153 3530 3151 1537
5 5507 7424 5319 1538
5 2418 5506 5316 1539
5 5329 7099 6687 1540
5 5466 7408 5435 1541
5 3332 7499 3431 1542
5 4836 6505 4835 1543
5 3313 3316 3315 1544
5 5180 5181 5178 1545
5 5354 7483 5112 1546
5 3872 6926 4804 1547
5 5347 6559 4599 1548
5 3075 3527 3085 1549
5 3492 5265 3330 1550
5 3933 5294 3440 1551
5 5351 7384 3229 1552
5 4517 5529 4515 1553
5 4530 6856 5338 1554
5 3178 6566 3487 1555
5 5342 5343 4968 1556
5 5380 6692 3242 1557
5 3330 5265 3332 1558
5 5229 7150 4893 1559
5 2891 6730 5221 1560
5 5251 7317 6654 1561
5 5294 6876 4763 1562
5 4905 4915 4914 1563
5 1944 7479 6783 1564
5 6683 7045 4662 1565
5 6586 7060 3869 1566
5 159 7496 158 1567
5 2768 5417 2770 1568
5 5190 5389 5191 1569
5 4926 7168 4924 1570
5 7025 7135 5297 1571
5 2800 6793 4283 1572
5 4705 6936 4707 1573
5 3249 3252 3251 1574
5 6660 7229 5215 1575
5 3406 5336 3145 1576
5 5382 5468 5272 1577
5 2770 5417 2774 1578
5 18 5142 17 1579
5 1983 5334 43 1580
5 5187 5189 672 1581
5 4439 5389 4455 1582
5 14 6684 2004 1583
5 3253 5309 3255 1584
5 3320 3322 3321 1585
5 6622 6976 3401 1586
5 3157 3309 3155 1587
5 4082 6597 4942 1588
5 3859 6742 4581 1589
5 5308 7454 1978 1590
5 6136 7391 6137 1591
5 5311 7227 3488 1592
5 5262 6887 4621 1593
5 7131 7195 5008 1594
5 6819 6929 6905 1595
5 91 7245 5111 1596
5 7108 7463 5136 1597
5 5329 7228 3049 1598
5 5315 6610 5188 1599
5 3366 3367 3365 1600
5 3556 7311 7113 1601
5 4625 7172 5228 1602
5 3907 5455 4053 1603
5 6923 7107 4187 1604
5 4253 5576 4251 1605
5 4866 7353 7337 1606
5 12 1994 11 1607
5 7160 7231 2366 1608
5 5285 5287 5284 1609
5 1995 7127 6678 1610
5 4513 5531 4511 1611
5 141 1947 140 1612
5 180 2005 179 1613
5 4059 7353 4866 1614
5 3955 6626 4141 1615
5 182 1993 181 1616
5 6894 7165 5006 1617
5 156 7089 155 1618
5 143 2008 142 1619
5 150 2009 149 1620
5 161 1981 160 1621
5 172 1955 171 1622
5 145 1944 144 1623
5 152 1942 151 1624
5 175 1989 174 1625
5 178 1996 177 1626
5 148 1979 147 1627
5 155 1980 154 1628
5 158 1940 157 1629
5 163 2006 162 1630
5 165 1938 164 1631
5 167 2007 166 1632
5 169 1937 168 1633
5 55 1945 54 1634
5 2411 7502 7349 1635
5 4768 6984 5214 1636
5 14 2004 13 1637
5 4162 5403 4949 1638
5 4762 6875 6811 1639
5 5194 7037 4605 1640
5 3508 4986 4985 1641
5 5514 7181 7120 1642
5 4107 5369 5368 1643
5 44 1983 43 1644
5 29 2013 28 1645
5 31 1985 30 1646
5 34 1939 33 1647
5 37 1984 36 1648
5 46 2012 45 1649
5 53 2011 52 1650
5 48 1943 47 1651
5 51 1982 50 1652
5 23 1950 22 1653
5 25 2014 24 1654
5 20 1988 19 1655
5 27 1936 26 1656
5 17 1995 16 1657
5 39 2010 38 1658
5 41 1941 40 1659
5 3405 5098 3361 1660
5 5474 6897 5473 1661
5 189 1990 188 1662
5 5348 5420 4925 1663
5 4637 6727 3503 1664
5 4913 5997 5996 1665
5 1973 5497 5154 1666
5 1977 5484 4744 1667
5 3248 5146 3249 1668
5 3079 5121 2853 1669
5 2847 5422 3848 1670
5 6664 7178 2335 1671
5 198 1991 197 1672
5 5428 6617 4188 1673
5 4743 5460 2034 1674
5 3232 5472 3233 1675
5 3230 3232 3231 1676
5 1938 7335 5247 1677
5 4744 5484 5330 1678
5 3227 3230 3228 1679
5 57 2003 56 1680
5 6859 7098 4933 1681
5 42 5465 41 1682
5 2440 7495 5419 1683
5 5058 7404 4982 1684
5 4509 5533 4507 1685
5 2434 4178 2436 1686
5 5065 5410 2660 1687
5 5391 5461 136 1688
5 3460 6792 4127 1689
5 1951 7102 5318 1690
5 3241 3244 3243 1691
5 3437 5411 4065 1692
5 4065 5355 3552 1693
5 4761 5469 3835 1694
5 3225 3227 3226 1695
5 5234 5235 3172 1696
5 3326 7038 3328 1697
5 4977 7403 4976 1698
5 3317 3320 3319 1699
5 4259 5580 5134 1700
5 5106 5580 4261 1701
5 139 5304 138 1702
5 4505 5535 4503 1703
5 4949 7377 5467 1704
5 5182 6554 5185 1705
5 2774 5417 4570 1706
5 4789 7208 5441 1707
5 4994 4995 4803 1708
5 7254 7331 1971 1709
5 5052 7356 5050 1710
5 6722 6796 5290 1711
5 3937 6796 5303 1712
5 3145 5336 3143 1713
5 4605 7219 5194 1714
5 5324 7220 6991 1715
5 6006 6750 2664 1716
5 3141 3181 3139 1717
5 6730 7108 5221 1718
5 4110 6772 4822 1719
5 4501 5537 4499 1720
5 3137 3169 3132 1721
5 2438 3402 2440 1722
5 2892 6100 2894 1723
5 5079 5477 4525 1724
5 6516 7442 2337 1725
5 4497 5539 4495 1726
5 5050 5380 5047 1727
5 4587 7187 6935 1728
5 5252 6757 2010 1729
5 184 2028 183 1730
5 7251 7331 4997 1731
5 4493 5541 4491 1732
5 4489 5543 4487 1733
5 2330 6736 2327 1734
5 10 2027 9 1735
5 3360 3361 3359 1736
5 5304 6673 1976 1737
5 181 7505 5424 1738
5 5293 6728 2450 1739
5 3900 3907 3901 1740
5 161 5328 1981 1741
5 5434 7093 5181 1742
5 4760 6771 6540 1743
5 2035 7462 5166 1744
5 138 1976 137 1745
5 5300 6922 2663 1746
5 3320 5141 3446 1747
5 3322 3324 3323 1748
5 187 5337 2032 1749
5 4999 7251 4997 1750
5 3173 3174 3172 1751
5 5345 6926 3872 1752
5 3898 3900 3899 1753
5 5387 5482 3308 1754
5 3852 4582 3865 1755
5 4207 6559 4533 1756
5 4059 7365 7353 1757
5 4637 7312 5218 1758
5 5364 6643 5365 1759
5 6531 7365 4059 1760
5 3546 5445 3202 1761
5 5384 5386 2658 1762
5 3268 7116 5222 1763
5 4988 6632 4987 1764
5 5051 5053 5052 1765
5 3310 5506 2357 1766
5 3920 3922 3921 1767
5 5220 7130 4976 1768
5 3530 6782 6763 1769
5 192 1997 191 1770
5 3270 5845 5373 1771
5 3501 7026 4637 1772
5 4415 6617 5558 1773
5 2224 5846 2228 1774
5 3270 5846 2222 1775
5 3237 3240 3239 1776
5 1948 5407 582 1777
5 1692 5192 1946 1778
5 612 5407 5196 1779
5 1632 5196 1962 1780
5 1812 5195 1954 1781
5 1968 5434 1722 1782
5 912 5200 1968 1783
5 462 5201 1934 1784
5 1392 5376 5200 1785
5 1452 5497 1973 1786
5 1542 5484 1977 1787
5 342 5441 1933 1788
5 1975 5376 852 1789
5 4930 5766 5765 1790
5 2786 6745 3444 1791
5 3218 3221 3219 1792
5 4953 4954 4952 1793
5 3216 3218 3217 1794
5 1182 5168 1975 1795
5 3214 3216 3215 1796
5 3212 3214 3213 1797
5 3434 3817 3816 1798
5 2774 4570 2781 1799
5 5469 6200 3833 1800
5 3210 3212 3211 1801
5 4866 7337 5433 1802
5 3960 6988 6677 1803
5 2411 7349 6707 1804
5 6575 7414 6644 1805
5 3826 7267 7019 1806
5 3234 6715 5408 1807
5 5479 6557 2418 1808
5 4533 6559 5452 1809
5 5307 7321 5306 1810
5 195 1998 194 1811
5 6744 6809 6106 1812
5 1993 7505 181 1813
5 4183 7114 6665 1814
5 3208 3210 3209 1815
5 3444 4200 4134 1816
5 6619 6996 3458 1817
5 4154 5365 5298 1818
5 3905 5379 5031 1819
5 59 1949 58 1820
5 5394 6741 5115 1821
5 4523 5477 5036 1822
5 2858 2859 2857 1823
5 4568 4936 4292 1824
5 5261 7166 4652 1825
5 5338 7406 3526 1826
5 3835 5469 3833 1827
5 3462 6631 2797 1828
5 5433 7329 4866 1829
5 3514 7092 7029 1830
5 1991 6842 197 1831
5 5154 5497 5158 1832
5 5162 7368 5161 1833
5 4949 5125 5124 1834
5 6918 6920 5314 1835
5 6926 7476 4804 1836
5 3888 3890 3889 1837
5 4574 7481 3885 1838
5 5285 7253 5337 1839
5 1212 5152 372 1840
5 1662 5149 312 1841
5 1362 2033 282 1842
5 4102 4558 3534 1843
5 5226 7216 4926 1844
5 1872 5166 1332 1845
5 1902 5150 1242 1846
5 492 5406 522 1847
5 402 5202 432 1848
5 1002 5203 1032 1849
5 822 5488 642 1850
5 5144 7076 6783 1851
5 1572 5193 792 1852
5 1122 5198 1272 1853
5 1602 5327 1422 1854
5 1932 5187 672 1855
5 3171 3172 3161 1856
5 6786 6828 4734 1857
5 6839 6870 6711 1858
5 3356 3357 3355 1859
5 5049 5051 5050 1860
5 4125 4216 4215 1861
5 2354 7386 5230 1862
5 3895 6956 6955 1863
5 5421 7117 6677 1864
5 3233 3236 3235 1865
5 4997 7331 5123 1866
5 4884 7341 6814 1867
5 3075 3085 3076 1868
5 5320 6843 4104 1869
5 1994 7166 5261 1870
5 5373 5846 3270 1871
5 5421 6988 4925 1872
5 5275 6585 5274 1873
5 4602 6992 6823 1874
5 5393 6866 1989 1875
5 6625 7284 5151 1876
5 6861 6888 6726 1877
5 4996 4997 4995 1878
5 4082 7247 6597 1879
5 5317 6708 2885 1880
5 2237 7315 7116 1881
5 6630 6955 4566 1882
5 4707 6844 6220 1883
5 3202 3204 3203 1884
5 4255 5578 5210 1885
5 5439 7188 4170 1886
5 3200 3202 3201 1887
5 1936 5083 5082 1888
5 5134 5578 4257 1889
5 3055 6849 5321 1890
5 3198 3200 3199 1891
5 3196 3198 3197 1892
5 3194 3196 3195 1893
5 6749 6989 4182 1894
5 3192 3194 3193 1895
5 3190 3192 3191 1896
5 3938 6986 5496 1897
5 5102 7151 4617 1898
5 4124 4481 4480 1899
5 190 7215 5084 1900
5 3834 6601 3838 1901
5 5524 7231 7160 1902
5 3431 3432 3336 1903
5 3480 7446 4983 1904
5 4162 4949 4948 1905
5 3237 6656 3240 1906
5 4872 7357 3959 1907
5 3188 3190 3189 1908
5 4876 7061 4874 1909
5 2361 6557 2363 1910
5 3873 6535 4943 1911
5 4644 6639 6532 1912
5 6801 7059 4823 1913
5 4950 7494 4951 1914
5 4117 4124 4118 1915
5 3177 3178 3174 1916
5 6534 7049 3482 1917
5 2028 5350 5283 1918
5 3415 7094 5332 1919
5 4249 6542 4247 1920
5 5408 7401 3234 1921
5 3945 4146 3533 1922
5 4917 7498 5146 1923
5 193 5375 192 1924
5 3324 3326 3325 1925
5 3853 4179 3553 1926
5 2359 5506 2418 1927
5 5079 7455 5452 1928
5 6550 7364 7220 1929
5 3946 7463 5137 1930
5 4542 7141 5325 1931
5 7078 7139 5116 1932
5 3313 5419 3316 1933
5 5365 7313 4295 1934
5 4141 6626 5438 1935
5 1940 6774 157 1936
5 5036 5527 4521 1937
5 4986 4987 4985 1938
5 6707 7349 3400 1939
5 5218 6822 4637 1940
5 3333 6798 5403 1941
5 4209 6682 6648 1942
5 4519 5527 5066 1943
5 3222 3225 3224 1944
5 6691 7269 5045 1945
5 5042 6951 5323 1946
5 5050 7356 6692 1947
5 3350 3351 3344 1948
5 2609 5410 2607 1949
5 5116 7266 3184 1950
5 5225 6747 2354 1951
5 5482 6543 3308 1952
5 5693 6719 2090 1953
5 5057 5351 5055 1954
5 5053 5408 5052 1955
5 5206 6999 4904 1956
5 5301 6816 5302 1957
5 5432 6543 5482 1958
5 5037 7421 7149 1959
5 5209 6550 4180 1960
5 4603 5379 3905 1961
5 4607 5025 4646 1962
5 175 5393 1989 1963
5 168 5240 167 1964
5 177 5262 176 1965
5 164 5245 163 1966
5 149 5071 148 1967
5 166 5249 165 1968
5 144 5239 143 1969
5 5316 5506 5319 1970
5 54 5250 53 1971
5 4810 4812 4811 1972
5 4288 4289 4287 1973
5 5286 7449 5282 1974
5 3342 5480 3550 1975
5 3934 4074 3933 1976
5 19 5081 18 1977
5 40 5252 39 1978
5 26 5251 25 1979
5 45 5253 44 1980
5 47 5256 46 1981
5 38 5255 37 1982
5 4286 4287 4285 1983
5 4887 6913 4624 1984
5 4767 6712 4294 1985
5 5361 7402 6653 1986
5 3182 3184 3183 1987
5 3175 3182 3176 1988
5 2855 2857 2856 1989
5 1978 7454 6990 1990
5 3167 3175 3168 1991
5 2853 2855 2854 1992
5 2851 2853 2852 1993
5 24 5233 23 1994
5 2849 2851 2850 1995
5 3361 5098 3363 1996
5 4763 7046 5294 1997
5 3545 5335 3544 1998
5 4835 6505 4933 1999
5 6504 6505 4836 2000
5 200 2031 199 2001
5 3448 6871 6814 2002
5 30 5238 29 2003
5 6654 7317 5070 2004
5 4284 4285 4225 2005
5 3225 7426 5220 2006
5 5404 6911 6817 2007
5 5214 7229 6056 2008
5 3165 3167 3166 2009
5 2847 2849 2848 2010
5 178 5374 1996 2011
5 5114 6945 5013 2012
5 3130 6525 3127 2013
5 4215 4585 3258 2014
5 6856 7406 5338 2015
5 5125 5127 5126 2016
5 4645 6639 4644 2017
5 4588 5429 5263 2018
5 169 7397 6761 2019
5 5398 6578 4983 2020
5 3935 5113 4813 2021
5 5066 5529 4517 2022
5 4746 5330 4749 2023
5 3780 4103 3782 2024
5 2431 7073 7010 2025
5 3659 4210 3662 2026
5 4515 5529 5073 2027
5 3829 3898 3897 2028
5 5321 7011 3055 2029
5 7120 7181 2420 2030
5 4983 7446 4982 2031
5 3744 5358 3746 2032
5 3838 5366 3840 2033
5 3803 3852 3850 2034
5 3859 4581 4094 2035
5 3746 4100 3896 2036
5 3840 4093 3843 2037
5 5423 5449 5026 2038
5 2014 6654 5339 2039
5 1933 7354 5202 2040
5 1996 6903 6613 2041
5 5325 7308 4542 2042
5 3078 4762 3082 2043
5 5162 7306 5336 2044
5 3539 5518 3814 2045
5 2660 5410 2609 2046
5 5188 6804 5333 2047
5 4756 4757 4755 2048
5 4761 7157 7032 2049
5 5435 7408 6862 2050
5 4998 4999 4997 2051
5 5547 7144 7075 2052
5 3205 3208 3207 2053
5 4290 4556 4289 2054
5 3504 4169 3945 2055
5 6745 6746 4200 2056
5 4758 7370 7086 2057
5 7093 7242 5176 2058
5 5318 7102 5032 2059
5 6498 7201 4938 2060
5 3466 6619 3927 2061
5 5073 5531 4513 2062
5 5191 5203 1935 2063
5 3829 7020 3898 2064
5 4511 5531 5077 2065
5 4251 5576 5224 2066
5 3308 6557 5387 2067
5 3196 5483 3508 2068
5 5210 5576 4253 2069
5 6732 6832 1997 2070
5 4800 6762 3450 2071
5 4215 5303 4585 2072
5 3972 7441 6892 2073
5 3169 5468 5426 2074
5 3419 4104 3853 2075
5 5195 7037 1954 2076
5 3158 7277 5279 2077
5 3259 3260 3257 2078
5 5494 5496 5495 2079
5 43 5334 42 2080
5 3027 5421 5420 2081
5 3445 6622 4099 2082
5 5180 5182 5181 2083
5 3316 3317 3315 2084
5 6620 6800 4806 2085
5 3417 5146 3248 2086
5 5077 5533 4509 2087
5 4507 5533 5085 2088
5 5178 7093 5176 2089
5 5197 7162 4534 2090
5 6648 6682 4793 2091
5 3051 3075 3066 2092
5 3140 3141 3139 2093
5 3142 3143 3141 2094
5 3144 3145 3143 2095
5 3138 3139 3137 2096
5 5257 5846 5373 2097
5 3133 3137 3132 2098
5 5558 6617 5428 2099
5 5085 5535 4505 2100
5 4503 5535 5088 2101
5 5645 7300 5058 2102
5 6161 7161 4227 2103
5 7116 7315 5222 2104
5 3527 3528 3085 2105
5 3863 4802 4279 2106
5 5088 5537 4501 2107
5 4499 5537 5092 2108
5 15 7289 14 2109
5 2427 6543 5432 2110
5 3446 6633 5062 2111
5 6693 7494 4962 2112
5 2894 6100 3265 2113
5 3073 6100 2892 2114
5 3326 3328 3327 2115
5 3131 3132 3130 2116
5 2028 5283 5282 2117
5 5092 5539 4497 2118
5 4495 5539 5095 2119
5 4491 5541 5097 2120
5 2400 5521 2398 2121
5 5095 5541 4493 2122
5 3838 6601 5366 2123
5 3530 6763 3151 2124
5 4487 5543 5104 2125
5 1782 6818 822 2126
5 5097 5543 4489 2127
5 3964 7504 5277 2128
5 6815 7286 4944 2129
5 1945 6661 5250 2130
5 4740 6882 4741 2131
5 6269 7096 3281 2132
5 4808 6211 3773 2133
5 5205 5207 5206 2134
5 5453 5477 5079 2135
5 5127 5435 5129 2136
5 4065 5411 5356 2137
5 5644 6944 5643 2138
5 4104 4105 3853 2139
5 3147 3406 3145 2140
5 5472 7234 4839 2141
5 3049 7196 5329 2142
5 3147 6668 3406 2143
5 62 5451 1986 2144
5 6681 7407 6680 2145
5 4805 5588 3653 2146
5 3054 5427 3046 2147
5 3046 5427 3048 2148
5 3932 4908 3934 2149
5 4282 6783 4280 2150
5 3435 3437 3436 2151
5 162 5328 161 2152
5 3075 5268 3527 2153
5 5432 5499 2427 2154
5 5501 6749 3878 2155
5 3955 3956 3954 2156
5 3957 3961 3956 2157
5 3962 4056 3961 2158
5 4057 4126 4056 2159
5 3953 3954 3952 2160
5 4294 4589 4126 2161
5 5164 7491 5165 2162
5 3185 3188 3187 2163
5 4814 7099 5329 2164
5 4597 4766 3831 2165
5 3817 4096 3816 2166
5 6800 6801 4485 2167
5 4733 7079 4947 2168
5 4187 7107 6592 2169
5 7079 7084 4947 2170
5 3910 5115 3912 2171
5 3951 3952 3950 2172
5 2800 4283 3342 2173
5 4110 4822 4112 2174
5 4081 5476 3531 2175
5 4114 4117 4116 2176
5 3118 5508 3348 2177
5 4531 6963 5377 2178
5 2782 6790 2787 2179
5 5186 7119 3530 2180
5 5125 5466 5127 2181
5 4960 5445 5444 2182
5 5644 6789 6285 2183
5 4534 5076 4172 2184
5 5184 6668 5174 2185
5 6667 6835 5161 2186
5 5452 6559 1986 2187
5 1949 7184 58 2188
5 3246 6600 3416 2189
5 3845 3847 3417 2190
5 6793 7148 4283 2191
5 3550 5480 4662 2192
5 3252 3253 3251 2193
5 5165 7491 6663 2194
5 1978 6990 1062 2195
5 3437 3552 3438 2196
5 187 2032 186 2197
5 3550 4662 3942 2198
5 4970 6776 5357 2199
5 5444 5445 3546 2200
5 3212 7474 3511 2201
5 6848 7007 5280 2202
5 5223 7350 6736 2203
5 4456 4626 4457 2204
5 7002 7027 2415 2205
5 4777 4789 4450 2206
5 2418 6557 2361 2207
5 5055 5409 5053 2208
5 4965 4967 4966 2209
5 6733 6734 4889 2210
5 3497 4107 3495 2211
5 5367 7017 4757 2212
5 3933 6876 5294 2213
5 5451 5452 1986 2214
5 3200 7488 3546 2215
5 4987 6632 4990 2216
5 3192 7446 3480 2217
5 3916 5475 3972 2218
5 3511 7474 4951 2219
5 3922 3974 3921 2220
5 5383 5436 4623 2221
5 6742 7035 4581 2222
5 5000 5001 4999 2223
5 6723 6918 5314 2224
5 5324 7388 4765 2225
5 5450 5454 5040 2226
5 5146 7393 4917 2227
5 3927 4810 4809 2228
5 4848 6126 3818 2229
5 4849 6266 3820 2230
5 3003 7470 5295 2231
5 3416 3846 3845 2232
5 5387 6557 5479 2233
5 5196 5197 1962 2234
5 5192 5315 1946 2235
5 5244 6726 5243 2236
5 5168 5169 1975 2237
5 3890 3943 3889 2238
5 4622 7097 5233 2239
5 3406 7368 5336 2240
5 3905 5031 3349 2241
5 4530 5338 4531 2242
5 3513 3544 3180 2243
5 3248 3249 3247 2244
5 4247 6542 5232 2245
5 3873 4943 4163 2246
5 2844 2847 2846 2247
5 3927 6619 4810 2248
5 5499 6538 2427 2249
5 3558 7041 5404 2250
5 5224 6542 4249 2251
5 7379 7479 146 2252
5 3181 5272 3139 2253
5 4188 6617 6532 2254
5 6693 7452 4951 2255
5 4099 4940 4939 2256
5 4224 4225 4222 2257
5 176 5393 175 2258
5 4548 4618 3958 2259
5 4640 4920 3936 2260
5 3246 3247 3245 2261
5 6532 6617 4644 2262
5 4742 7303 5238 2263
5 3136 3165 3163 2264
5 5121 7055 6913 2265
5 3169 5425 3132 2266
5 5127 5129 5128 2267
5 4281 4530 4282 2268
5 5283 5285 5284 2269
5 6269 7202 7096 2270
5 5470 6538 5499 2271
5 5553 6128 4698 2272
5 5203 7121 5441 2273
5 179 5374 178 2274
5 4791 5589 3794 2275
5 2363 6557 3308 2276
5 1989 5431 174 2277
5 3928 3929 3467 2278
5 5356 5553 5292 2279
5 184 5350 2028 2280
5 1953 7054 1152 2281
5 5204 6889 1947 2282
5 3831 5462 3562 2283
5 4099 6622 4940 2284
5 5375 6732 1997 2285
5 5359 5360 4100 2286
5 3777 6629 3775 2287
5 4690 7300 5645 2288
5 3562 5462 4005 2289
5 2499 6987 5401 2290
5 3383 3385 3384 2291
5 62 1986 61 2292
5 1998 7052 5231 2293
5 6566 6567 3886 2294
5 4063 4795 4794 2295
5 3798 6650 3796 2296
5 5276 7492 4615 2297
5 2659 6694 6506 2298
5 1482 7065 5195 2299
5 1974 7065 702 2300
5 3741 6677 3739 2301
5 1976 5392 5391 2302
5 1956 5545 5544 2303
5 5481 7437 2654 2304
5 2415 7027 6679 2305
5 4766 5462 3831 2306
5 5006 7482 6894 2307
5 2431 5456 2356 2308
5 2654 7472 5481 2309
5 4610 5518 3539 2310
5 3814 5518 3919 2311
5 9 5340 8 2312
5 7107 7287 6592 2313
5 6502 7195 4784 2314
5 2663 7333 5301 2315
5 3129 3130 3127 2316
5 6944 7070 5643 2317
5 4055 7250 7006 2318
5 6668 6763 5174 2319
5 3328 3330 3329 2320
5 5218 7312 4214 2321
5 2859 2861 2860 2322
5 3930 4135 3929 2323
5 4552 5416 5415 2324
5 152 5446 1942 2325
5 6620 6674 49 2326
5 5396 6632 4988 2327
5 5057 5352 5351 2328
5 5222 7371 3268 2329
5 5442 6662 2041 2330
5 5287 6646 6645 2331
5 4960 5471 5445 2332
5 2859 2896 2861 2333
5 3929 7142 3467 2334
5 5478 5527 5036 2335
5 4220 6714 4218 2336
5 3244 3245 3243 2337
5 5903 7273 4845 2338
5 5287 7226 6646 2339
5 5101 6669 5100 2340
5 3535 6748 4281 2341
5 5528 5529 5066 2342
5 3118 3348 3125 2343
5 6878 6941 5443 2344
5 4605 4607 4606 2345
5 4778 4779 4777 2346
5 3242 6691 5380 2347
5 3385 3387 3386 2348
5 5530 5531 5073 2349
5 4656 7288 6963 2350
5 2422 5521 2400 2351
5 3320 3321 3319 2352
5 5532 5533 5077 2353
5 2799 3462 2797 2354
5 3387 3389 3388 2355
5 2398 5521 2445 2356
5 3389 3391 3390 2357
5 5534 5535 5085 2358
5 3391 3393 3392 2359
5 1980 5459 154 2360
5 3393 3395 3394 2361
5 7129 7485 1991 2362
5 2027 5340 9 2363
5 5536 5537 5088 2364
5 3402 7495 2440 2365
5 5249 6696 1938 2366
5 2038 5442 2041 2367
5 5145 7343 1980 2368
5 5412 6686 2684 2369
5 5538 5539 5092 2370
5 4644 6617 4415 2371
5 1963 5449 5423 2372
5 942 7103 1972 2373
5 5470 5510 3307 2374
5 1302 7102 1951 2375
5 5438 5439 2012 2376
5 6285 6944 5644 2377
5 5540 5541 5095 2378
5 3348 7025 5297 2379
5 4907 7324 4906 2380
5 5542 5543 5097 2381
5 3307 6538 5470 2382
5 4810 6902 4812 2383
5 4773 5591 3737 2384
5 3546 7488 5038 2385
5 3054 5428 5427 2386
5 5253 7189 5254 2387
5 97 7088 5371 2388
5 2720 7355 7147 2389
5 4905 4914 4144 2390
5 4732 7266 7139 2391
5 5187 5333 5189 2392
5 5275 7060 6585 2393
5 2768 6649 5417 2394
5 4597 4919 4766 2395
5 181 5424 180 2396
5 174 5431 173 2397
5 5996 5997 3273 2398
5 5247 6812 5248 2399
5 4953 4955 4954 2400
5 4954 4962 4952 2401
5 6558 6618 4293 2402
5 180 5424 2005 2403
5 5476 7159 3871 2404
5 3655 4805 3653 2405
5 3270 5847 5845 2406
5 32 7432 7423 2407
5 5323 7352 2645 2408
5 3866 6699 6649 2409
5 4952 7494 4950 2410
5 2321 6082 4793 2411
5 153 5446 152 2412
5 3775 4808 3773 2413
5 3949 3950 3947 2414
5 5462 5463 4005 2415
5 4629 6744 6106 2416
5 3527 3529 3528 2417
5 5287 6645 5284 2418
5 2031 7129 199 2419
5 4125 4917 4216 2420
5 6746 7172 4625 2421
5 6935 7187 5302 2422
5 2021 5454 5450 2423
5 2412 2434 2417 2424
5 5464 6507 4760 2425
5 3846 3883 3845 2426
5 2861 2863 2862 2427
5 4568 6290 5457 2428
5 4916 7349 5119 2429
5 5343 5560 4968 2430
5 7026 7312 4637 2431
5 154 5459 153 2432
5 5410 6609 2607 2433
5 3222 7426 3225 2434
5 3272 7290 5271 2435
5 4526 5479 5316 2436
5 3373 3375 3374 2437
5 4929 7273 5903 2438
5 6951 7352 5323 2439
5 198 7129 1991 2440
5 7232 7237 2923 2441
5 1998 7297 194 2442
5 2778 5552 2769 2443
5 3945 4901 4146 2444
5 4146 4155 3533 2445
5 5510 6526 3307 2446
5 4179 4642 3553 2447
5 185 5350 184 2448
5 2041 6662 2043 2449
5 4802 4994 4803 2450
5 5487 6526 5510 2451
5 5292 5553 4698 2452
5 2684 6128 5553 2453
5 5504 5550 3931 2454
5 4206 6634 5412 2455
5 4987 4989 4985 2456
5 4986 4988 4987 2457
5 3528 3549 3085 2458
5 4524 5479 4526 2459
5 5243 6886 5242 2460
5 4526 5080 5078 2461
5 4951 7474 4950 2462
5 5311 7448 7227 2463
5 4281 7366 4611 2464
5 3960 6677 3741 2465
5 3971 5404 4590 2466
5 3934 4587 4074 2467
5 1997 7215 191 2468
5 3181 5382 5272 2469
5 1964 5485 5458 2470
5 5458 5485 5075 2471
5 3169 5426 5425 2472
5 3959 6650 3798 2473
5 63 5451 62 2474
5 5369 7180 5480 2475
5 6008 7083 2647 2476
5 3297 6612 6611 2477
5 3240 3241 3239 2478
5 4526 5078 4525 2479
5 3857 4848 3818 2480
5 3822 4849 3820 2481
5 151 6536 150 2482
5 36 7490 35 2483
5 1092 7240 1953 2484
5 5434 7240 882 2485
5 3796 4791 3794 2486
5 4590 5505 4230 2487
5 135 5461 1952 2488
5 3946 6629 3777 2489
5 4066 5571 2793 2490
5 2441 5504 3337 2491
5 2681 6603 6602 2492
5 4744 5330 4746 2493
5 1842 7254 1971 2494
5 5063 7176 5065 2495
5 4524 4526 4525 2496
5 3375 3377 3376 2497
5 6772 7072 4822 2498
5 2863 2866 2864 2499
5 6813 7458 5248 2500
5 2980 6880 6601 2501
5 5316 5319 5080 2502
5 2057 6561 5570 2503
5 5903 7385 4929 2504
5 3377 3379 3378 2505
5 4597 6534 4919 2506
5 3379 3381 3380 2507
5 4522 5482 5387 2508
5 2428 6526 5487 2509
5 7279 7471 7262 2510
5 3322 3323 3321 2511
5 4104 4106 4105 2512
5 5141 6934 3446 2513
5 1976 5391 137 2514
5 5665 7087 2833 2515
5 3337 5504 3931 2516
5 4802 7499 5265 2517
5 136 5461 135 2518
5 195 7272 1998 2519
5 2217 5847 2220 2520
5 1942 6536 151 2521
5 50 6620 49 2522
5 3451 6959 3935 2523
5 3817 4097 4096 2524
5 4096 4206 3816 2525
5 4589 5277 4928 2526
5 3837 4761 3835 2527
5 3743 3960 3741 2528
5 5487 5525 2428 2529
5 3801 3959 3798 2530
5 5516 6911 5517 2531
5 3861 4800 3450 2532
5 3660 3958 3657 2533
5 3779 3946 3777 2534
5 3827 3936 3824 2535
5 1936 7317 5251 2536
5 3449 6614 6558 2537
5 5269 5324 4549 2538
5 5494 7048 5496 2539
5 3535 4281 4280 2540
5 4949 5124 4948 2541
5 5489 5490 2030 2542
5 6290 6569 5457 2543
5 4859 6754 4858 2544
5 4603 7101 7100 2545
5 4965 4968 4967 2546
5 4967 4969 4966 2547
5 5490 5491 2030 2548
5 4524 4525 4523 2549
5 5038 7488 4984 2550
5 5201 6771 1934 2551
5 5333 6804 4455 2552
5 5336 7306 3143 2553
5 2045 5562 2042 2554
5 3922 4627 3974 2555
5 3974 3975 3921 2556
5 4520 5482 4522 2557
5 106 5489 2030 2558
5 3832 5583 2341 2559
5 4641 5547 5546 2560
5 5581 6584 4473 2561
5 3925 5498 4826 2562
5 4758 6771 4760 2563
5 3943 3944 3889 2564
5 3890 4541 3943 2565
5 5418 6947 3424 2566
5 3330 3332 3331 2567
5 6540 7354 4779 2568
5 3141 7306 3181 2569
5 5387 5479 4524 2570
5 5699 7410 2148 2571
5 4944 7047 6815 2572
5 4241 5513 4239 2573
5 3449 6558 5562 2574
5 4557 4817 4556 2575
5 3739 4773 3737 2576
5 5277 6712 3964 2577
5 137 5391 136 2578
5 4749 4751 4750 2579
5 4294 6712 4589 2580
5 4641 5546 4238 2581
5 5143 7128 3484 2582
5 4522 4524 4523 2583
5 2061 2062 2059 2584
5 5489 5519 5490 2585
5 5076 5457 4172 2586
5 4832 4833 4539 2587
5 5596 6507 5464 2588
5 1982 7059 6800 2589
5 5154 5158 5157 2590
5 3923 5498 3925 2591
5 3171 3173 3172 2592
5 16 6678 15 2593
5 522 7123 552 2594
5 5572 6604 6024 2595
5 5570 6561 4731 2596
5 2795 4066 2793 2597
5 5503 5504 2441 2598
5 4066 6604 5572 2599
5 4648 6954 4650 2600
5 5490 5492 5491 2601
5 4607 4646 4606 2602
5 4778 5464 4779 2603
5 4230 5505 4232 2604
5 5002 5367 5001 2605
5 3534 5312 3432 2606
5 3465 5503 2443 2607
5 2859 2860 2857 2608
5 4526 5316 5080 2609
5 4620 5513 4241 2610
5 4659 5503 3465 2611
5 2377 6520 2379 2612
5 4522 5387 4524 2613
5 3126 3263 3122 2614
5 5464 6540 4779 2615
5 5490 5519 5493 2616
5 2219 5847 2217 2617
5 2220 5847 3270 2618
5 1982 6620 50 2619
5 5158 5163 5159 2620
5 4746 4749 4748 2621
5 2866 2867 2864 2622
5 4629 6852 4628 2623
5 5295 7433 3003 2624
5 3367 3369 3368 2625
5 5403 7377 4949 2626
5 3776 7022 3780 2627
5 4063 5565 4795 2628
5 5268 6616 3527 2629
5 2866 2868 2867 2630
5 4955 4956 4954 2631
5 2863 2864 2862 2632
5 3918 4534 4172 2633
5 3918 5500 4534 2634
5 5468 6663 5426 2635
5 3449 5562 2045 2636
5 6649 6699 5417 2637
5 5432 5482 4520 2638
5 5463 6584 5581 2639
5 4135 6697 3929 2640
5 3263 5598 3122 2641
5 3529 3903 3528 2642
5 6629 6836 4808 2643
5 6499 6571 6568 2644
5 4917 4918 4216 2645
5 5596 6509 3340 2646
5 3846 3884 3883 2647
5 6563 6564 4007 2648
5 106 2030 105 2649
5 3947 7463 3946 2650
5 4520 4522 4521 2651
5 5140 6708 5317 2652
5 4146 4227 4155 2653
5 4179 4643 4642 2654
5 4737 5524 5523 2655
5 6172 7369 4604 2656
5 5557 5598 3263 2657
5 4522 4523 4521 2658
5 3509 3832 2341 2659
5 3054 5558 5428 2660
5 4659 5504 5503 2661
5 135 1952 134 2662
5 4987 4990 4989 2663
5 4986 4991 4988 2664
5 5481 7300 4690 2665
5 2042 5562 2039 2666
5 5525 6520 2428 2667
5 4666 5018 4101 2668
5 2002 5489 107 2669
5 4518 5499 5432 2670
5 4737 5523 4244 2671
5 4476 5557 3538 2672
5 2059 6561 2057 2673
5 130 5512 1966 2674
5 4587 4902 4074 2675
5 4826 5099 4660 2676
5 3923 3925 3465 2677
5 4518 4520 4519 2678
5 2419 2441 2413 2679
5 2409 2413 2404 2680
5 5349 7082 4805 2681
5 4106 4551 4105 2682
5 4826 5371 5099 2683
5 5807 6998 3281 2684
5 3337 3931 3515 2685
5 57 7184 2003 2686
5 4514 5510 5470 2687
5 3430 3465 2443 2688
5 3925 4826 4660 2689
5 5463 5581 4005 2690
5 1952 6565 134 2691
5 4518 5432 4520 2692
5 6665 7114 6738 2693
5 2443 5503 2419 2694
5 2409 2419 2413 2695
5 3430 3923 3465 2696
5 4101 5498 3923 2697
5 4238 5546 4240 2698
5 5175 5176 5173 2699
5 3553 6977 3405 2700
5 3302 5549 5509 2701
5 3925 4660 4659 2702
5 2016 5511 132 2703
5 2428 6520 2377 2704
5 2419 5503 2441 2705
5 5470 5499 4516 2706
5 4516 5499 4518 2707
5 5519 5520 5493 2708
5 2060 2061 2059 2709
5 3817 4098 4097 2710
5 4097 4602 4096 2711
5 5018 5498 4101 2712
5 2057 5570 2055 2713
5 3236 3237 3235 2714
5 5248 7294 5246 2715
5 3538 5557 3263 2716
5 2403 2409 2404 2717
5 5246 7068 2006 2718
5 107 5489 106 2719
5 90 2026 89 2720
5 4516 4518 4517 2721
5 3122 5598 3114 2722
5 133 2016 132 2723
5 2379 6520 3302 2724
5 5107 5475 3916 2725
5 2926 5588 2921 2726
5 4512 5510 4514 2727
5 4967 4971 4969 2728
5 4969 4970 4966 2729
5 5493 5494 5492 2730
5 3340 6507 5596 2731
5 4242 5514 4737 2732
5 5120 7434 3409 2733
5 3922 4763 4627 2734
5 4627 4631 3974 2735
5 108 2002 107 2736
5 2002 5519 5489 2737
5 5301 7333 6816 2738
5 5554 5557 4476 2739
5 4541 4604 3943 2740
5 3890 4542 4541 2741
5 1182 1975 852 2742
5 3123 3126 3122 2743
5 2403 2404 2402 2744
5 4801 5548 4250 2745
5 2441 3337 2442 2746
5 792 5192 1692 2747
5 1092 1953 1152 2748
5 582 5407 612 2749
5 1302 1951 1782 2750
5 552 1948 582 2751
5 612 5196 1632 2752
5 1692 1946 1932 2753
5 1722 5434 882 2754
5 1812 1954 1572 2755
5 1632 1962 1602 2756
5 642 1970 1122 2757
5 4244 5523 4246 2758
5 912 1968 1722 2759
5 1482 5195 1812 2760
5 942 1972 1902 2761
5 1842 1971 1752 2762
5 462 1934 492 2763
5 1392 5200 912 2764
5 1422 5497 1452 2765
5 1272 5484 1542 2766
5 762 1935 1002 2767
5 852 5376 1392 2768
5 432 5201 462 2769
5 1332 1974 702 2770
5 2061 2063 2062 2771
5 1242 2000 1662 2772
5 1542 1977 1362 2773
5 1452 1973 1212 2774
5 1032 5441 342 2775
5 342 1933 402 2776
5 4832 4834 4833 2777
5 5597 6509 5596 2778
5 5099 5100 4660 2779
5 3925 4659 3465 2780
5 4232 5505 4641 2781
5 5511 5512 131 2782
5 4514 5470 4516 2783
5 4248 5522 4801 2784
5 88 1992 87 2785
5 4839 7361 5472 2786
5 3924 4101 3923 2787
5 133 6565 2016 2788
5 4919 6640 4766 2789
5 2421 2443 2419 2790
5 4659 5550 5504 2791
5 4520 4521 4519 2792
5 3126 3537 3263 2793
5 3865 6630 4566 2794
5 5172 5173 5170 2795
5 111 1987 110 2796
5 3425 3430 2443 2797
5 4514 4516 4515 2798
5 2868 2869 2867 2799
5 2866 2938 2868 2800
5 132 5511 131 2801
5 4955 4957 4956 2802
5 5509 6527 3302 2803
5 282 1999 1872 2804
5 312 1978 1062 2805
5 372 5168 1182 2806
5 4512 4514 4513 2807
5 5487 5510 4512 2808
5 3009 5589 3006 2809
5 131 5512 130 2810
5 4246 5523 5522 2811
5 4427 5597 4429 2812
5 2058 2059 2057 2813
5 3653 5588 2926 2814
5 2921 5588 2919 2815
5 3529 3904 3903 2816
5 4918 5214 4216 2817
5 193 7297 5375 2818
5 4815 5551 4254 2819
5 4518 4519 4517 2820
5 3884 4584 3883 2821
5 3846 4538 3884 2822
5 2441 2442 2413 2823
5 3337 3515 3338 2824
5 4179 5300 4643 2825
5 4510 5525 5487 2826
5 4510 4512 4511 2827
5 4991 4992 4988 2828
5 3515 3938 3542 2829
5 4278 4885 4277 2830
5 4510 5487 4512 2831
5 4250 5548 4252 2832
5 4106 4910 4551 2833
5 4551 4586 4105 2834
5 2833 7192 5665 2835
5 3528 6592 3549 2836
5 4242 4737 4244 2837
5 4246 5522 4248 2838
5 5299 6554 5182 2839
5 4720 6524 6522 2840
5 4248 4801 4250 2841
5 4276 4278 4277 2842
5 1944 6783 5405 2843
5 2401 5556 2403 2844
5 4828 5564 4258 2845
5 4508 5549 5525 2846
5 4171 4666 4101 2847
5 4508 4510 4509 2848
5 4508 5525 4510 2849
5 4429 5597 4449 2850
5 4252 5548 4815 2851
5 4240 5514 4242 2852
5 2055 2408 2053 2853
5 4098 4173 4097 2854
5 5509 5549 4506 2855
5 4254 5551 4256 2856
5 3032 5591 3026 2857
5 3794 5589 3009 2858
5 3006 5589 3000 2859
5 6611 6612 5558 2860
5 4256 5551 4828 2861
5 4969 4972 4970 2862
5 2399 2401 2400 2863
5 4890 5433 4278 2864
5 4763 4764 4627 2865
5 4276 4277 4275 2866
5 4427 6509 5597 2867
5 5223 6736 2330 2868
5 6572 6587 2404 2869
5 4276 5555 4890 2870
5 4272 5563 4886 2871
5 4542 4543 4541 2872
5 4165 4478 3560 2873
5 2401 2402 2400 2874
5 4506 5549 4508 2875
5 2399 5559 2433 2876
5 2401 2403 2402 2877
5 6602 6603 5572 2878
5 4850 5566 4262 2879
5 2061 2064 2063 2880
5 2399 2400 2398 2881
5 5108 5109 4666 2882
5 4274 5555 4276 2883
5 2433 5556 2401 2884
5 4834 4835 4833 2885
5 2769 5552 2767 2886
5 4516 4517 4515 2887
5 4504 5509 4506 2888
5 4506 4508 4507 2889
5 4514 4515 4513 2890
5 4512 4513 4511 2891
5 3771 5565 4063 2892
5 4405 5565 3771 2893
5 4252 4815 4254 2894
5 2397 5559 2399 2895
5 4504 4506 4505 2896
5 4258 5564 4260 2897
5 4860 5568 4266 2898
5 2444 5559 2397 2899
5 3537 3538 3263 2900
5 4260 5564 4850 2901
5 2868 2870 2869 2902
5 4957 4963 4956 2903
5 4955 4958 4957 2904
5 4240 5546 5514 2905
5 4256 4828 4258 2906
5 4510 4511 4509 2907
5 3737 5591 3032 2908
5 3026 5591 3024 2909
5 4502 4504 4503 2910
5 4264 5566 4860 2911
5 4886 5555 4274 2912
5 3529 4188 3904 2913
5 3904 4185 3903 2914
5 4918 5215 5214 2915
5 4262 5566 4264 2916
5 4538 4539 3884 2917
5 4584 4790 3883 2918
5 2432 5567 2393 2919
5 4270 5563 4272 2920
5 4494 6579 6577 2921
5 5300 5301 4643 2922
5 4272 4886 4274 2923
5 4992 5396 4988 2924
5 4478 5526 3560 2925
5 2397 2399 2398 2926
5 4274 4276 4275 2927
5 2395 2444 2397 2928
5 5343 5561 5560 2929
5 3369 3371 3370 2930
5 5552 5593 2767 2931
5 3121 3122 3114 2932
5 4910 4912 4551 2933
5 65 1961 64 2934
5 4885 5010 5009 2935
5 4500 4502 4501 2936
5 4338 6514 5595 2937
5 4266 5568 4268 2938
5 4260 4850 4262 2939
5 4795 6647 4794 2940
5 4268 5568 4868 2941
5 2055 5570 2408 2942
5 4098 4174 4173 2943
5 2793 5571 2706 2944
5 2706 5571 2703 2945
5 4276 4890 4278 2946
5 4264 4860 4266 2947
5 4232 4641 4238 2948
5 2398 2445 2396 2949
5 2395 5567 2444 2950
5 2399 2433 2401 2951
5 4868 5563 4270 2952
5 2397 2398 2396 2953
5 128 5573 2019 2954
5 4272 4274 4273 2955
5 4504 4505 4503 2956
5 4972 4973 4970 2957
5 2446 5582 2389 2958
5 4506 4507 4505 2959
5 4508 4509 4507 2960
5 4268 4868 4270 2961
5 126 5574 1967 2962
5 4405 5594 5565 2963
5 5595 6514 5594 2964
5 6512 6513 4031 2965
5 4542 4544 4543 2966
5 2018 5577 123 2967
5 1965 5579 121 2968
5 124 5575 2018 2969
5 2064 2065 2063 2970
5 4502 4503 4501 2971
5 2408 5592 2053 2972
5 4834 4836 4835 2973
5 4835 4932 4833 2974
5 2861 2862 2860 2975
5 4498 4500 4499 2976
5 4270 4272 4271 2977
5 3537 3539 3538 2978
5 1966 5573 129 2979
5 4066 5572 5571 2980
5 2395 2397 2396 2981
5 2870 2871 2869 2982
5 4958 4959 4957 2983
5 67 2017 66 2984
5 4496 4498 4497 2985
5 2393 5567 2395 2986
5 3904 4186 4185 2987
5 4185 4187 3903 2988
5 4918 5216 5215 2989
5 2019 5574 127 2990
5 4584 4892 4790 2991
5 2394 5569 2423 2992
5 6605 6614 5590 2993
5 130 1966 129 2994
5 1967 5575 125 2995
5 120 5579 2020 2996
5 122 5577 1965 2997
5 5301 5302 4643 2998
5 5581 6564 6563 2999
5 4992 5397 5396 3000
5 128 2019 127 3001
5 2389 5582 2391 3002
5 3430 5526 3924 3003
5 4274 4275 4273 3004
5 4885 5009 4277 3005
5 4500 4501 4499 3006
5 116 2021 115 3007
5 120 2020 119 3008
5 114 1963 113 3009
5 122 1965 121 3010
5 118 1964 117 3011
5 126 1967 125 3012
5 124 2018 123 3013
5 2409 2421 2419 3014
5 2341 5583 2065 3015
5 4498 4499 4497 3016
5 2065 5583 2067 3017
5 4174 4175 4173 3018
5 4098 4615 4174 3019
5 129 5573 128 3020
5 4972 4974 4973 3021
5 127 5574 126 3022
5 121 5579 120 3023
5 123 5577 122 3024
5 125 5575 124 3025
5 4544 4545 4543 3026
5 2395 2396 2394 3027
5 2065 2066 2063 3028
5 2064 2341 2065 3029
5 4835 4933 4932 3030
5 4834 4837 4836 3031
5 4496 4497 4495 3032
5 3430 3924 3923 3033
5 4494 4496 4495 3034
5 3539 3813 3538 3035
5 3537 4610 3539 3036
5 3302 6520 5549 3037
5 2870 2872 2871 3038
5 4958 4960 4959 3039
5 4186 4862 4185 3040
5 5216 5217 5215 3041
5 4992 5398 5397 3042
5 5400 7300 5481 3043
5 4174 4176 4175 3044
5 4974 4975 4973 3045
5 4544 4891 4545 3046
5 3113 5598 4296 3047
5 2391 2432 2393 3048
5 2065 2067 2066 3049
5 4837 4838 4836 3050
5 2402 2422 2400 3051
5 3813 4476 3538 3052
5 3539 3814 3813 3053
5 2872 2873 2871 3054
5 4960 4961 4959 3055
5 4186 4863 4862 3056
5 2429 6511 2385 3057
5 3114 5598 3113 3058
5 4296 5598 5557 3059
5 5398 5399 5397 3060
5 4176 4212 4175 3061
5 4975 4976 4973 3062
5 4891 5063 4545 3063
5 4544 5007 4891 3064
5 3832 5584 5583 3065
5 2067 2068 2066 3066
5 4837 4839 4838 3067
5 3814 3815 3813 3068
5 2872 2874 2873 3069
5 4960 5444 4961 3070
5 4961 5473 4959 3071
5 5399 5401 5397 3072
5 5398 5400 5399 3073
5 6522 6524 2062 3074
5 4176 4213 4212 3075
5 4212 4909 4175 3076
5 4975 4977 4976 3077
5 2430 5590 2049 3078
5 5063 5064 4545 3079
5 3832 5585 5584 3080
5 2067 2069 2068 3081
5 4839 4840 4838 3082
5 3814 3918 3815 3083
5 2874 2875 2873 3084
5 2872 3053 2874 3085
5 4961 5474 5473 3086
5 5400 5481 5399 3087
5 2049 5590 2047 3088
5 2053 5592 2051 3089
5 2051 5592 2430 3090
5 4213 4780 4212 3091
5 4975 4978 4977 3092
5 2069 2070 2068 3093
5 4840 4841 4838 3094
5 3918 4172 3815 3095
5 3814 3919 3918 3096
5 2874 2876 2875 3097
5 2767 5593 2763 3098
5 2763 5593 2761 3099
5 5595 6513 6512 3100
5 6489 6501 6500 3101
5 4213 4781 4780 3102
5 4978 4979 4977 3103
5 2069 2071 2070 3104
5 2070 3301 2068 3105
5 4840 4842 4841 3106
5 4405 5595 5594 3107
5 2876 2877 2875 3108
5 5593 6499 2761 3109
5 4213 4784 4781 3110
5 4781 4782 4780 3111
5 4978 4980 4979 3112
5 2071 2072 2070 3113
5 2069 2337 2071 3114
5 4840 4899 4842 3115
5 4842 5042 4841 3116
5 2876 2878 2877 3117
5 4781 4783 4782 3118
5 2071 2073 2072 3119
5 5042 5323 4841 3120
5 4899 4900 4842 3121
5 2878 2879 2877 3122
5 4783 4785 4782 3123
5 2073 2074 2072 3124
5 4899 4993 4900 3125
5 2878 2880 2879 3126
5 4783 4937 4785 3127
5 2074 2352 2072 3128
5 2073 2075 2074 3129
5 4993 5034 4900 3130
5 2878 3055 2880 3131
5 2880 2881 2879 3132
5 2076 6492 2074 3133
5 6071 6409 6070 3134
5 6114 6426 5914 3135
5 4937 5384 4785 3136
5 4783 4938 4937 3137
5 6070 6409 5914 3138
5 4318 6433 5601 3139
5 5914 6426 6070 3140
5 5601 6433 2316 3141
5 2802 6121 5599 3142
5 5599 5600 2802 3143
5 5600 5884 2802 3144
5 5885 5965 4670 3145
5 5602 5622 2744 3146
5 2556 6451 2558 3147
5 5622 5963 2744 3148
5 2293 6063 2291 3149
5 5604 6381 4673 3150
5 2804 6381 5604 3151
5 2630 5629 2632 3152
5 5836 5837 2717 3153
5 5838 6451 2556 3154
5 6419 6485 4301 3155
5 2554 5838 2556 3156
5 4333 6487 6089 3157
5 6029 6468 2690 3158
5 2073 3300 2075 3159
5 2075 2076 2074 3160
5 2550 5839 2552 3161
5 5772 5835 5834 3162
5 3747 6488 3472 3163
5 5034 5035 4900 3164
5 3266 5835 5772 3165
5 5743 5835 3266 3166
5 3266 6248 5743 3167
5 2687 5630 5606 3168
5 5955 6029 3267 3169
5 5743 6248 5714 3170
5 3267 5956 5955 3171
5 5630 5854 5853 3172
5 3267 6163 5956 3173
5 5875 6158 2690 3174
5 5714 6248 2695 3175
5 5956 6163 5957 3176
5 5957 6163 2691 3177
5 5873 6158 5875 3178
5 5713 5714 2695 3179
5 2691 5959 5957 3180
5 2805 6158 5873 3181
5 2691 6039 5959 3182
5 2695 5818 5713 3183
5 5955 6468 6029 3184
5 5959 6039 5961 3185
5 2805 5873 5871 3186
5 2690 6468 5875 3187
5 5961 6039 2803 3188
5 5713 5818 5715 3189
5 5945 6010 2692 3190
5 5837 5838 2717 3191
5 2803 6301 5961 3192
5 5600 5885 5884 3193
5 5945 6301 6010 3194
5 5600 5965 5885 3195
5 6010 6301 2803 3196
5 5944 5945 2692 3197
5 5715 5818 2829 3198
5 2692 6028 5944 3199
5 5630 5853 5606 3200
5 5944 6028 5946 3201
5 4333 5963 5622 3202
5 4007 6409 6071 3203
5 5946 6028 3276 3204
5 2689 5869 5867 3205
5 4670 6431 5885 3206
5 2880 2882 2881 3207
5 3276 5948 5946 3208
5 5601 6426 6114 3209
5 3276 6171 5948 3210
5 2744 6063 5602 3211
5 5856 5858 3985 3212
5 5599 6433 4318 3213
5 2316 6426 5601 3214
5 2829 6325 5715 3215
5 3981 6011 5603 3216
5 5758 5759 2696 3217
5 5858 6084 3985 3218
5 6361 6493 6492 3219
5 5603 6066 3981 3220
5 2687 5629 2630 3221
5 2717 5838 2554 3222
5 6121 6433 5599 3223
5 5603 6329 6066 3224
5 2307 6063 2293 3225
5 6066 6329 5604 3226
5 2291 6063 2744 3227
5 5606 5629 2687 3228
5 2536 6208 2538 3229
5 2830 5865 5863 3230
5 5604 6329 2804 3231
5 3721 5609 5607 3232
5 5860 6084 5858 3233
5 4673 6381 5629 3234
5 5863 6132 2830 3235
5 2717 5839 5836 3236
5 5605 6419 2694 3237
5 4676 6379 5607 3238
5 5607 6379 3721 3239
5 2558 6451 2694 3240
5 5629 6381 2632 3241
5 5853 5854 3982 3242
5 3666 6035 3668 3243
5 3986 6084 5860 3244
5 5861 6132 5863 3245
5 2694 6451 5605 3246
5 3718 5613 3720 3247
5 2724 6065 5612 3248
5 2688 6132 5861 3249
5 2610 5889 2612 3250
5 3712 5610 3714 3251
5 5885 6431 2307 3252
5 2307 6431 6063 3253
5 5860 5862 3986 3254
5 5834 5839 5772 3255
5 5612 6065 4678 3256
5 2688 5861 5859 3257
5 5612 6457 2724 3258
5 2532 6296 2534 3259
5 4678 6065 6064 3260
5 3275 5618 5617 3261
5 5862 5989 3986 3262
5 5859 6051 2688 3263
5 5772 5839 2550 3264
5 5871 5889 2805 3265
5 3280 6276 5760 3266
5 2552 5839 2717 3267
5 5627 5628 3810 3268
5 5857 6051 5859 3269
5 5617 5814 3275 3270
5 5864 5989 5862 3271
5 3721 5610 5609 3272
5 5624 5627 3810 3273
5 2614 6150 2616 3274
5 3271 6051 5857 3275
5 2689 5889 5869 3276
5 5867 6150 2689 3277
5 2566 6199 2568 3278
5 3987 5989 5864 3279
5 3810 5642 5624 3280
5 3271 5857 5855 3281
5 5854 6035 3982 3282
5 5671 5672 2697 3283
5 5613 5614 3720 3284
5 2724 6457 6199 3285
5 5605 6485 6419 3286
5 3985 6035 5856 3287
5 5624 5642 4718 3288
5 2830 6150 5865 3289
5 2528 5782 2530 3290
5 5864 5866 3987 3291
5 5622 6487 4333 3292
5 5855 6146 3271 3293
5 4677 5814 5617 3294
5 3714 5610 3721 3295
5 5634 6488 3747 3296
5 5384 5385 4785 3297
5 5759 6208 2696 3298
5 4677 5617 5614 3299
5 2742 5676 5673 3300
5 6171 6319 5948 3301
5 2696 6296 5758 3302
5 5630 6146 5855 3303
5 6319 6382 5948 3304
5 3275 6199 5618 3305
5 5611 6382 6319 3306
5 4677 5614 5613 3307
5 2538 6208 2829 3308
5 2696 6208 2536 3309
5 2524 5763 2526 3310
5 3982 6035 3666 3311
5 3668 6035 3985 3312
5 5610 6450 5611 3313
5 5760 6296 3280 3314
5 5613 6379 4676 3315
5 2805 5889 2610 3316
5 2612 5889 2689 3317
5 5868 5870 3988 3318
5 2697 5763 5671 3319
5 5782 6276 3280 3320
5 6208 6325 2829 3321
5 5866 6061 3987 3322
5 2074 6492 2352 3323
5 3718 6379 5613 3324
5 5611 6450 6382 3325
5 5672 5782 2697 3326
5 3280 6296 2532 3327
5 2075 2077 2076 3328
5 2534 6296 2696 3329
5 2698 5679 5677 3330
5 3712 6450 5610 3331
5 2616 6150 2830 3332
5 2689 6150 2614 3333
5 2568 6199 3275 3334
5 2516 5680 2518 3335
5 3678 6061 3680 3336
5 2724 6199 2566 3337
5 4678 6419 4301 3338
5 6064 6419 4678 3339
5 5630 5855 5854 3340
5 2520 6130 2522 3341
5 5673 5763 2742 3342
5 6376 6484 5727 3343
5 2697 5782 2528 3344
5 5865 6150 5867 3345
5 2530 5782 3280 3346
5 5619 6404 3783 3347
5 5869 5889 5871 3348
5 5870 6059 3988 3349
5 3988 6061 5868 3350
5 2742 6130 5676 3351
5 5716 6453 2192 3352
5 5694 6460 6395 3353
5 2882 2883 2881 3354
5 3277 5771 5621 3355
5 4674 5838 5837 3356
5 6480 6486 6213 3357
5 4472 6404 5619 3358
5 5701 5723 5702 3359
5 2510 5707 2512 3360
5 2687 6146 5630 3361
5 5704 6240 5706 3362
5 5812 6422 2741 3363
5 4671 6431 4670 3364
5 2526 5763 2697 3365
5 5677 6130 2698 3366
5 5681 6386 5708 3367
5 2742 5763 2524 3368
5 2518 5680 2698 3369
5 5856 6035 5854 3370
5 5872 5874 3989 3371
5 3783 6395 5619 3372
5 5706 6240 2741 3373
5 5705 5708 2718 3374
5 5647 5648 2468 3375
5 6387 6465 3990 3376
5 2468 5650 5647 3377
5 3989 6059 5872 3378
5 5735 5812 2699 3379
5 5680 6386 5681 3380
5 6325 6356 5803 3381
5 5620 6396 6373 3382
5 2698 5680 5679 3383
5 5621 5771 4307 3384
5 5872 6059 5870 3385
5 5874 6387 3989 3386
5 2741 6422 5706 3387
5 6327 6398 4470 3388
5 5868 6061 5866 3389
5 5734 5735 2699 3390
5 6474 6477 2183 3391
5 5610 5611 5609 3392
5 2516 6386 5680 3393
5 3812 6396 5620 3394
5 2698 6130 2520 3395
5 5614 5615 3720 3396
5 3987 6061 3678 3397
5 3680 6061 3988 3398
5 6373 6396 4019 3399
5 2522 6130 2742 3400
5 5735 6422 5812 3401
5 2699 5881 5734 3402
5 4470 6398 4466 3403
5 2464 5649 2462 3404
5 2823 5628 2821 3405
5 3810 5628 2823 3406
5 2718 5707 5705 3407
5 5937 6058 4013 3408
5 5734 5881 5733 3409
5 5671 5763 5673 3410
5 2512 5707 2718 3411
5 6395 6460 5619 3412
5 5700 5723 5701 3413
5 5702 5723 5705 3414
5 2469 5650 2466 3415
5 3682 6059 3684 3416
5 5621 5716 3277 3417
5 5707 6240 5704 3418
5 5679 6417 5678 3419
5 2510 6240 5707 3420
5 6341 6437 2350 3421
5 6294 6461 6455 3422
5 5633 6151 2287 3423
5 5936 6058 5937 3424
5 6151 6180 2287 3425
5 5936 6250 4016 3426
5 5708 6447 5681 3427
5 2207 6044 2205 3428
5 5631 6043 2815 3429
5 6363 6443 5653 3430
5 5632 5993 2286 3431
5 5676 6130 5677 3432
5 5836 5839 5834 3433
5 6458 6464 3278 3434
5 2700 6291 5737 3435
5 6410 6412 5632 3436
5 2466 5650 2468 3437
5 2815 5993 5631 3438
5 5621 6453 5716 3439
5 4020 6452 4019 3440
5 5648 5649 2468 3441
5 5631 5993 5632 3442
5 2077 2078 2076 3443
5 5733 5881 2835 3444
5 5758 6296 5760 3445
5 4432 5636 4435 3446
5 5771 5786 4307 3447
5 6199 6457 5618 3448
5 2835 5736 5733 3449
5 5715 6325 5803 3450
5 4613 5693 5692 3451
5 3581 6304 5738 3452
5 5647 6404 4472 3453
5 5770 6363 5786 3454
5 6362 6372 5810 3455
5 5672 6276 5782 3456
5 5934 6250 5936 3457
5 2835 6237 5736 3458
5 5855 5856 5854 3459
5 4435 5636 4461 3460
5 4016 6058 5936 3461
5 2468 5649 2464 3462
5 4613 5692 5691 3463
5 3285 6372 5654 3464
5 4467 6423 6271 3465
5 5759 6356 6325 3466
5 5723 6447 5708 3467
5 2478 6313 2725 3468
5 5697 6372 6362 3469
5 5851 6337 5850 3470
5 5682 6203 5678 3471
5 2481 5741 2479 3472
5 3968 5641 4553 3473
5 5736 6237 5737 3474
5 3893 5639 3519 3475
5 4314 6297 6042 3476
5 4423 6418 4422 3477
5 5738 6304 5732 3478
5 2479 5741 5740 3479
5 2725 5689 2480 3480
5 6359 6441 4464 3481
5 5928 5929 2285 3482
5 2514 6386 2516 3483
5 5738 6317 3581 3484
5 4759 6383 5639 3485
5 5615 5725 5724 3486
5 4303 5880 5646 3487
5 2476 6313 2478 3488
5 2192 6453 5851 3489
5 6357 6371 4421 3490
5 3719 5724 4012 3491
5 2882 2884 2883 3492
5 4448 6378 6360 3493
5 3710 6450 3712 3494
5 5749 5752 4462 3495
5 6271 6423 5726 3496
5 6089 6487 3747 3497
5 5681 6417 5679 3498
5 2285 6007 5928 3499
5 3684 6059 3989 3500
5 4759 5639 3893 3501
5 5683 5686 5684 3502
5 5770 5786 5771 3503
5 5678 6203 5675 3504
5 3988 6059 3682 3505
5 4311 6323 6322 3506
5 2287 6044 5633 3507
5 2205 6044 2287 3508
5 2480 5689 2482 3509
5 5649 6206 2462 3510
5 6413 6448 4470 3511
5 4431 5636 4432 3512
5 5751 5752 5749 3513
5 3264 6455 5623 3514
5 2083 6322 2085 3515
5 2221 5933 2218 3516
5 4406 6180 6151 3517
5 5770 6443 6363 3518
5 3806 5661 4424 3519
5 3519 5639 3295 3520
5 5648 6392 5649 3521
5 2185 6369 6338 3522
5 5602 6431 4671 3523
5 5786 6331 4307 3524
5 6291 6317 5738 3525
5 6288 6404 5650 3526
5 4710 6308 4709 3527
5 5929 6250 5934 3528
5 2469 6288 5650 3529
5 3808 5746 4037 3530
5 5785 6354 6054 3531
5 2492 5883 2494 3532
5 3968 5717 5641 3533
5 4037 5746 4468 3534
5 5880 6392 5648 3535
5 6437 6441 2350 3536
5 2815 6044 2207 3537
5 2733 5726 2465 3538
5 5928 6007 5930 3539
5 2839 5827 5824 3540
5 2230 6104 2227 3541
5 4308 5887 5781 3542
5 5646 5880 5648 3543
5 3107 6455 3264 3544
5 5822 5823 2284 3545
5 3611 5668 4006 3546
5 3056 6399 6272 3547
5 5731 5732 4015 3548
5 3783 6404 6288 3549
5 6043 6044 2815 3550
5 4036 5683 3592 3551
5 5929 5933 2285 3552
5 5937 6412 6410 3553
5 3995 6175 5962 3554
5 5769 5771 3277 3555
5 5773 5776 5774 3556
5 2465 5726 2467 3557
5 5728 5731 4015 3558
5 3720 5724 3719 3559
5 4191 5698 4193 3560
5 3579 6371 6357 3561
5 6275 6307 2485 3562
5 5614 5616 5615 3563
5 3787 6254 4078 3564
5 5680 5681 5679 3565
5 5637 5638 4203 3566
5 5615 5724 3720 3567
5 5962 6175 5960 3568
5 5930 6007 2837 3569
5 5678 6417 5682 3570
5 3264 5694 3105 3571
5 5883 6291 2700 3572
5 4003 6393 6358 3573
5 5608 6230 6195 3574
5 4406 6415 6223 3575
5 5673 5674 5669 3576
5 3101 6305 3116 3577
5 4193 5698 4414 3578
5 5703 6260 3645 3579
5 6135 6260 5703 3580
5 5662 5880 4303 3581
5 2479 5740 2477 3582
5 5654 6298 3285 3583
5 3472 6488 3981 3584
5 4454 6350 4479 3585
5 5805 6344 3650 3586
5 4418 6353 6318 3587
5 6042 6374 4314 3588
5 4444 6003 4442 3589
5 3969 5691 3453 3590
5 3097 6297 4314 3591
5 5664 6254 5656 3592
5 4201 5637 4203 3593
5 4709 6308 6307 3594
5 3518 5662 4303 3595
5 6442 6446 4716 3596
5 2640 5741 2481 3597
5 4019 6452 6373 3598
5 5732 6304 4015 3599
5 3287 6205 3290 3600
5 2837 5932 5930 3601
5 4012 5724 4681 3602
5 5676 5677 5675 3603
5 4307 6331 4039 3604
5 5654 6372 5652 3605
5 2640 6377 5741 3606
5 5668 5674 4006 3607
5 5640 5805 3650 3608
5 4122 5645 4484 3609
5 2495 6139 2493 3610
5 4149 6201 4092 3611
5 5705 5723 5708 3612
5 5615 6352 5725 3613
5 3590 6349 4036 3614
5 5760 5761 5756 3615
5 5828 5904 2283 3616
5 5725 6411 4681 3617
5 5646 5647 4472 3618
5 5709 5883 2492 3619
5 5700 5701 3601 3620
5 4613 5691 3969 3621
5 3592 5683 3594 3622
5 5737 6291 5738 3623
5 5874 6465 6387 3624
5 2184 5773 2159 3625
5 3614 5718 4046 3626
5 4036 5686 5683 3627
5 4714 5666 4159 3628
5 5750 6341 6287 3629
5 3788 5808 5655 3630
5 2987 5764 3090 3631
5 6263 6344 5806 3632
5 2218 5933 2836 3633
5 3105 5694 3102 3634
5 4770 6374 6042 3635
5 3547 5717 3426 3636
5 3090 5764 5696 3637
5 5960 6175 3993 3638
5 5743 6181 5835 3639
5 3650 6054 5640 3640
5 6206 6392 6205 3641
5 2801 6302 5767 3642
5 3599 5701 3645 3643
5 3603 5700 3601 3644
5 5945 6330 6301 3645
5 5802 5808 5801 3646
5 2494 5883 2700 3647
5 4002 6388 6352 3648
5 2286 6410 5632 3649
5 5611 6230 5609 3650
5 5669 5674 5668 3651
5 2985 5764 2987 3652
5 3613 5668 3611 3653
5 5690 5698 4191 3654
5 5806 6344 5805 3655
5 6338 6369 5775 3656
5 3587 5728 4015 3657
5 5958 5960 3993 3658
5 4072 6300 4091 3659
5 2159 5773 2156 3660
5 2234 6127 2232 3661
5 3999 5755 3621 3662
5 2791 6326 6282 3663
5 4308 6324 5887 3664
5 3876 5747 3767 3665
5 2991 5886 2993 3666
5 2144 5791 2148 3667
5 4453 6003 4444 3668
5 2285 5933 2221 3669
5 3580 5651 3579 3670
5 4469 6434 4198 3671
5 2085 6322 2088 3672
5 5835 6181 5833 3673
5 5658 5659 4417 3674
5 5712 6243 5742 3675
5 2284 6127 5822 3676
5 3290 6205 4014 3677
5 4196 5643 4771 3678
5 4304 5646 4472 3679
5 2132 5894 2129 3680
5 2227 6104 2837 3681
5 5823 6104 2284 3682
5 5801 5808 3788 3683
5 2493 6139 6138 3684
5 3601 5701 3599 3685
5 3548 5690 4191 3686
5 6230 6319 2693 3687
5 5890 5893 5891 3688
5 5849 6309 4409 3689
5 5833 6181 6109 3690
5 4686 5808 5802 3691
5 5827 5904 5828 3692
5 4138 6115 4131 3693
5 2993 5886 3056 3694
5 5823 6241 5932 3695
5 5737 6237 2700 3696
5 5718 5721 5719 3697
5 3094 6272 5667 3698
5 4150 5699 4946 3699
5 4694 6303 6265 3700
5 4475 6004 6003 3701
5 2485 6307 2483 3702
5 2187 5894 2132 3703
5 2148 5852 2146 3704
5 2839 5904 5827 3705
5 2102 5810 3285 3706
5 6054 6354 5640 3707
5 2077 2079 2078 3708
5 4129 6344 6263 3709
5 2142 5791 2144 3710
5 2463 5816 2733 3711
5 3612 5718 3614 3712
5 3427 5717 3968 3713
5 5742 6243 3991 3714
5 3625 6245 3623 3715
5 5675 6203 4006 3716
5 3621 5755 3619 3717
5 4078 6254 5664 3718
5 5609 6230 5608 3719
5 5674 5676 5675 3720
5 5673 5676 5674 3721
5 6360 6378 6005 3722
5 2146 5852 2149 3723
5 5767 6302 4465 3724
5 5971 6277 5905 3725
5 2952 6268 2953 3726
5 4709 6307 6275 3727
5 3426 5717 3427 3728
5 4079 5663 4824 3729
5 2192 5850 2087 3730
5 4236 5658 4417 3731
5 3058 6279 5754 3732
5 5855 5857 5856 3733
5 3767 5747 3765 3734
5 3264 6460 5694 3735
5 5810 6372 3285 3736
5 6195 6230 2693 3737
5 2506 5812 2741 3738
5 2087 5850 2086 3739
5 2284 6104 2230 3740
5 4014 5662 3292 3741
5 6301 6330 5962 3742
5 4308 6201 4149 3743
5 5749 5750 3793 3744
5 2105 5810 2102 3745
5 4302 5717 3547 3746
5 5718 5719 4046 3747
5 3994 5710 3629 3748
5 2981 6247 2983 3749
5 4438 6378 4448 3750
5 4930 5804 4089 3751
5 4159 5666 4157 3752
5 2982 6556 2977 3753
5 4091 6300 4870 3754
5 5892 5895 5894 3755
5 4309 5836 5832 3756
5 5781 5887 5886 3757
5 2283 5905 5828 3758
5 5969 6326 2791 3759
5 2542 5818 2695 3760
5 2504 5812 2506 3761
5 5701 5702 3645 3762
5 4409 6115 4138 3763
5 5765 5804 4930 3764
5 4687 5709 3571 3765
5 5756 5761 5755 3766
5 5925 5931 4018 3767
5 2664 6162 2585 3768
5 3999 5756 5755 3769
5 5929 5934 5933 3770
5 3589 5728 3587 3771
5 4479 6350 5688 3772
5 5623 6460 3264 3773
5 3294 5662 3518 3774
5 2282 5973 5970 3775
5 5840 5843 5841 3776
5 3116 6305 5508 3777
5 5750 6287 3793 3778
5 2884 2885 2883 3779
5 4696 6310 6073 3780
5 3788 6254 3787 3781
5 4717 6294 3115 3782
5 5674 5675 4006 3783
5 2184 5776 5773 3784
5 6318 6353 5849 3785
5 6308 6377 2640 3786
5 4148 5699 4150 3787
5 4010 6328 3805 3788
5 6115 6309 6209 3789
5 6358 6393 5670 3790
5 6287 6341 2082 3791
5 2248 6036 2245 3792
5 6002 6242 5981 3793
5 3068 5848 3015 3794
5 3605 5682 3644 3795
5 3994 5711 5710 3796
5 6259 6432 6427 3797
5 4311 6322 2083 3798
5 5819 5825 4023 3799
5 4092 6201 5695 3800
5 4824 5918 4083 3801
5 6191 6196 4695 3802
5 4442 6003 4452 3803
5 3993 6261 5958 3804
5 2489 5709 2492 3805
5 3023 6333 3071 3806
5 5932 6241 5931 3807
5 2718 6386 2514 3808
5 3757 6173 3759 3809
5 4083 5918 4085 3810
5 6324 6399 5887 3811
5 2232 6127 2284 3812
5 3098 6395 3783 3813
5 4758 4759 3893 3814
5 5905 6277 5828 3815
5 2540 5818 2542 3816
5 2693 6319 6171 3817
5 5898 5899 3034 3818
5 5815 5816 2461 3819
5 3031 5898 3034 3820
5 6427 6435 3279 3821
5 6312 6313 2476 3822
5 4071 6306 4069 3823
5 2839 6127 2234 3824
5 2745 6012 5977 3825
5 2126 5753 2130 3826
5 4451 6345 4464 3827
5 2824 5727 2826 3828
5 5824 6127 2839 3829
5 5799 5991 2790 3830
5 5733 5736 5731 3831
5 2094 5769 3277 3832
5 2791 6036 5969 3833
5 3793 5751 5749 3834
5 5780 5886 2991 3835
5 5689 6430 3283 3836
5 6342 6394 4428 3837
5 5696 5779 3090 3838
5 2983 6247 3058 3839
5 5667 6354 3094 3840
5 5655 6254 3788 3841
5 5762 6140 5802 3842
5 3277 5716 2092 3843
5 5825 5826 4023 3844
5 3994 6243 5712 3845
5 4628 6334 4068 3846
5 3791 6416 3804 3847
5 3045 5830 3041 3848
5 2252 6048 2250 3849
5 2745 5977 5975 3850
5 6384 6390 6067 3851
5 2966 5778 3057 3852
5 3732 6398 6327 3853
5 5802 5809 4686 3854
5 5697 6362 4423 3855
5 5729 5734 5733 3856
5 3876 5829 5747 3857
5 4723 4724 4710 3858
5 3626 5795 4049 3859
5 6238 6281 4693 3860
5 4203 5888 4204 3861
5 2151 6234 2153 3862
5 4297 5837 4309 3863
5 2281 6046 5982 3864
5 3967 5844 3966 3865
5 5614 5617 5616 3866
5 6255 6332 6256 3867
5 2920 6060 3061 3868
5 3641 5831 3639 3869
5 5695 5696 4312 3870
5 4770 6042 5739 3871
5 4131 6115 5901 3872
5 2092 5716 2089 3873
5 3565 5909 2974 3874
5 3015 5848 3017 3875
5 2106 6212 2108 3876
5 6042 6297 2641 3877
5 4069 6306 6217 3878
5 2240 6154 2242 3879
5 3639 5831 3642 3880
5 2246 5797 5796 3881
5 2641 5740 5739 3882
5 2161 6321 2184 3883
5 4695 6041 5792 3884
5 2964 5778 2966 3885
5 4409 6309 6115 3886
5 3014 5783 3012 3887
5 4553 5293 4612 3888
5 4719 6232 5626 3889
5 6346 6402 5730 3890
5 2989 5780 2991 3891
5 5824 5827 5825 3892
5 4211 5844 3967 3893
5 2124 5753 2126 3894
5 2962 5748 2964 3895
5 2286 5993 2212 3896
5 2646 6009 2543 3897
5 5844 6253 3966 3898
5 6109 6181 3991 3899
5 4013 6412 5937 3900
5 4674 5837 4297 3901
5 3099 6305 3101 3902
5 4397 5800 4636 3903
5 2585 6162 2583 3904
5 4073 5695 4312 3905
5 4708 6367 6258 3906
5 2282 6048 5973 3907
5 4131 5901 3651 3908
5 2212 5993 2209 3909
5 5992 6129 5991 3910
5 4292 4758 3893 3911
5 6247 6279 3058 3912
5 3564 5830 3045 3913
5 5695 5779 5696 3914
5 3997 6245 3625 3915
5 2116 5793 2189 3916
5 6282 6326 5905 3917
5 5731 5736 5732 3918
5 3283 6351 2484 3919
5 2655 6138 3856 3920
5 3089 5877 5788 3921
5 5752 6342 4462 3922
5 2948 6140 5762 3923
5 4464 6441 6437 3924
5 5815 6327 5816 3925
5 5796 6062 2246 3926
5 3039 5830 5745 3927
5 5785 6054 3070 3928
5 4446 6350 4454 3929
5 2168 6098 2165 3930
5 4475 6003 4453 3931
5 5886 5887 3056 3932
5 3759 6173 4336 3933
5 5982 6046 5983 3934
5 5670 5672 5671 3935
5 5970 6036 2282 3936
5 5991 6129 2790 3937
5 4204 5888 4425 3938
5 2453 5751 3793 3939
5 2482 5689 3283 3940
5 2946 6140 2948 3941
5 2192 5851 5850 3942
5 2084 6287 2082 3943
5 5750 6437 6341 3944
5 3763 6174 2936 3945
5 3070 6054 3647 3946
5 5638 5888 4203 3947
5 2814 6234 2151 3948
5 2733 6271 5726 3949
5 5822 6127 5824 3950
5 2974 5909 2975 3951
5 3287 3290 3289 3952
5 3624 5795 3626 3953
5 5962 6330 3995 3954
5 3784 6268 2952 3955
5 4036 6349 5687 3956
5 4945 5637 4201 3957
5 5760 6276 5761 3958
5 5820 5825 5819 3959
5 3293 6383 3291 3960
5 2548 5772 2550 3961
5 3588 6349 3590 3962
5 3999 5757 5756 3963
5 3005 5785 3070 3964
5 3096 6212 2106 3965
5 5748 5778 2964 3966
5 4722 4723 4710 3967
5 2953 6268 2958 3968
5 5958 6261 5954 3969
5 3764 5794 3768 3970
5 5953 5954 3992 3971
5 2255 6129 5992 3972
5 2461 5816 2463 3973
5 5628 6414 2821 3974
5 5887 6399 3056 3975
5 4451 4463 4462 3976
5 5677 5678 5675 3977
5 4609 5112 4302 3978
5 2096 5769 2094 3979
5 3062 5792 5787 3980
5 6362 6418 4423 3981
5 5656 6254 5655 3982
5 3750 6041 4695 3983
5 6244 6292 6235 3984
5 3473 5727 2824 3985
5 5956 5957 5954 3986
5 2165 6098 2789 3987
5 2467 5726 3652 3988
5 3983 5831 3641 3989
5 3980 6066 4321 3990
5 5900 6429 6424 3991
5 2488 5709 2489 3992
5 2223 6007 2285 3993
5 5792 6191 4695 3994
5 4421 6371 4423 3995
5 4413 6403 6385 3996
5 2543 6009 2541 3997
5 2570 5814 2572 3998
5 4450 5636 4431 3999
5 5715 5803 5711 4000
5 3427 3968 3453 4001
5 3269 5791 2142 4002
5 3010 5784 3029 4003
5 3966 6253 6173 4004
5 4168 5829 3876 4005
5 4454 4479 4477 4006
5 2918 6060 2920 4007
5 3089 6281 6238 4008
5 4439 4440 4438 4009
5 5788 5877 5787 4010
5 5783 5784 3012 4011
5 3623 6245 3999 4012
5 5747 6310 4696 4013
5 5926 5931 5925 4014
5 5953 5956 5954 4015
5 2186 6227 2141 4016
5 2245 6036 2791 4017
5 4039 6331 3809 4018
5 3275 5814 2570 4019
5 2790 6062 5799 4020
5 5983 6046 2832 4021
5 2832 5986 5983 4022
5 4309 5832 5831 4023
5 4385 5811 4395 4024
5 5932 6104 5823 4025
5 2950 5762 3080 4026
5 4197 5900 4716 4027
5 3582 6304 3581 4028
5 4004 5668 3613 4029
5 5833 6109 3642 4030
5 4439 4455 4441 4031
5 5826 6277 6221 4032
5 5976 6184 5974 4033
5 4468 6440 6436 4034
5 2152 6369 2185 4035
5 4688 5909 3565 4036
5 5986 6013 5987 4037
5 2282 6036 2248 4038
5 3645 6260 3597 4039
5 4870 5699 4148 4040
5 5897 6241 5821 4041
5 5981 6242 5982 4042
5 4768 6056 4699 4043
5 3760 6027 2576 4044
5 4008 6260 6135 4045
5 5950 6076 6040 4046
5 4304 4471 4305 4047
5 5817 6154 3268 4048
5 4045 5718 3612 4049
5 2460 6206 2716 4050
5 4008 6402 6346 4051
5 2250 6048 2282 4052
5 3094 6354 5785 4053
5 3749 5768 3752 4054
5 6038 6040 2828 4055
5 3663 6021 6016 4056
5 4724 6308 4710 4057
5 5739 6042 2641 4058
5 2079 2080 2078 4059
5 3756 5813 3754 4060
5 6272 6399 5667 4061
5 5802 6140 5809 4062
5 2246 6154 5797 4063
5 2477 5740 2641 4064
5 4018 5897 3701 4065
5 6293 6391 3296 4066
5 3061 6060 5882 4067
5 4033 6292 4310 4068
5 5112 5641 4302 4069
5 4304 4472 4471 4070
5 3071 6333 6286 4071
5 3806 4424 3808 4072
5 5809 5829 4686 4073
5 2884 2886 2885 4074
5 4427 4428 4426 4075
5 5951 5953 3992 4076
5 4428 6394 4426 4077
5 4605 4606 4532 4078
5 2449 6156 2172 4079
5 2654 6139 2495 4080
5 6040 6076 2828 4081
5 3115 6294 3111 4082
5 4011 6289 3717 4083
5 3991 6181 5742 4084
5 4465 6311 4034 4085
5 5975 6048 2745 4086
5 5779 5781 5780 4087
5 2225 6007 2223 4088
5 5702 5703 3645 4089
5 4040 4306 4039 4090
5 6124 6179 6118 4091
5 5787 5877 3062 4092
5 4695 6196 3748 4093
5 4085 5918 4913 4094
5 4687 5883 5709 4095
5 5762 5801 3080 4096
5 2103 6030 2101 4097
5 2572 5814 2723 4098
5 4009 5728 3589 4099
5 4022 5819 3697 4100
5 5931 6241 4018 4101
5 4438 4448 4436 4102
5 6012 6242 5977 4103
5 3646 6265 3007 4104
5 3994 5712 5711 4105
5 4435 4437 4436 4106
5 5857 5858 5856 4107
5 5758 5760 5756 4108
5 3268 6154 2240 4109
5 2828 6141 6038 4110
5 2832 6013 5986 4111
5 3453 5691 3454 4112
5 5672 6393 6276 4113
5 5767 6389 2801 4114
5 5832 5833 3642 4115
5 2834 5890 2136 4116
5 2157 6187 2155 4117
5 2197 5878 2194 4118
5 2455 5751 2453 4119
5 4068 6334 4070 4120
5 6352 6388 5725 4121
5 4449 4450 4431 4122
5 5695 6201 5779 4123
5 5892 5894 2187 4124
5 3674 5989 3676 4125
5 4387 5811 4385 4126
5 3806 3807 3805 4127
5 2200 5878 2197 4128
5 2745 6048 2252 4129
5 4419 4711 4418 4130
5 5990 5991 5799 4131
5 5977 6242 6002 4132
5 3059 6231 6167 4133
5 3765 5747 4696 4134
5 4037 4468 4467 4135
5 4690 5645 4122 4136
5 2970 5879 2972 4137
5 6209 6309 3068 4138
5 4306 4307 4039 4139
5 5912 6152 5911 4140
5 2922 5939 2909 4141
5 3287 3289 3288 4142
5 4692 6244 6235 4143
5 6276 6393 5761 4144
5 3517 3519 3295 4145
5 4027 6184 5976 4146
5 6151 6415 4406 4147
5 3629 5710 3627 4148
5 2110 6284 2113 4149
5 3647 6054 3650 4150
5 4457 4458 4447 4151
5 4361 6183 6094 4152
5 3806 3808 3807 4153
5 4321 6066 5604 4154
5 2574 6222 2575 4155
5 2803 6039 2594 4156
5 3594 4041 3596 4157
5 3705 5925 3703 4158
5 5789 5811 4387 4159
5 2215 6000 2219 4160
5 4070 4071 4069 4161
5 4400 5800 4397 4162
5 5794 6256 3768 4163
5 2451 6105 2160 4164
5 3574 6204 3577 4165
5 4296 5557 5554 4166
5 5834 5835 5833 4167
5 5942 5947 5941 4168
5 3469 4473 2739 4169
5 3475 3724 3476 4170
5 3726 6134 3476 4171
5 3977 5964 4319 4172
5 4670 5965 3978 4173
5 4301 6376 4001 4174
5 3292 5662 3294 4175
5 4032 5882 4693 4176
5 4327 6103 5916 4177
5 5649 6392 6206 4178
5 4686 5829 4168 4179
5 4713 6370 4712 4180
5 5653 5654 5652 4181
5 5946 5947 5942 4182
5 3566 5744 3569 4183
5 3607 5682 3605 4184
5 2914 5877 3089 4185
5 2077 2090 2079 4186
5 2290 6081 2292 4187
5 4389 5789 4387 4188
5 5762 5802 5801 4189
5 5957 5958 5954 4190
5 5969 6036 5970 4191
5 3571 5709 2488 4192
5 2999 5785 3005 4193
5 4021 5651 3580 4194
5 2638 2666 2639 4195
5 2670 2672 2671 4196
5 2674 2676 2675 4197
5 2678 5923 2675 4198
5 2680 2682 2681 4199
5 2702 5924 2704 4200
5 2792 2793 2706 4201
5 2727 6023 2736 4202
5 2729 5998 3722 4203
5 3454 4645 4644 4204
5 3939 6024 4616 4205
5 3976 6134 6114 4206
5 4719 5625 5624 4207
5 4309 5837 5836 4208
5 2838 6124 6118 4209
5 2244 6062 2247 4210
5 3981 6066 3980 4211
5 4432 4435 4434 4212
5 4072 4091 4073 4213
5 3676 5989 3987 4214
5 2120 6259 3279 4215
5 4070 4775 4072 4216
5 5711 5803 5710 4217
5 2247 6062 2790 4218
5 2576 6027 2573 4219
5 2788 6246 6216 4220
5 5972 5974 4026 4221
5 4026 5978 5972 4222
5 4727 4769 4728 4223
5 4687 6317 6291 4224
5 2141 6227 2138 4225
5 2164 5995 2167 4226
5 5979 5984 4029 4227
5 4421 4422 4034 4228
5 6117 6142 4330 4229
5 2716 3287 3286 4230
5 2731 2732 2729 4231
5 2738 5910 2740 4232
5 3426 3427 3299 4233
5 3730 3734 3731 4234
5 3735 5917 3734 4235
5 3979 4672 4671 4236
5 4689 4690 4122 4237
5 5825 5827 5826 4238
5 2909 5939 2907 4239
5 4394 5990 4399 4240
5 5757 5758 5756 4241
5 6141 6270 6038 4242
5 3454 4644 4415 4243
5 4463 5749 4462 4244
5 3062 6191 5792 4245
5 4683 5633 4680 4246
5 6021 6053 6015 4247
5 3594 5683 4041 4248
5 4435 4461 4437 4249
5 3040 6293 3296 4250
5 4198 5643 4196 4251
5 4201 4203 4202 4252
5 4421 4423 4422 4253
5 2908 6196 6191 4254
5 5809 6140 3069 4255
5 3990 5951 3690 4256
5 3708 3710 3709 4257
5 3982 6085 5853 4258
5 3604 3605 3603 4259
5 3703 5925 4018 4260
5 2189 6198 6197 4261
5 3636 6210 3638 4262
5 5813 5940 3754 4263
5 5984 5986 5985 4264
5 4130 6262 4864 4265
5 4684 5808 4686 4266
5 2155 6187 2158 4267
5 6016 6021 6015 4268
5 2668 6034 2639 4269
5 2666 6101 2667 4270
5 2672 2674 2673 4271
5 2677 2680 2679 4272
5 2685 3723 2678 4273
5 5938 6022 2680 4274
5 6011 6153 4325 4275
5 5905 6326 5971 4276
5 3791 3792 3580 4277
5 5788 6281 3089 4278
5 4236 4416 4410 4279
5 2149 5852 2814 4280
5 4414 5900 4195 4281
5 2716 6206 6205 4282
5 3644 5700 3603 4283
5 4051 6210 3636 4284
5 3995 6273 3702 4285
5 4040 4470 4466 4286
5 4197 4198 4196 4287
5 2705 2727 2721 4288
5 2727 2731 2729 4289
5 2740 3469 2739 4290
5 3725 3726 3476 4291
5 3727 3977 3726 4292
5 3976 5914 5913 4293
5 3977 4318 4317 4294
5 4030 5912 5911 4295
5 2213 6000 2215 4296
5 2231 5902 2233 4297
5 2589 6050 6006 4298
5 4001 5727 3473 4299
5 4391 6099 4564 4300
5 2086 5850 2452 4301
5 4401 6270 6224 4302
5 5719 5720 4046 4303
5 5804 6244 4089 4304
5 2156 5773 2816 4305
5 2242 6154 2246 4306
5 3792 4021 3580 4307
5 3605 3644 3603 4308
5 3808 4037 3809 4309
5 4418 6318 4202 4310
5 4439 4441 4440 4311
5 4699 6056 6026 4312
5 6198 6401 6302 4313
5 4472 5619 4471 4314
5 2119 6144 2122 4315
5 5257 5373 4211 4316
5 2080 2350 2078 4317
5 2817 5902 2231 4318
5 2304 6117 2310 4319
5 2311 6069 2309 4320
5 2315 6072 2313 4321
5 2560 6064 2562 4322
5 2591 6050 2589 4323
5 3408 3468 2747 4324
5 3518 4020 4019 4325
5 3669 6017 3667 4326
5 4025 5978 3685 4327
5 3764 3766 3765 4328
5 6073 6174 4696 4329
5 5988 6053 6021 4330
5 6015 6053 6014 4331
5 3594 3596 3595 4332
5 5831 5832 3642 4333
5 3978 5964 3729 4334
5 4067 4629 4628 4335
5 5921 6148 5922 4336
5 3005 3070 3007 4337
5 4079 4824 4083 4338
5 3107 3264 3105 4339
5 3598 3599 3597 4340
5 3612 3613 3611 4341
5 4296 5554 4412 4342
5 4457 4459 4458 4343
5 4050 5840 3632 4344
5 4449 4778 4777 4345
5 2723 5814 4677 4346
5 4352 4355 4354 4347
5 2970 6067 5879 4348
5 2255 6270 6141 4349
5 2834 5893 5890 4350
5 4319 5599 4318 4351
5 2571 6026 2569 4352
5 2762 2765 2763 4353
5 4680 6043 4679 4354
5 5799 6062 5796 4355
5 4137 4138 4131 4356
5 3588 3590 3589 4357
5 2129 5894 2448 4358
5 5724 5725 4681 4359
5 3070 3646 3007 4360
5 3061 5882 3755 4361
5 3619 5755 4003 4362
5 3291 3340 3289 4363
5 6037 6040 6038 4364
5 6102 6152 2676 4365
5 3708 5941 3998 4366
5 4325 5917 4323 4367
5 4672 5634 4675 4368
5 5736 5737 5732 4369
5 2136 5890 2134 4370
5 2291 2744 2289 4371
5 2298 5884 2295 4372
5 2302 6121 2300 4373
5 2301 2305 2303 4374
5 2304 2308 2302 4375
5 6119 6120 2305 4376
5 2312 5906 2314 4377
5 2325 2747 2746 4378
5 2486 2487 2485 4379
5 2751 2753 2752 4380
5 2755 2758 2756 4381
5 2758 2760 2759 4382
5 2760 2762 2761 4383
5 2764 6001 2762 4384
5 2765 2773 2766 4385
5 3769 3771 3770 4386
5 3771 4063 3772 4387
5 4022 5820 5819 4388
5 4329 6070 6069 4389
5 5987 6013 2280 4390
5 2935 6126 2933 4391
5 3043 3044 3041 4392
5 3909 4722 4710 4393
5 6221 6277 4024 4394
5 2480 2481 2479 4395
5 2934 6226 3093 4396
5 2972 3074 2974 4397
5 3626 3628 3627 4398
5 2166 5995 2164 4399
5 5950 6125 2264 4400
5 2280 6053 5987 4401
5 2975 5909 2981 4402
5 3583 3584 3582 4403
5 5704 5706 5703 4404
5 5946 5948 5947 4405
5 2716 6205 3287 4406
5 3584 3585 3582 4407
5 5974 6184 4026 4408
5 3548 4190 4189 4409
5 3632 5840 3634 4410
5 4060 4061 3753 4411
5 2702 2703 2683 4412
5 2709 6025 2707 4413
5 2708 4328 2710 4414
5 3427 3453 3428 4415
5 2160 6105 2162 4416
5 2172 6156 2170 4417
5 2840 6001 4331 4418
5 2975 2981 2977 4419
5 3685 5978 3683 4420
5 6002 6202 4027 4421
5 4195 5900 4197 4422
5 4679 6043 5631 4423
5 4399 4400 4397 4424
5 4399 5990 5799 4425
5 2819 5878 2200 4426
5 2491 6138 2655 4427
5 3664 6018 3663 4428
5 3690 5951 3692 4429
5 6033 6123 4376 4430
5 4390 6224 4398 4431
5 2972 5879 3074 4432
5 3856 6138 4689 4433
5 3710 3712 3711 4434
5 4012 4681 4680 4435
5 4431 4432 4430 4436
5 5792 6041 4691 4437
5 5882 6060 4693 4438
5 2808 6165 2806 4439
5 2837 6104 5932 4440
5 3591 4009 3589 4441
5 5949 6125 5950 4442
5 2288 2827 2290 4443
5 2297 3733 2299 4444
5 2300 2802 2298 4445
5 2299 6119 2301 4446
5 2309 2316 2308 4447
5 2318 2319 2315 4448
5 2449 6157 6156 4449
5 4338 6111 2752 4450
5 2753 2755 2754 4451
5 2827 6182 6081 4452
5 3573 4687 3571 4453
5 6018 6021 3663 4454
5 4349 6094 4346 4455
5 6031 6032 4376 4456
5 6217 6306 6279 4457
5 5793 6420 2189 4458
5 5853 6085 4322 4459
5 6079 6207 6143 4460
5 2191 5769 2096 4461
5 2277 2288 2279 4462
5 2290 2292 2291 4463
5 2294 2297 2295 4464
5 2297 2299 2298 4465
5 2299 2301 2300 4466
5 2301 2303 2302 4467
5 2755 2756 2754 4468
5 2807 2808 2806 4469
5 4000 4001 3473 4470
5 4158 4159 4157 4471
5 4361 6094 4349 4472
5 6020 6110 4354 4473
5 4371 4373 4372 4474
5 4564 5789 4389 4475
5 2532 2534 2533 4476
5 2562 2564 2563 4477
5 2575 2578 2577 4478
5 3274 3760 2576 4479
5 2586 2588 2587 4480
5 2925 2926 2921 4481
5 3785 3786 3784 4482
5 5664 5665 5663 4483
5 4148 4150 4149 4484
5 4190 6283 4189 4485
5 6033 6179 6124 4486
5 2884 3064 2886 4487
5 2997 3094 2999 4488
5 3019 6339 3021 4489
5 3751 6239 4060 4490
5 2145 5920 2143 4491
5 2143 5920 2186 4492
5 2149 2814 2151 4493
5 3548 4191 4190 4494
5 6038 6270 4401 4495
5 5949 5950 4404 4496
5 4702 4705 4704 4497
5 6047 6185 2827 4498
5 3667 6018 3664 4499
5 4388 6224 4390 4500
5 4393 6099 4391 4501
5 5797 6154 5817 4502
5 2518 2698 2520 4503
5 2522 2742 2524 4504
5 2594 6039 2596 4505
5 4236 4417 4416 4506
5 2983 2985 2984 4507
5 3429 3547 3426 4508
5 5655 5808 4684 4509
5 4696 6174 3763 4510
5 4148 4149 4092 4511
5 3634 5840 4051 4512
5 2167 5995 3273 4513
5 2522 2524 2523 4514
5 2524 2526 2525 4515
5 2528 2530 2529 4516
5 3044 3045 3041 4517
5 3074 3566 3565 4518
5 3292 3294 3293 4519
5 4424 5746 3808 4520
5 4157 5666 4413 4521
5 4454 4460 4453 4522
5 5706 6135 5703 4523
5 3294 3516 3295 4524
5 2934 2936 2935 4525
5 2946 2948 2947 4526
5 2950 2952 2951 4527
5 3966 6173 3757 4528
5 4150 4946 4233 4529
5 2296 6079 6078 4530
5 5933 5934 2836 4531
5 3785 5801 3788 4532
5 4352 4356 4355 4533
5 4392 5990 4394 4534
5 6112 6113 6020 4535
5 3058 5764 2985 4536
5 3074 5879 5744 4537
5 4336 6173 4595 4538
5 5677 5679 5678 4539
5 5729 5731 5728 4540
5 2288 2290 2289 4541
5 2827 6081 2290 4542
5 4329 6069 2311 4543
5 2314 2317 2315 4544
5 2319 6072 2315 4545
5 2804 6052 2636 4546
5 2708 2709 2707 4547
5 2753 6093 2757 4548
5 2762 2763 2761 4549
5 2765 6001 2840 4550
5 3769 3770 3478 4551
5 3665 3666 3664 4552
5 3686 3688 3687 4553
5 3688 3690 3689 4554
5 3694 6261 3696 4555
5 4369 4371 4370 4556
5 5988 6021 6018 4557
5 4167 4168 3876 4558
5 6004 6005 4452 4559
5 5730 5734 5729 4560
5 4824 5919 5918 4561
5 2588 6028 2692 4562
5 2624 6051 3271 4563
5 2638 6052 2722 4564
5 2886 2888 2887 4565
5 2912 5877 2914 4566
5 2189 6197 2114 4567
5 2162 2164 2163 4568
5 2164 2167 2165 4569
5 2167 2169 2168 4570
5 2581 2665 2579 4571
5 3572 3573 3571 4572
5 3787 4078 3789 4573
5 3984 4297 3983 4574
5 4092 5695 4073 4575
5 4310 5257 4211 4576
5 4386 4388 4387 4577
5 4388 4390 4389 4578
5 4392 4394 4393 4579
5 2181 6213 2179 4580
5 2598 2599 2597 4581
5 2701 2702 2683 4582
5 3663 6016 2810 4583
5 3675 4028 3673 4584
5 3786 4708 3784 4585
5 5921 5922 4315 4586
5 4697 6152 6102 4587
5 5821 5822 5820 4588
5 5973 6048 5975 4589
5 3602 3603 3601 4590
5 3687 5966 4025 4591
5 4191 4193 4192 4592
5 5988 6018 6017 4593
5 3606 3607 3605 4594
5 4070 4072 4071 4595
5 2088 2091 2089 4596
5 2447 5753 2124 4597
5 2726 3571 2488 4598
5 2548 2549 2547 4599
5 2558 2559 2557 4600
5 2587 6006 2664 4601
5 2944 2946 2945 4602
5 3702 3704 3703 4603
5 2099 2103 2101 4604
5 4067 4068 3570 4605
5 4032 4313 4033 4606
5 4363 6088 4820 4607
5 3566 3569 3568 4608
5 3599 3645 3597 4609
5 3631 3994 3629 4610
5 2708 5924 4328 4611
5 2925 5940 2928 4612
5 3008 6265 3011 4613
5 3627 5710 3997 4614
5 3735 6148 5921 4615
5 4233 4235 4234 4616
5 6102 6103 4697 4617
5 4069 6217 3570 4618
5 4045 5722 5721 4619
5 4130 4137 4131 4620
5 4348 4349 4346 4621
5 5713 5715 5711 4622
5 2294 6078 2297 4623
5 2318 2321 2320 4624
5 2526 2697 2528 4625
5 2536 2538 2537 4626
5 2540 2542 2541 4627
5 2552 2554 2553 4628
5 2570 2572 2571 4629
5 2665 6131 2579 4630
5 2584 3276 2586 4631
5 2691 6163 2598 4632
5 2602 6029 2604 4633
5 2830 6132 2618 4634
5 2628 2630 2629 4635
5 2747 4007 2746 4636
5 2748 6142 6117 4637
5 2749 6120 2788 4638
5 3116 5508 3118 4639
5 3668 3670 3669 4640
5 3674 3676 3675 4641
5 4330 6122 5906 4642
5 4391 4564 4389 4643
5 5770 5771 5769 4644
5 5821 6241 5823 4645
5 6020 6143 6110 4646
5 4336 4595 4594 4647
5 4460 4475 4453 4648
5 4787 6332 6255 4649
5 2086 2452 2344 4650
5 2890 2892 2891 4651
5 2894 2897 2895 4652
5 2942 2944 2943 4653
5 3692 5951 3992 4654
5 3715 4013 3713 4655
5 3990 5952 5951 4656
5 4191 4192 4190 4657
5 4195 4197 4196 4658
5 4382 5949 4404 4659
5 5797 5798 4400 4660
5 5742 5743 5714 4661
5 2997 2998 2996 4662
5 3034 5899 3036 4663
5 3278 5920 2145 4664
5 2149 2151 2150 4665
5 2199 2202 2201 4666
5 4017 5925 3705 4667
5 4300 4301 4001 4668
5 4382 4384 4383 4669
5 6198 6302 6197 4670
5 2305 6120 2749 4671
5 2457 2719 2455 4672
5 2818 4406 2820 4673
5 2907 5939 3092 4674
5 6265 6303 3011 4675
5 3296 3298 3297 4676
5 5859 5861 5860 4677
5 5867 5869 5868 4678
5 2723 4677 4676 4679
5 2886 2887 2885 4680
5 2944 3069 2946 4681
5 3864 4528 3875 4682
5 4403 6123 6033 4683
5 5930 5931 5926 4684
5 5959 5960 5958 4685
5 2924 5940 2925 4686
5 4087 4929 4089 4687
5 2472 2474 2473 4688
5 2670 6164 2672 4689
5 2811 5994 2812 4690
5 3671 4029 3669 4691
5 3689 5966 3687 4692
5 4699 6027 3760 4693
5 4018 6241 5897 4694
5 4060 6239 4846 4695
5 2458 2461 2460 4696
5 2489 2492 2491 4697
5 2972 2973 2971 4698
5 3812 4730 3520 4699
5 3701 5897 3699 4700
5 3706 5941 3708 4701
5 3758 5882 4032 4702
5 4723 4725 4724 4703
5 5822 5824 5820 4704
5 3624 3625 3623 4705
5 3628 3629 3627 4706
5 4079 4083 4080 4707
5 3023 3071 3025 4708
5 5943 5945 5944 4709
5 2088 2450 2091 4710
5 2948 2950 2949 4711
5 3630 4050 3632 4712
5 3634 4051 3636 4713
5 4758 4760 4759 4714
5 2095 2097 2096 4715
5 2806 6165 6077 4716
5 2826 5642 3810 4717
5 2970 2972 2971 4718
5 2983 2984 2982 4719
5 3041 5830 3039 4720
5 3636 3638 3637 4721
5 3670 3672 3671 4722
5 4028 5979 3673 4723
5 3694 3696 3695 4724
5 4033 4310 4211 4725
5 4673 5606 4322 4726
5 5633 6043 4680 4727
5 5986 5987 5985 4728
5 2158 2451 2160 4729
5 2199 2200 2197 4730
5 2719 5751 2455 4731
5 2500 2502 2501 4732
5 6111 6142 2750 4733
5 3017 3088 3019 4734
5 4017 5927 5926 4735
5 5966 5967 4025 4736
5 2937 2939 2935 4737
5 2947 2955 2945 4738
5 2981 2983 2982 4739
5 3608 3609 3607 4740
5 4334 5813 3756 4741
5 2738 2740 2739 4742
5 2975 2976 2973 4743
5 3724 3725 3476 4744
5 3698 6175 3700 4745
5 3708 3998 3710 4746
5 3711 4016 3709 4747
5 4327 5915 3724 4748
5 3984 4298 4297 4749
5 4195 4196 4194 4750
5 4336 4594 4337 4751
5 4451 4464 4463 4752
5 5859 5860 5858 4753
5 5869 5870 5868 4754
5 5972 5978 5968 4755
5 6216 6246 6112 4756
5 2113 6284 3282 4757
5 2473 3097 2475 4758
5 3706 3707 3705 4759
5 3785 3788 3787 4760
5 2571 6027 6026 4761
5 3630 3632 3631 4762
5 3634 3636 3635 4763
5 3638 3640 3639 4764
5 2153 2155 2154 4765
5 2158 2160 2159 4766
5 2160 2162 2161 4767
5 2287 6180 2203 4768
5 5982 6242 2281 4769
5 2902 2908 2907 4770
5 4085 4913 4156 4771
5 4380 4382 4381 4772
5 5950 6040 4404 4773
5 4446 4453 4444 4774
5 5865 5866 5864 4775
5 3094 5785 2999 4776
5 3714 3715 3713 4777
5 5794 6316 6256 4778
5 2530 3280 2532 4779
5 4299 6222 2574 4780
5 4030 5910 2738 4781
5 3023 3024 3022 4782
5 3620 3621 3619 4783
5 3730 3731 3729 4784
5 3758 3967 3966 4785
5 3977 4319 4318 4786
5 5964 5965 4319 4787
5 4672 4675 4671 4788
5 4675 5622 5602 4789
5 2262 6090 2265 4790
5 2497 2654 2495 4791
5 3034 3036 3035 4792
5 3679 4027 3677 4793
5 5985 6017 4029 4794
5 4684 4686 4168 4795
5 4235 5658 4236 4796
5 4367 6097 4369 4797
5 4432 4434 4433 4798
5 5742 6181 5743 4799
5 5970 5972 5968 4800
5 2184 5777 5776 4801
5 2458 5815 2461 4802
5 2476 2478 2477 4803
5 2482 2484 2483 4804
5 2486 2488 2487 4805
5 2500 2501 2499 4806
5 2924 2925 2921 4807
5 3099 3100 3098 4808
5 3592 3594 3593 4809
5 3809 6331 3807 4810
5 2107 2190 2105 4811
5 2498 2499 2497 4812
5 2894 3265 2897 4813
5 2910 3062 2912 4814
5 3038 3039 3037 4815
5 3615 4004 3613 4816
5 3618 3619 3617 4817
5 3643 3811 3641 4818
5 4036 5687 5686 4819
5 2509 2652 2507 4820
5 2920 2924 2921 4821
5 3080 3785 3784 4822
5 5373 5844 4211 4823
5 2279 5963 2306 4824
5 2502 5881 2699 4825
5 2999 3005 3000 4826
5 3623 3999 3621 4827
5 3627 3997 3625 4828
5 3668 3669 3667 4829
5 3671 5979 4029 4830
5 5968 5978 4025 4831
5 3984 4474 4298 4832
5 4030 6023 5912 4833
5 4319 5600 5599 4834
5 2091 2093 2092 4835
5 2190 5810 2105 4836
5 2306 5963 4333 4837
5 2546 2548 2547 4838
5 3266 5772 2548 4839
5 2556 2558 2557 4840
5 2568 2570 2569 4841
5 2592 2594 2593 4842
5 3267 6029 2602 4843
5 2606 2608 2607 4844
5 2608 2610 2609 4845
5 2622 2624 2623 4846
5 2634 2636 2635 4847
5 2991 2992 2990 4848
5 3634 3635 3633 4849
5 3649 3651 3648 4850
5 6017 6018 3667 4851
5 3672 3674 3673 4852
5 3986 5989 3674 4853
5 3804 3805 3792 4854
5 4014 5880 5662 4855
5 4021 5653 5652 4856
5 4022 5897 5821 4857
5 4298 5605 4674 4858
5 5969 5970 5968 4859
5 5970 5973 5972 4860
5 5983 5986 5984 4861
5 2079 2081 2080 4862
5 2161 2184 2159 4863
5 2170 2183 2168 4864
5 2211 6095 2831 4865
5 2265 6090 2838 4866
5 2820 2822 2821 4867
5 2975 2977 2976 4868
5 2993 2994 2992 4869
5 3116 3118 3117 4870
5 3427 3428 3299 4871
5 3811 3983 3641 4872
5 3733 6225 6168 4873
5 4022 5821 5820 4874
5 4342 6068 4345 4875
5 4396 5074 4393 4876
5 4679 5631 4682 4877
5 2482 3283 2484 4878
5 2486 2726 2488 4879
5 2546 3266 2548 4880
5 2592 2803 2594 4881
5 2596 2691 2598 4882
5 2599 2662 2597 4883
5 2606 6158 2608 4884
5 2612 2689 2614 4885
5 2953 2958 2957 4886
5 2960 2962 2961 4887
5 3063 5748 2962 4888
5 3294 3518 3516 4889
5 4709 6275 3790 4890
5 5702 5704 5703 4891
5 5804 6292 6244 4892
5 2098 2191 2096 4893
5 4339 6047 2276 4894
5 2655 3856 3855 4895
5 2972 2974 2973 4896
5 3022 3027 3020 4897
5 3039 5745 3037 4898
5 3069 6310 5809 4899
5 3612 3614 3613 4900
5 3683 5978 4026 4901
5 4012 4680 4679 4902
5 4386 6037 4401 4903
5 4398 5992 5991 4904
5 4446 4454 4453 4905
5 6380 6390 4714 4906
5 2085 2087 2086 4907
5 2169 2171 2170 4908
5 2176 2178 2177 4909
5 2196 2198 2197 4910
5 2208 2211 2209 4911
5 2215 2217 2216 4912
5 2217 2220 2218 4913
5 2222 2224 2223 4914
5 2229 2231 2230 4915
5 2231 2233 2232 4916
5 2233 2235 2234 4917
5 2238 2240 2239 4918
5 2264 6076 5950 4919
5 2306 2806 2278 4920
5 2699 5812 2504 4921
5 2930 3059 2932 4922
5 2934 3093 2936 4923
5 2963 2979 2961 4924
5 4312 6306 4071 4925
5 4715 6299 4080 4926
5 4343 6094 4366 4927
5 4348 4350 4349 4928
5 4373 4375 4374 4929
5 4402 5949 4380 4930
5 5074 6099 4393 4931
5 4527 5688 4458 4932
5 5631 5632 4682 4933
5 5827 5828 5826 4934
5 6032 6166 6096 4935
5 2502 2699 2504 4936
5 2506 2507 2505 4937
5 2907 3092 2903 4938
5 2911 2922 2909 4939
5 3588 3589 3587 4940
5 3630 3631 3629 4941
5 2137 2138 2136 4942
5 2158 2159 2156 4943
5 2169 2170 2168 4944
5 3008 3011 3010 4945
5 3749 3752 3751 4946
5 4032 4033 3967 4947
5 6299 6367 4708 4948
5 2134 2187 2132 4949
5 2894 2895 2893 4950
5 2115 2117 2116 4951
5 2121 6144 2119 4952
5 2131 2133 2132 4953
5 2135 2136 2134 4954
5 2137 2140 2138 4955
5 2472 2476 2474 4956
5 2818 6180 4406 4957
5 2934 2935 2933 4958
5 2968 2970 2969 4959
5 3516 3517 3295 4960
5 3759 4334 3756 4961
5 5976 6002 4027 4962
5 4228 4712 4159 4963
5 2085 2086 2084 4964
5 2208 6095 2211 4965
5 2261 6046 2259 4966
5 2275 6077 2272 4967
5 2451 6106 6105 4968
5 4333 6089 2807 4969
5 6016 6165 2808 4970
5 2812 3665 3664 4971
5 3113 4296 3115 4972
5 3611 4006 3609 4973
5 3665 3982 3666 4974
5 3668 3985 3670 4975
5 3677 6202 3675 4976
5 3676 3987 3678 4977
5 3680 3988 3682 4978
5 3684 3989 3686 4979
5 3980 4321 4320 4980
5 4321 4673 4322 4981
5 4368 6088 4363 4982
5 4403 6186 4402 4983
5 5967 5969 5968 4984
5 2091 2092 2089 4985
5 2467 2470 2469 4986
5 2514 2515 2513 4987
5 2622 6051 2624 4988
5 3008 3010 3009 4989
5 3031 3033 3032 4990
5 3097 3099 3098 4991
5 3099 3101 3100 4992
5 3574 3577 3576 4993
5 6153 6194 3734 4994
5 4443 4445 4444 4995
5 5916 6155 6148 4996
5 2153 6234 2157 4997
5 2194 5878 4332 4998
5 2465 2467 2466 4999
5 2948 2949 2947 5000
5 5952 5955 5953 5001
5 2942 6073 2944 5002
5 3040 3041 3039 5003
5 3112 3113 3111 5004
5 3696 6261 3993 5005
5 4537 4685 4684 5006
5 6370 6380 4712 5007
5 2085 2088 2087 5008
5 2117 2118 2116 5009
5 2128 2129 2127 5010
5 2494 2496 2495 5011
5 2522 2523 2521 5012
5 5708 6386 2718 5013
5 2722 6052 4324 5014
5 2890 3073 2892 5015
5 2899 3072 2901 5016
5 2927 3091 2926 5017
5 2944 2945 2943 5018
5 2946 2947 2945 5019
5 2968 6067 2970 5020
5 3103 3104 3102 5021
5 3590 3591 3589 5022
5 3622 3623 3621 5023
5 4049 6274 3628 5024
5 4061 4062 3753 5025
5 3755 3757 3756 5026
5 3864 4529 4528 5027
5 4700 6219 6215 5028
5 3061 3754 2924 5029
5 2964 2966 2965 5030
5 3057 6067 2968 5031
5 3622 4048 3624 5032
5 4309 5831 3983 5033
5 4067 4628 4068 5034
5 2995 2997 2996 5035
5 3520 3880 3519 5036
5 3758 4032 3967 5037
5 5720 6229 4046 5038
5 4157 4413 4086 5039
5 2106 2107 2105 5040
5 2526 2527 2525 5041
5 2995 2996 2994 5042
5 3017 3018 3016 5043
5 4122 4484 4121 5044
5 5848 6309 5849 5045
5 2147 3278 2145 5046
5 2162 2166 2164 5047
5 2165 2789 2163 5048
5 2167 3273 2169 5049
5 2458 2460 2459 5050
5 3023 3025 3024 5051
5 3284 3737 3032 5052
5 4413 6280 4086 5053
5 4384 6037 4386 5054
5 4386 4401 4388 5055
5 4399 5796 4400 5056
5 2099 2101 2100 5057
5 2117 2119 2118 5058
5 2171 2173 2172 5059
5 2173 2176 2174 5060
5 2178 2180 2179 5061
5 2193 2196 2194 5062
5 2204 2206 2205 5063
5 2206 2208 2207 5064
5 2211 2213 2212 5065
5 2213 2215 2214 5066
5 2224 2226 2225 5067
5 2226 2229 2227 5068
5 2235 2238 2236 5069
5 2240 2242 2241 5070
5 2244 2247 2245 5071
5 2247 2249 2248 5072
5 2249 2251 2250 5073
5 2251 2253 2252 5074
5 2253 2256 2254 5075
5 2258 2260 2259 5076
5 2265 2267 2266 5077
5 2467 3652 2470 5078
5 2512 2514 2513 5079
5 2514 2516 2515 5080
5 6064 6065 2562 5081
5 2580 2582 2581 5082
5 2686 6164 6155 5083
5 2999 3000 2998 5084
5 3074 5744 3566 5085
5 3568 6116 4067 5086
5 3596 3598 3597 5087
5 3699 4022 3697 5088
5 3713 6058 3711 5089
5 3716 3717 3715 5090
5 3762 4768 4699 5091
5 4379 4380 4378 5092
5 4398 5990 4392 5093
5 5607 5609 5608 5094
5 6015 6165 6016 5095
5 2129 2448 2127 5096
5 2470 2471 2469 5097
5 4303 5646 4304 5098
5 2540 2541 2539 5099
5 2602 2603 2601 5100
5 2629 6092 2657 5101
5 3274 4407 3761 5102
5 3762 4699 3760 5103
5 5710 5803 3997 5104
5 4129 6262 4130 5105
5 4310 6292 5804 5106
5 6167 6231 5813 5107
5 5871 5872 5870 5108
5 2081 2082 2080 5109
5 2083 2084 2082 5110
5 3015 3016 3014 5111
5 3710 3711 3709 5112
5 3719 4012 4011 5113
5 4537 4684 4168 5114
5 4529 4799 4528 5115
5 2102 3285 2100 5116
5 4060 4845 4061 5117
5 4088 4691 4062 5118
5 4692 5787 4691 5119
5 4692 5788 5787 5120
5 2106 2108 2107 5121
5 2124 2126 2125 5122
5 2283 6282 5905 5123
5 2536 2537 2535 5124
5 2554 2555 2553 5125
5 2556 2557 2555 5126
5 2564 6065 2724 5127
5 2566 2567 2565 5128
5 2568 2569 2567 5129
5 2570 2571 2569 5130
5 2590 2591 2589 5131
5 2592 2593 2591 5132
5 2596 2597 2595 5133
5 2600 6163 3267 5134
5 2604 2605 2603 5135
5 2606 2607 2605 5136
5 2608 2609 2607 5137
5 2610 2611 2609 5138
5 2612 2613 2611 5139
5 2616 2617 2615 5140
5 2620 2621 2619 5141
5 2628 2629 2627 5142
5 2628 6146 2687 5143
5 2632 2633 2631 5144
5 2634 2635 2633 5145
5 2636 2637 2635 5146
5 2635 6074 2656 5147
5 2666 2667 2639 5148
5 2670 2671 2669 5149
5 2672 2673 2671 5150
5 2671 6128 2684 5151
5 2672 6164 2686 5152
5 2677 2679 2678 5153
5 2721 6133 2701 5154
5 2702 2704 2703 5155
5 2722 4324 4323 5156
5 2740 3470 3469 5157
5 2895 2904 2893 5158
5 2902 2903 2900 5159
5 3108 3109 3107 5160
5 3569 6116 3568 5161
5 3714 3716 3715 5162
5 4600 4698 3723 5163
5 5917 5921 4323 5164
5 5912 6022 5938 5165
5 5938 6152 5912 5166
5 5955 5956 5953 5167
5 2151 2153 2152 5168
5 2292 6081 2296 5169
5 2504 2506 2505 5170
5 3748 6196 2901 5171
5 2930 2931 2929 5172
5 3290 3291 3289 5173
5 3880 3893 3519 5174
5 3698 3699 3697 5175
5 3700 3701 3699 5176
5 3711 6058 4016 5177
5 4028 5981 5980 5178
5 4084 4715 4080 5179
5 4350 4351 4349 5180
5 4352 4354 4351 5181
5 4384 4386 4385 5182
5 2494 2700 2496 5183
5 2203 6180 2201 5184
5 6014 6053 2280 5185
5 2306 2807 2806 5186
5 2532 2533 2531 5187
5 2534 2535 2533 5188
5 2542 2543 2541 5189
5 2552 2553 2551 5190
5 2562 2563 2561 5191
5 2564 2565 2563 5192
5 2575 2577 2576 5193
5 2578 2579 2577 5194
5 2580 2581 2579 5195
5 2580 6195 2693 5196
5 2582 2583 2581 5197
5 2584 2585 2583 5198
5 2588 2589 2587 5199
5 2594 2595 2593 5200
5 2624 2625 2623 5201
5 2630 2631 2629 5202
5 2813 3471 2811 5203
5 2932 2933 2931 5204
5 3013 3014 3012 5205
5 3072 5768 3749 5206
5 3472 3980 3471 5207
5 3638 3639 3637 5208
5 5994 6085 3665 5209
5 3683 4026 3681 5210
5 3687 4025 3685 5211
5 4167 6233 5502 5212
5 4345 4347 4346 5213
5 4370 4639 4368 5214
5 4369 6031 4371 5215
5 4372 6136 4370 5216
5 4398 5991 5990 5217
5 5798 5800 4400 5218
5 4672 5635 5634 5219
5 5911 6152 4697 5220
5 2925 2928 2927 5221
5 2930 2932 2931 5222
5 3614 4046 3616 5223
5 4087 4089 4088 5224
5 4336 4337 4335 5225
5 4466 6398 5851 5226
5 6060 6238 4693 5227
5 5729 5733 5731 5228
5 2113 2115 2114 5229
5 2306 4333 2807 5230
5 2480 2482 2481 5231
5 2512 2718 2514 5232
5 2809 2813 2811 5233
5 2812 3663 2810 5234
5 2812 5994 3665 5235
5 4320 5994 3471 5236
5 3472 3981 3980 5237
5 3665 6085 3982 5238
5 3678 3679 3677 5239
5 3680 3681 3679 5240
5 3682 3683 3681 5241
5 3686 3687 3685 5242
5 4024 5966 3689 5243
5 3692 3693 3691 5244
5 3698 3700 3699 5245
5 4085 4086 4084 5246
5 4322 6085 4320 5247
5 4594 4786 4337 5248
5 4345 4353 4347 5249
5 4369 6097 6031 5250
5 4370 6136 4639 5251
5 4786 4788 4787 5252
5 5975 5976 5974 5253
5 5982 5983 5980 5254
5 2461 2462 2460 5255
5 2502 2504 2503 5256
5 2829 5818 2540 5257
5 2596 6039 2691 5258
5 2599 5907 2662 5259
5 2937 2940 2939 5260
5 2942 2943 2940 5261
5 2985 2986 2984 5262
5 2987 2989 2988 5263
5 3113 3115 3111 5264
5 3614 3615 3613 5265
5 3725 3727 3726 5266
5 3909 4710 4709 5267
5 5607 5608 4299 5268
5 4417 5640 4416 5269
5 3007 6265 3008 5270
5 3031 3032 3026 5271
5 3030 5898 3031 5272
5 3033 3284 3032 5273
5 4715 6367 6299 5274
5 2198 2199 2197 5275
5 2241 6282 2283 5276
5 2259 6046 2281 5277
5 2263 6013 2832 5278
5 2268 6014 2280 5279
5 2274 2275 2272 5280
5 2272 6077 4316 5281
5 2276 2277 2275 5282
5 2277 2279 2278 5283
5 2292 2293 2291 5284
5 2295 5884 2307 5285
5 2297 6078 3733 5286
5 2299 2300 2298 5287
5 2300 6121 2802 5288
5 2301 6119 2305 5289
5 2304 2309 2308 5290
5 2310 2311 2309 5291
5 2310 6117 4330 5292
5 2312 2313 2311 5293
5 2313 6072 4329 5294
5 2317 2318 2315 5295
5 3457 6082 2317 5296
5 2746 6072 2319 5297
5 2320 6083 2325 5298
5 2325 3408 2747 5299
5 2334 4031 3477 5300
5 4007 6071 2746 5301
5 2752 6111 2750 5302
5 2751 6093 2753 5303
5 2754 4338 2752 5304
5 2759 2785 2756 5305
5 2760 2764 2762 5306
5 2766 2767 2763 5307
5 2813 3472 3471 5308
5 2931 2941 2929 5309
5 2950 3080 2952 5310
5 3095 6057 4340 5311
5 3408 3512 3468 5312
5 3676 3677 3675 5313
5 3690 3691 3689 5314
5 3875 3876 3767 5315
5 3769 4405 3771 5316
5 5606 5853 4322 5317
5 4329 6071 6070 5318
5 4340 4344 4342 5319
5 4346 6094 4343 5320
5 4351 6110 4361 5321
5 4353 4363 4358 5322
5 4821 6086 4358 5323
5 4647 6149 4362 5324
5 4367 4368 4363 5325
5 4371 4372 4370 5326
5 4371 6031 4376 5327
5 4373 4374 4372 5328
5 4375 4377 4374 5329
5 4437 4438 4436 5330
5 6031 6166 6032 5331
5 6081 6182 6080 5332
5 2914 3089 2916 5333
5 2917 2923 2915 5334
5 2997 6272 3094 5335
5 3749 3751 3750 5336
5 3752 6239 3751 5337
5 2140 3269 2142 5338
5 2822 2824 2823 5339
5 2825 3473 2824 5340
5 2993 3056 2995 5341
5 3017 5848 3088 5342
5 3568 4067 3570 5343
5 3632 3633 3631 5344
5 4032 4693 4313 5345
5 4204 4418 4202 5346
5 4382 4404 4384 5347
5 4404 6040 6037 5348
5 5981 6202 6002 5349
5 2108 2110 2109 5350
5 2171 2172 2170 5351
5 2173 2174 2172 5352
5 2176 2177 2174 5353
5 2182 5876 2177 5354
5 2180 2181 2179 5355
5 2180 2193 2181 5356
5 2193 2194 2181 5357
5 2196 2197 2194 5358
5 2202 2204 2203 5359
5 2204 2205 2203 5360
5 2206 2207 2205 5361
5 2206 5999 2210 5362
5 2208 2209 2207 5363
5 2210 6095 2208 5364
5 2215 2216 2214 5365
5 2217 2218 2216 5366
5 2220 2222 2221 5367
5 2224 2225 2223 5368
5 2226 2227 2225 5369
5 2837 6007 2225 5370
5 2229 2230 2227 5371
5 2231 2232 2230 5372
5 2233 2234 2232 5373
5 2235 2236 2234 5374
5 2238 2239 2236 5375
5 2236 5904 2839 5376
5 2242 2243 2241 5377
5 2242 2244 2243 5378
5 2244 2245 2243 5379
5 2246 6062 2244 5380
5 2247 2248 2245 5381
5 2249 2250 2248 5382
5 2256 2258 2257 5383
5 2258 2259 2257 5384
5 2260 2261 2259 5385
5 2260 2262 2261 5386
5 2262 2263 2261 5387
5 2262 2265 2263 5388
5 2265 2266 2263 5389
5 2267 2269 2268 5390
5 2269 2271 2270 5391
5 2274 6091 3095 5392
5 2288 2289 2279 5393
5 2744 5963 2289 5394
5 2498 2500 2499 5395
5 2573 6027 2571 5396
5 2572 2723 2574 5397
5 2723 4299 2574 5398
5 2578 6195 2580 5399
5 2807 6089 2809 5400
5 2810 6016 2808 5401
5 3091 3653 2926 5402
5 2928 2930 2929 5403
5 2966 2968 2967 5404
5 3047 3564 3045 5405
5 4426 6343 3286 5406
5 3676 3678 3677 5407
5 3688 3689 3687 5408
5 4553 4612 3969 5409
5 4682 6289 4011 5410
5 5984 5985 4029 5411
5 4347 4348 4346 5412
5 6068 6097 4367 5413
5 4369 4370 4368 5414
5 4375 4378 4377 5415
5 4377 5321 4807 5416
5 4381 6177 6176 5417
5 4390 4391 4389 5418
5 6124 6186 4403 5419
5 6136 6137 4639 5420
5 5928 5930 5926 5421
5 5975 5977 5976 5422
5 2088 2089 2087 5423
5 2498 2835 2500 5424
5 6218 6257 2758 5425
5 3298 3299 3297 5426
5 5941 5947 3998 5427
5 4139 4945 4201 5428
5 4236 4410 4234 5429
5 5635 6153 6011 5430
5 2093 2349 2095 5431
5 2116 2189 2114 5432
5 2122 2447 2124 5433
5 2126 2130 2128 5434
5 2452 2454 2453 5435
5 3028 5783 3014 5436
5 3017 3019 3018 5437
5 4129 4130 3651 5438
5 4711 6353 4418 5439
5 4441 4443 4442 5440
5 4445 4447 4446 5441
5 4719 5626 5625 5442
5 6198 6421 6401 5443
5 2142 2143 2141 5444
5 2153 2154 2152 5445
5 2158 6187 2451 5446
5 2160 2161 2159 5447
5 2162 6105 2166 5448
5 2164 2165 2163 5449
5 2167 2168 2165 5450
5 2199 2201 2200 5451
5 2209 5993 2815 5452
5 2290 2291 2289 5453
5 2294 2295 2293 5454
5 2297 2298 2295 5455
5 2301 2302 2300 5456
5 2303 2304 2302 5457
5 2309 6069 2316 5458
5 2318 2320 2319 5459
5 2753 2757 2755 5460
5 3587 4015 3585 5461
5 3995 6330 6273 5462
5 4330 6142 6122 5463
5 4352 6045 4356 5464
5 4357 4359 4355 5465
5 4356 4364 4362 5466
5 4360 4700 4359 5467
5 4364 4887 4624 5468
5 4365 6087 6055 5469
5 4375 6123 4379 5470
5 4382 4383 4381 5471
5 4386 4387 4385 5472
5 4394 4396 4393 5473
5 6019 6112 6020 5474
5 2888 2889 2887 5475
5 2897 2898 2895 5476
5 2901 2902 2900 5477
5 2914 2915 2913 5478
5 2918 2919 2917 5479
5 3754 5940 2924 5480
5 3106 3107 3105 5481
5 3610 3611 3609 5482
5 4048 5795 3624 5483
5 3716 3718 3717 5484
5 3718 3720 3719 5485
5 4429 4430 4428 5486
5 2496 2498 2497 5487
5 5934 5935 2836 5488
5 3649 4129 3651 5489
5 2133 2134 2132 5490
5 2134 5890 2187 5491
5 2890 2891 2889 5492
5 2928 2929 2927 5493
5 2962 2964 2963 5494
5 2966 2967 2965 5495
5 2968 2969 2967 5496
5 3635 3991 3633 5497
5 3638 4052 3640 5498
5 3755 5882 3758 5499
5 3875 4167 3876 5500
5 4050 5843 5840 5501
5 4451 4462 4433 5502
5 4681 4683 4680 5503
5 2120 3279 2118 5504
5 2467 2469 2466 5505
5 2472 6312 2476 5506
5 2929 6159 2927 5507
5 2989 2990 2988 5508
5 3759 4336 4335 5509
5 6033 6124 4403 5510
5 2119 2120 2118 5511
5 2242 2246 2244 5512
5 2256 2828 2258 5513
5 2270 6014 2268 5514
5 2279 2306 2278 5515
5 2289 5963 2279 5516
5 2461 2463 2462 5517
5 2538 2829 2540 5518
5 2623 2658 2621 5519
5 2634 2804 2636 5520
5 2636 6052 2638 5521
5 2639 6034 2637 5522
5 2638 2722 2666 5523
5 2675 5923 2673 5524
5 2807 2809 2808 5525
5 2809 2811 2810 5526
5 2818 2820 2819 5527
5 2958 2959 2957 5528
5 2960 2961 2959 5529
5 2992 3003 2990 5530
5 3031 3034 3033 5531
5 3095 4340 4339 5532
5 3622 3624 3623 5533
5 3692 3992 3694 5534
5 3695 4023 3693 5535
5 3761 3937 3762 5536
5 4033 4211 3967 5537
5 4344 6068 4342 5538
5 4348 4365 4350 5539
5 4361 6207 6183 5540
5 6086 6087 4365 5541
5 4371 4376 4373 5542
5 4402 6125 5949 5543
5 2081 4311 2083 5544
5 2101 2104 2102 5545
5 2119 2122 2120 5546
5 3030 3031 3026 5547
5 3651 5901 3648 5548
5 3993 6175 3698 5549
5 3700 3995 3702 5550
5 3707 4017 3705 5551
5 5824 5825 5820 5552
5 6143 6207 6110 5553
5 2093 2094 2092 5554
5 2095 2096 2094 5555
5 2099 2100 2098 5556
5 2115 2116 2114 5557
5 2122 2123 2120 5558
5 2124 2125 2123 5559
5 2126 2127 2125 5560
5 6214 6220 2764 5561
5 2953 2957 2954 5562
5 3037 3042 3035 5563
5 3046 3047 3045 5564
5 2108 2109 2107 5565
5 2113 2114 2111 5566
5 3021 3022 3020 5567
5 3590 4036 3592 5568
5 4189 4609 4302 5569
5 4416 5667 4410 5570
5 2762 6001 2765 5571
5 2765 2840 2773 5572
5 2768 2769 2767 5573
5 2840 2842 2841 5574
5 3700 6175 3995 5575
5 3708 3709 3707 5576
5 2097 2098 2096 5577
5 2111 2801 2109 5578
5 2997 2999 2998 5579
5 3097 4314 3099 5580
5 3640 3643 3641 5581
5 3766 3864 3767 5582
5 5840 5841 4051 5583
5 4677 5613 4676 5584
5 2283 5904 2239 5585
5 2832 6046 2261 5586
5 2264 6090 2262 5587
5 2273 6091 2271 5588
5 2278 6077 2275 5589
5 3095 4339 2276 5590
5 2463 2733 2465 5591
5 2484 2485 2483 5592
5 2506 2508 2507 5593
5 2508 2510 2509 5594
5 2530 2532 2531 5595
5 2550 2552 2551 5596
5 2560 2562 2561 5597
5 2566 2568 2567 5598
5 2572 2574 2573 5599
5 2584 2586 2585 5600
5 2692 6010 2590 5601
5 2596 2598 2597 5602
5 2598 2600 2599 5603
5 2620 2622 2621 5604
5 2688 6051 2622 5605
5 2676 5938 2677 5606
5 2704 2708 2707 5607
5 3471 5994 2811 5608
5 3101 3116 3103 5609
5 3682 3684 3683 5610
5 3761 3762 3760 5611
5 5967 5968 4025 5612
5 4340 4341 4339 5613
5 6032 6033 4376 5614
5 4390 4392 4391 5615
5 5873 5874 5872 5616
5 5957 5959 5958 5617
5 2153 2157 2155 5618
5 2966 3057 2968 5619
5 3548 4189 3547 5620
5 5865 5867 5866 5621
5 2104 2105 2102 5622
5 2108 6212 2112 5623
5 2998 3004 2996 5624
5 3104 3105 3102 5625
5 4820 5029 4821 5626
5 2825 6223 3736 5627
5 2908 2909 2907 5628
5 2920 2921 2919 5629
5 2986 3002 2984 5630
5 3016 3028 3014 5631
5 3673 5979 3671 5632
5 4038 4039 3809 5633
5 4024 5971 5966 5634
5 4192 4869 4190 5635
5 4193 4195 4194 5636
5 4324 5603 4325 5637
5 4673 5629 5606 5638
5 5981 5982 5980 5639
5 2094 3277 2092 5640
5 2125 2188 2123 5641
5 2941 6159 2929 5642
5 2958 2960 2959 5643
5 3699 5897 4022 5644
5 3702 3703 3701 5645
5 3759 4335 4334 5646
5 5841 5842 4051 5647
5 4360 6149 4702 5648
5 4685 5655 4684 5649
5 5705 5707 5704 5650
5 5983 5984 5980 5651
5 2093 2095 2094 5652
5 2126 2128 2127 5653
5 2146 2149 2147 5654
5 2454 2455 2453 5655
5 2458 2459 2457 5656
5 2510 2512 2511 5657
5 2822 6223 2825 5658
5 2824 2826 2823 5659
5 2902 2907 2903 5660
5 2910 2911 2909 5661
5 2912 2913 2911 5662
5 4730 6290 3520 5663
5 3706 3708 3707 5664
5 4398 6224 5992 5665
5 5796 5797 4400 5666
5 5952 5953 5951 5667
5 6096 6179 6032 5668
5 4315 6101 2666 5669
5 2686 6155 6103 5670
5 2727 2736 2731 5671
5 3470 6134 3976 5672
5 3640 3641 3639 5673
5 3728 3729 3727 5674
5 3730 6147 3735 5675
5 3731 3979 3978 5676
5 3976 6114 5914 5677
5 3979 4671 4670 5678
5 5601 6114 4317 5679
5 4326 5911 4697 5680
5 5863 5865 5864 5681
5 5922 6164 6101 5682
5 6148 6155 5922 5683
5 2749 2788 2751 5684
5 2974 2975 2973 5685
5 3011 3012 3010 5686
5 3101 3103 3102 5687
5 3670 3671 3669 5688
5 3672 3673 3671 5689
5 3691 6221 4024 5690
5 3712 3713 3711 5691
5 4355 6019 4354 5692
5 2489 2491 2490 5693
5 2494 2495 2493 5694
5 2496 2497 2495 5695
5 3011 3013 3012 5696
5 3968 3969 3453 5697
5 3628 6274 3630 5698
5 4639 6088 4368 5699
5 5832 5834 5833 5700
5 2122 6144 2447 5701
5 2655 3855 3790 5702
5 2723 4676 4299 5703
5 4869 6283 4190 5704
5 4719 5624 4718 5705
5 2104 2106 2105 5706
5 2185 6192 2150 5707
5 2171 2175 2173 5708
5 2174 2449 2172 5709
5 2179 2182 2177 5710
5 2180 2195 2193 5711
5 2202 3272 2204 5712
5 2211 2831 2213 5713
5 2214 2286 2212 5714
5 2220 3270 2222 5715
5 2224 2228 2226 5716
5 2227 2837 2225 5717
5 2239 5904 2236 5718
5 2241 2283 2239 5719
5 2245 2791 2243 5720
5 2247 2790 2249 5721
5 2250 2282 2248 5722
5 2251 2255 2253 5723
5 2254 2745 2252 5724
5 2259 2281 2257 5725
5 2260 2264 2262 5726
5 2263 2832 2261 5727
5 2266 6013 2263 5728
5 2265 2838 2267 5729
5 2268 2280 2266 5730
5 2269 2273 2271 5731
5 2272 4316 2270 5732
5 2274 3095 2276 5733
5 2277 2278 2275 5734
5 2806 6077 2278 5735
5 2456 2457 2455 5736
5 2520 2522 2521 5737
5 2526 2528 2527 5738
5 2719 5752 5751 5739
5 2722 4323 4315 5740
5 2740 5910 3475 5741
5 2827 6185 6182 5742
5 2925 2927 2926 5743
5 2932 2934 2933 5744
5 2950 2951 2949 5745
5 2960 3063 2962 5746
5 2962 2963 2961 5747
5 3292 3293 3291 5748
5 3474 4000 3473 5749
5 3578 3582 3581 5750
5 3674 3675 3673 5751
5 3684 3685 3683 5752
5 3694 3695 3693 5753
5 3729 5964 3727 5754
5 4060 4846 4845 5755
5 4087 4088 4062 5756
5 4088 4692 4691 5757
5 4298 4674 4297 5758
5 5922 6101 4315 5759
5 4316 6015 6014 5760
5 5603 6011 4325 5761
5 4325 6153 5917 5762
5 4340 4342 4341 5763
5 4342 4345 4343 5764
5 4353 4358 4347 5765
5 4363 4820 4358 5766
5 4373 6123 4375 5767
5 4377 4807 4374 5768
5 4379 4402 4380 5769
5 4379 4403 4402 5770
5 4390 4398 4392 5771
5 4402 6186 6125 5772
5 4675 5602 4671 5773
5 5973 5974 5972 5774
5 6032 6179 6033 5775
5 2492 2493 2491 5776
5 2502 2503 2501 5777
5 3909 4709 3790 5778
5 2989 2991 2990 5779
5 2993 2995 2994 5780
5 3703 4018 3701 5781
5 2089 2192 2087 5782
5 2117 2121 2119 5783
5 2296 6080 6079 5784
5 2314 2315 2313 5785
5 2314 5906 2334 5786
5 2463 2464 2462 5787
5 6120 6246 2788 5788
5 3015 3017 3016 5789
5 3666 3667 3664 5790
5 3672 6084 3986 5791
5 3696 3697 3695 5792
5 4343 4366 4341 5793
5 6045 6055 4364 5794
5 4445 4446 4444 5795
5 4704 4706 4701 5796
5 5832 5836 5834 5797
5 5934 5936 5935 5798
5 5987 5988 5985 5799
5 5943 5944 5942 5800
5 2110 2113 2111 5801
5 2191 5770 5769 5802
5 2473 2475 2471 5803
5 2835 5881 2500 5804
5 2809 2810 2808 5805
5 2809 6089 2813 5806
5 2811 2812 2810 5807
5 2812 3664 3663 5808
5 4068 4069 3570 5809
5 3574 3576 3575 5810
5 3610 3612 3611 5811
5 4029 6017 3669 5812
5 4320 6085 5994 5813
5 4345 6068 4353 5814
5 5944 5946 5942 5815
5 2178 2179 2177 5816
5 2179 6213 2182 5817
5 2202 2203 2201 5818
5 2211 2212 2209 5819
5 2213 2214 2212 5820
5 2220 2221 2218 5821
5 2222 2223 2221 5822
5 2233 5902 2237 5823
5 2240 2241 2239 5824
5 2251 2252 2250 5825
5 2251 6129 2255 5826
5 2253 2254 2252 5827
5 2256 2257 2254 5828
5 2254 6012 2745 5829
5 2267 2268 2266 5830
5 2269 2270 2268 5831
5 2271 2272 2270 5832
5 2288 6047 2827 5833
5 2504 2505 2503 5834
5 2508 2509 2507 5835
5 2510 2511 2509 5836
5 3648 4694 3646 5837
5 3695 5819 4023 5838
5 3725 3728 3727 5839
5 3764 3765 3763 5840
5 4316 6165 6015 5841
5 4348 6086 4365 5842
5 4380 4381 4378 5843
5 4388 4389 4387 5844
5 4392 4393 4391 5845
5 4799 5271 4528 5846
5 5635 6194 6153 5847
5 5737 5738 5732 5848
5 5809 6310 5829 5849
5 5936 5937 5935 5850
5 5966 5971 5967 5851
5 3093 3763 2936 5852
5 5961 5962 5960 5853
5 2081 2083 2082 5854
5 2152 2185 2150 5855
5 2156 2816 2154 5856
5 2163 6321 2161 5857
5 2580 2693 2582 5858
5 2757 6218 2755 5859
5 6090 6186 2838 5860
5 3034 3035 3033 5861
5 4394 4399 4397 5862
5 6182 6183 6080 5863
5 6118 6179 2273 5864
5 2493 6138 2491 5865
5 2512 2513 2511 5866
5 3598 4042 3600 5867
5 3688 3990 3690 5868
5 3693 6221 3691 5869
5 3880 4292 3893 5870
5 4028 5980 5979 5871
5 4085 4156 4086 5872
5 4786 4787 4337 5873
5 2122 2124 2123 5874
5 2140 2141 2138 5875
5 2146 2147 2145 5876
5 2149 2150 2147 5877
5 2151 2152 2150 5878
5 2155 2156 2154 5879
5 2155 2158 2156 5880
5 2162 2163 2161 5881
5 4408 6190 2198 5882
5 2516 2518 2517 5883
5 2750 6142 2748 5884
5 2822 2825 2824 5885
5 2948 5762 2950 5886
5 3021 3023 3022 5887
5 3038 3040 3039 5888
5 3110 3112 3111 5889
5 3574 3575 3573 5890
5 3604 3606 3605 5891
5 3751 4060 3753 5892
5 4339 6185 6047 5893
5 4384 4385 4383 5894
5 4397 4636 4396 5895
5 4399 5799 5796 5896
5 2506 2741 2508 5897
5 2916 2917 2915 5898
5 3019 3021 3020 5899
5 3036 3038 3037 5900
5 3287 3288 3286 5901
5 3717 6289 3715 5902
5 4017 5926 5925 5903
5 4443 4444 4442 5904
5 5857 5859 5858 5905
5 5861 5863 5862 5906
5 5869 5871 5870 5907
5 5927 5929 5928 5908
5 2516 2517 2515 5909
5 5712 5714 5713 5910
5 2144 2145 2143 5911
5 2826 3810 2823 5912
5 2892 2893 2891 5913
5 2927 6159 3091 5914
5 2964 2965 2963 5915
5 2970 2971 2969 5916
5 3626 4049 3628 5917
5 5646 5648 5647 5918
5 3071 6446 6442 5919
5 4694 6265 3646 5920
5 3647 3650 3649 5921
5 2113 3282 2115 5922
5 2128 2131 2129 5923
5 2133 2135 2134 5924
5 2142 2144 2143 5925
5 5890 5891 2187 5926
5 2466 2468 2464 5927
5 2518 2519 2517 5928
5 2936 2937 2935 5929
5 2131 2132 2129 5930
5 5909 6247 2981 5931
5 3643 4719 4718 5932
5 3811 3984 3983 5933
5 4137 4139 4138 5934
5 2176 2833 2178 5935
5 2194 4332 2181 5936
5 2205 2287 2203 5937
5 2206 2210 2208 5938
5 2209 2815 2207 5939
5 2223 2285 2221 5940
5 2229 2817 2231 5941
5 2539 2647 2537 5942
5 2542 2695 2544 5943
5 2557 2644 2555 5944
5 2563 2643 2561 5945
5 2569 2642 2567 5946
5 2568 3275 2570 5947
5 2577 3274 2576 5948
5 2589 6006 2587 5949
5 2593 2663 2591 5950
5 2598 6163 2600 5951
5 2600 3267 2602 5952
5 2604 2690 2606 5953
5 2608 2805 2610 5954
5 2611 2660 2609 5955
5 2617 2659 2615 5956
5 2620 2688 2622 5957
5 2626 6146 2628 5958
5 2629 2657 2627 5959
5 2631 6092 2629 5960
5 2635 2656 2633 5961
5 2637 6074 2635 5962
5 2667 2668 2639 5963
5 6074 6075 2656 5964
5 2672 2686 2674 5965
5 2677 5938 2680 5966
5 2679 2685 2678 5967
5 2682 2705 2701 5968
5 2685 3939 3723 5969
5 3470 3976 3469 5970
5 3594 3595 3593 5971
5 3725 5915 3728 5972
5 3764 3768 3766 5973
5 4347 6086 4348 5974
5 4353 6068 4367 5975
5 4712 6380 4714 5976
5 3110 3111 3109 5977
5 4167 4537 4168 5978
5 2110 2111 2109 5979
5 2520 2521 2519 5980
5 3036 3037 3035 5981
5 4201 4202 4140 5982
5 4712 4714 4159 5983
5 4228 4713 4712 5984
5 5988 6017 5985 5985
5 5891 5892 2187 5986
5 2825 3736 3474 5987
5 2969 2978 2967 5988
5 3046 3048 3047 5989
5 3980 4320 3471 5990
5 3666 3668 3667 5991
5 3678 3680 3679 5992
5 3785 3787 3786 5993
5 4321 4322 4320 5994
5 4454 4477 4460 5995
5 5973 5975 5974 5996
5 2462 6206 2460 5997
5 2538 2540 2539 5998
5 2542 2544 2543 5999
5 2544 2546 2545 6000
5 2554 2556 2555 6001
5 2590 2592 2591 6002
5 2663 6050 2591 6003
5 2594 2596 2595 6004
5 2600 2602 2601 6005
5 2604 2606 2605 6006
5 2610 2612 2611 6007
5 2614 2616 2615 6008
5 2624 2626 2625 6009
5 2626 2628 2627 6010
5 2632 2634 2633 6011
5 6034 6074 2637 6012
5 2722 4315 2666 6013
5 2667 2670 2669 6014
5 6101 6164 2670 6015
5 5923 6128 2673 6016
5 2686 6102 2674 6017
5 2701 6133 2702 6018
5 4328 6638 2710 6019
5 2736 4030 2738 6020
5 2740 3475 3470 6021
5 3265 6267 2897 6022
5 2914 2916 2915 6023
5 3566 3567 3565 6024
5 3939 4600 3723 6025
5 4326 4327 3724 6026
5 3728 3730 3729 6027
5 4078 5663 4079 6028
5 4323 5921 4315 6029
5 4327 5916 5915 6030
5 2101 2102 2100 6031
5 2108 2112 2110 6032
5 2453 3793 2344 6033
5 2985 2987 2986 6034
5 3005 3006 3000 6035
5 3567 4688 3565 6036
5 4078 4079 3789 6037
5 4079 4080 3789 6038
5 5861 5862 5860 6039
5 5867 5868 5866 6040
5 2500 5881 2502 6041
5 3639 3642 3637 6042
5 4139 4201 4140 6043
5 2131 3281 2133 6044
5 2135 2139 2137 6045
5 2184 6321 5777 6046
5 3097 3098 2475 6047
5 2484 6351 2486 6048
5 2524 2525 2523 6049
5 2546 6248 3266 6050
5 2572 2573 2571 6051
5 2608 6158 2805 6052
5 3598 3600 3599 6053
5 4297 4309 3983 6054
5 5781 6201 4308 6055
5 6037 6038 4401 6056
5 5930 5932 5931 6057
5 6271 6448 6413 6058
5 2140 2142 2141 6059
5 2483 2640 2481 6060
5 6215 6219 2757 6061
5 2822 2823 2821 6062
5 2899 2900 2898 6063
5 2912 2914 2913 6064
5 2916 2918 2917 6065
5 2918 2920 2919 6066
5 3672 3986 3674 6067
5 3691 4024 3689 6068
5 3697 5819 3695 6069
5 3704 3705 3703 6070
5 3718 3719 3717 6071
5 3750 4695 3748 6072
5 3855 3909 3790 6073
5 3856 4689 4122 6074
5 4130 4864 4137 6075
5 4193 4414 4195 6076
5 4404 6037 4384 6077
5 4394 4397 4396 6078
5 5871 5873 5872 6079
5 6113 6143 6020 6080
5 6096 6166 6057 6081
5 2528 2529 2527 6082
5 2530 2531 2529 6083
5 2538 2539 2537 6084
5 2544 2545 2543 6085
5 2546 2547 2545 6086
5 2550 2551 2549 6087
5 2560 2561 2559 6088
5 2600 2601 2599 6089
5 2604 6029 2690 6090
5 2614 2615 2613 6091
5 2617 6172 2659 6092
5 2620 6132 2688 6093
5 2622 2623 2621 6094
5 2626 2627 2625 6095
5 2638 2639 2637 6096
5 2667 2669 2668 6097
5 2674 2675 2673 6098
5 2676 2677 2675 6099
5 3723 5923 2678 6100
5 2680 2681 2679 6101
5 2682 2683 2681 6102
5 2682 6022 2705 6103
5 2685 6024 3939 6104
5 2704 2707 2706 6105
5 2705 6023 2727 6106
5 2707 6025 2792 6107
5 2710 2711 2709 6108
5 2729 3722 2721 6109
5 2732 5998 2729 6110
5 2736 2738 2737 6111
5 3010 3029 3009 6112
5 3019 3020 3018 6113
5 3475 3476 3470 6114
5 3475 5910 4326 6115
5 3704 3996 3706 6116
5 3714 3721 3716 6117
5 4317 6134 3726 6118
5 3727 5964 3977 6119
5 3734 6194 3731 6120
5 5917 6153 3734 6121
5 3939 4616 4601 6122
5 4000 4300 4001 6123
5 4083 4084 4080 6124
5 4698 6128 5923 6125
5 5863 5864 5862 6126
5 5916 6147 5915 6127
5 5927 5928 5926 6128
5 2083 2085 2084 6129
5 2889 2905 2887 6130
5 3577 3579 3576 6131
5 3675 6202 4028 6132
5 4321 5604 4673 6133
5 2484 2486 2485 6134
5 3116 3117 3103 6135
5 3566 3568 3567 6136
5 3616 3618 3617 6137
5 3624 3626 3625 6138
5 3643 4718 3811 6139
5 3712 3714 3713 6140
5 4422 4465 4034 6141
5 4432 4433 4430 6142
5 4609 5354 5112 6143
5 5959 5961 5960 6144
5 2574 2575 2573 6145
5 2586 2587 2585 6146
5 2618 2619 2617 6147
5 2987 2988 2986 6148
5 2196 2743 2198 6149
5 2201 2818 2200 6150
5 2215 2219 2217 6151
5 2218 2836 2216 6152
5 2232 2284 2230 6153
5 2238 3268 2240 6154
5 2264 6125 6090 6155
5 2273 6096 6091 6156
5 2277 6047 2288 6157
5 2472 2473 2471 6158
5 2503 2653 2501 6159
5 2838 6186 6124 6160
5 3044 3054 3046 6161
5 3578 3583 3582 6162
5 3600 3601 3599 6163
5 3681 6184 3679 6164
5 4380 5949 4382 6165
5 4383 6177 4381 6166
5 4395 6178 6177 6167
5 4707 6220 6214 6168
5 2892 2894 2893 6169
5 2899 2901 2900 6170
5 3072 3748 2901 6171
5 2908 2910 2909 6172
5 2981 2982 2977 6173
5 3730 3735 3734 6174
5 3735 5921 5917 6175
5 3757 3759 3756 6176
5 3787 3789 3786 6177
5 4040 4466 4306 6178
5 6155 6164 5922 6179
5 3636 3637 3635 6180
5 4130 4131 3651 6181
5 3696 3993 3698 6182
5 4150 4233 4151 6183
5 2201 6180 2818 6184
5 2748 6117 2303 6185
5 2454 2456 2455 6186
5 2492 2494 2493 6187
5 2755 6218 2758 6188
5 2942 6174 6073 6189
5 3005 3007 3006 6190
5 3976 5913 3469 6191
5 3985 6084 3670 6192
5 4027 6202 3677 6193
5 3680 3682 3681 6194
5 3684 3686 3685 6195
5 3690 3692 3691 6196
5 3696 3698 3697 6197
5 3724 5915 3725 6198
5 3977 4317 3726 6199
5 3731 6194 3979 6200
5 4004 5670 5669 6201
5 4030 5911 5910 6202
5 5906 6122 4031 6203
5 4156 4158 4157 6204
5 4376 6123 4373 6205
5 4422 5767 4465 6206
5 4445 4456 4447 6207
5 5797 5817 5798 6208
5 5980 5984 5979 6209
5 5987 6053 5988 6210
5 2592 6010 2803 6211
5 4196 4771 4194 6212
5 4714 6390 6384 6213
5 2202 6190 3272 6214
5 2489 2490 2487 6215
5 2825 3474 3473 6216
5 2937 2942 2940 6217
5 3061 3755 3754 6218
5 4341 6185 4339 6219
5 6094 6183 4366 6220
5 2897 2899 2898 6221
5 2987 3090 2989 6222
5 3093 5794 3764 6223
5 3642 6109 3637 6224
5 4769 4770 4728 6225
5 2183 6098 2168 6226
5 4332 6213 2181 6227
5 2743 4408 2198 6228
5 5902 5903 2237 6229
5 2465 2466 2464 6230
5 2478 2480 2479 6231
5 2518 2520 2519 6232
5 2548 2550 2549 6233
5 2558 2560 2559 6234
5 2582 2584 2583 6235
5 2582 6171 2584 6236
5 3276 6028 2586 6237
5 3608 3610 3609 6238
5 4026 6184 3681 6239
5 3755 3758 3757 6240
5 4479 4731 4477 6241
5 4704 6214 4706 6242
5 6079 6225 6078 6243
5 2463 2465 2464 6244
5 6093 6215 2757 6245
5 4235 4236 4234 6246
5 6057 6166 4344 6247
5 4701 6219 4700 6248
5 4703 6216 6112 6249
5 6112 6246 6113 6250
5 2271 6091 2274 6251
5 3013 3015 3014 6252
5 3618 6229 4047 6253
5 2104 3096 2106 6254
5 2123 6259 2120 6255
5 3029 3794 3009 6256
5 3592 3593 3591 6257
5 5842 6210 4051 6258
5 5730 5735 5734 6259
5 2515 2651 2513 6260
5 2952 2953 2951 6261
5 3864 3875 3767 6262
5 3856 4121 3855 6263
5 5826 6221 4023 6264
5 4335 4411 4334 6265
5 2086 2344 2084 6266
5 2097 2099 2098 6267
5 3586 3587 3585 6268
5 3600 3602 3601 6269
5 3704 3706 3705 6270
5 3996 5941 3706 6271
5 4013 6058 3713 6272
5 3766 3767 3765 6273
5 2476 2477 2474 6274
5 2535 6170 6169 6275
5 2888 2890 2889 6276
5 2910 2912 2911 6277
5 2953 2954 2951 6278
5 3296 3297 3043 6279
5 3072 3749 3748 6280
5 3429 5690 3548 6281
5 3598 6365 4042 6282
5 3626 3627 3625 6283
5 3751 3753 3750 6284
5 3755 3756 3754 6285
5 3807 4010 3805 6286
5 2991 2993 2992 6287
5 2477 2641 2474 6288
5 3025 3030 3026 6289
5 3044 3046 3045 6290
5 2233 2237 2235 6291
5 2236 2839 2234 6292
5 2456 2458 2457 6293
5 2482 2483 2481 6294
5 4091 4092 4073 6295
5 4375 4379 4378 6296
5 6097 6166 6031 6297
5 2460 2716 2459 6298
5 2491 2655 2490 6299
5 2523 6107 2521 6300
5 2545 2646 2543 6301
5 2552 2717 2554 6302
5 2558 2694 2560 6303
5 2562 6065 2564 6304
5 2564 2724 2566 6305
5 2575 2576 2573 6306
5 2579 6131 2577 6307
5 2587 2664 2585 6308
5 2588 2692 2590 6309
5 2605 2661 2603 6310
5 2616 2830 2618 6311
5 2618 6132 2620 6312
5 2624 3271 2626 6313
5 2628 2687 2630 6314
5 2673 6128 2671 6315
5 3274 3761 3760 6316
5 3586 3588 3587 6317
5 3618 3620 3619 6318
5 3731 3978 3729 6319
5 3978 5965 5964 6320
5 2602 2604 2603 6321
5 2612 2614 2613 6322
5 2616 2618 2617 6323
5 2618 2620 2619 6324
5 2630 2632 2631 6325
5 2636 2638 2637 6326
5 2682 2701 2683 6327
5 2705 2721 2701 6328
5 2708 2710 2709 6329
5 2720 6025 2709 6330
5 2727 2729 2721 6331
5 3572 3574 3573 6332
5 5915 6147 3728 6333
5 4012 4679 4011 6334
5 4319 5965 5600 6335
5 4600 5292 4698 6336
5 4707 6214 4704 6337
5 5821 5823 5822 6338
5 5912 6023 6022 6339
5 5916 6148 6147 6340
5 3062 5877 2912 6341
5 3074 3565 2974 6342
5 2488 2489 2487 6343
5 3013 3068 3015 6344
5 3093 6226 5794 6345
5 4150 4151 4149 6346
5 4167 5502 4537 6347
5 6256 6316 4411 6348
5 5625 5627 5624 6349
5 2276 6047 2277 6350
5 2296 6081 6080 6351
5 2452 2453 2344 6352
5 2760 6257 2764 6353
5 3112 3114 3113 6354
5 6284 6285 3282 6355
5 3732 6327 5815 6356
5 4366 6183 6182 6357
5 4377 6176 5321 6358
5 3012 5784 3010 6359
5 3080 5801 3785 6360
5 4140 4409 4138 6361
5 2138 2834 2136 6362
5 2185 6193 6192 6363
5 3098 3783 2475 6364
5 2983 3058 2985 6365
5 4086 6280 4084 6366
5 4151 4308 4149 6367
5 5608 6222 4299 6368
5 4787 6255 4337 6369
5 5828 6277 5826 6370
5 2930 6231 3059 6371
5 5754 5764 3058 6372
5 2521 2650 2519 6373
5 2527 2649 2525 6374
5 6071 6072 2746 6375
5 2813 6089 3747 6376
5 3008 3009 3006 6377
5 3670 6084 3672 6378
5 6078 6225 3733 6379
5 4691 6041 4062 6380
5 4429 4431 4430 6381
5 4672 6194 5635 6382
5 2144 2146 2145 6383
5 3474 4002 4000 6384
5 3590 3592 3591 6385
5 3700 3702 3701 6386
5 3709 6249 3707 6387
5 5696 5754 4312 6388
5 4395 6177 4383 6389
5 4681 6411 4683 6390
5 6183 6207 6080 6391
5 3102 5694 3100 6392
5 6138 6139 4689 6393
5 3007 3008 3006 6394
5 6385 6403 5778 6395
5 3647 3649 3648 6396
5 3679 6184 4027 6397
5 3080 3784 2952 6398
5 3602 3604 3603 6399
5 3692 3694 3693 6400
5 5659 5807 5806 6401
5 3104 3106 3105 6402
5 6077 6165 4316 6403
5 4697 6103 4327 6404
5 4385 4395 4383 6405
5 5873 5875 5874 6406
5 2269 6118 2273 6407
5 2498 6237 2835 6408
5 2764 6220 6001 6409
5 3070 3647 3646 6410
5 3577 3580 3579 6411
5 3596 3597 3595 6412
5 4197 4469 4198 6413
5 4344 6097 6068 6414
5 4685 5656 5655 6415
5 4700 6215 4703 6416
5 6091 6096 6057 6417
5 3614 3616 3615 6418
5 6347 6355 4529 6419
5 4683 6151 5633 6420
5 5373 5845 5844 6421
5 5977 6002 5976 6422
5 2818 2819 2200 6423
5 3272 5999 2204 6424
5 2831 6000 2213 6425
5 2790 6129 2249 6426
5 2255 6141 2253 6427
5 2828 6076 2258 6428
5 2280 6013 2266 6429
5 2838 6118 2267 6430
5 4316 6014 2270 6431
5 2271 2274 2272 6432
5 2303 6117 2304 6433
5 2534 2536 2535 6434
5 2647 6170 2537 6435
5 2694 6064 2560 6436
5 2564 2566 2565 6437
5 2693 6171 2582 6438
5 2690 6158 2606 6439
5 2820 2821 2819 6440
5 3095 6091 6057 6441
5 3101 3102 3100 6442
5 4528 6233 3875 6443
5 4061 4087 4062 6444
5 4929 4930 4089 6445
5 4484 4732 4121 6446
5 4345 4346 4343 6447
5 4350 4352 4351 6448
5 4365 6045 4350 6449
5 4353 4367 4363 6450
5 4356 4357 4355 6451
5 4703 6019 4359 6452
5 4367 4369 4368 6453
5 4442 4452 4440 6454
5 4456 4457 4447 6455
5 4821 6087 6086 6456
5 3568 3570 3567 6457
5 2260 6076 2264 6458
5 2273 6179 6096 6459
5 4406 6223 2820 6460
5 3578 3581 3575 6461
5 3856 4122 4121 6462
5 4378 6176 4377 6463
5 5884 5885 2307 6464
5 2310 4330 2312 6465
5 2313 4329 2311 6466
5 2314 2334 2317 6467
5 2318 6082 2321 6468
5 2320 2325 2319 6469
5 2334 3477 3457 6470
5 2840 2841 2773 6471
5 2920 3061 2924 6472
5 3512 3562 3468 6473
5 3477 3769 3478 6474
5 3638 6210 4052 6475
5 5803 6356 3997 6476
5 4700 4703 4359 6477
5 5633 6044 6043 6478
5 2135 2137 2136 6479
5 2454 3732 2456 6480
5 4156 4157 4086 6481
5 4203 4204 4202 6482
5 4235 5660 5658 6483
5 4676 5607 4299 6484
5 5271 6233 4528 6485
5 3619 4003 3617 6486
5 3719 4011 3717 6487
5 5617 5618 5616 6488
5 4770 5739 4728 6489
5 2174 5876 2449 6490
5 5940 6231 2928 6491
5 3090 5780 2989 6492
5 3025 3026 3024 6493
5 4362 6149 4357 6494
5 4820 4821 4358 6495
5 4624 4647 4362 6496
5 4364 6055 4887 6497
5 4702 4704 4701 6498
5 4705 4707 4704 6499
5 5712 5713 5711 6500
5 5992 6270 2255 6501
5 3108 3110 3109 6502
5 3584 3586 3585 6503
5 4233 4234 4151 6504
5 5702 5705 5704 6505
5 2144 2148 2146 6506
5 2249 6129 2251 6507
5 2267 6118 2269 6508
5 2533 2648 2531 6509
5 2551 2645 2549 6510
5 2601 5907 2599 6511
5 2619 6172 2617 6512
5 3707 6249 4017 6513
5 6214 6257 4706 6514
5 3773 6211 2903 6515
5 3753 6041 3750 6516
5 3804 3806 3805 6517
5 2274 2276 2275 6518
5 2296 6078 2294 6519
5 3040 3043 3041 6520
5 3576 3578 3575 6521
5 3583 4034 3584 6522
5 3618 4047 3620 6523
5 3996 5942 5941 6524
5 4340 6057 4344 6525
5 4342 4343 4341 6526
5 4358 6086 4347 6527
5 4356 6045 4364 6528
5 4360 4701 4700 6529
5 6122 6142 6111 6530
5 2726 3572 3571 6531
5 3586 4035 3588 6532
5 5759 6325 6208 6533
5 2150 6192 2147 6534
5 2726 4420 3572 6535
5 3628 3630 3629 6536
5 4197 4716 4469 6537
5 4310 5765 5257 6538
5 5611 6319 6230 6539
5 2655 3790 2490 6540
5 2939 6126 2935 6541
5 4045 5721 5718 6542
5 4401 6224 4388 6543
5 5927 6250 5929 6544
5 2292 2296 2294 6545
5 2295 2307 2293 6546
5 2305 2749 2748 6547
5 2749 2751 2750 6548
5 2788 6093 2751 6549
5 4354 6110 4351 6550
5 4359 6019 4355 6551
5 6215 6216 4703 6552
5 3036 5899 3060 6553
5 3290 4014 3292 6554
5 4189 4302 3547 6555
5 2584 6171 3276 6556
5 3616 3617 3615 6557
5 3765 4696 3763 6558
5 3620 3622 3621 6559
5 4313 6292 4033 6560
5 5641 5717 4302 6561
5 6173 6253 4595 6562
5 4016 6249 3709 6563
5 3791 3804 3792 6564
5 2577 6131 3274 6565
5 3572 6204 3574 6566
5 3602 4043 3604 6567
5 3749 3750 3748 6568
5 4068 4070 4069 6569
5 4300 4678 4301 6570
5 5616 6352 5615 6571
5 2788 6216 6093 6572
5 4459 4527 4458 6573
5 6119 6168 6120 6574
5 2204 5999 2206 6575
5 2258 6076 2260 6576
5 4067 6116 4629 6577
5 4083 4085 4084 6578
5 4471 5623 4305 6579
5 4693 6281 4313 6580
5 4474 6484 6376 6581
5 4685 5657 5656 6582
5 2292 2294 2293 6583
5 2308 6121 2302 6584
5 2305 2748 2303 6585
5 2749 2750 2748 6586
5 2751 2752 2750 6587
5 2753 2754 2752 6588
5 2758 2759 2756 6589
5 4357 4360 4359 6590
5 4379 6123 4403 6591
5 4429 4449 4431 6592
5 4564 5790 5789 6593
5 5712 5742 5714 6594
5 2578 2580 2579 6595
5 3271 6146 2626 6596
5 3610 4045 3612 6597
5 3996 5943 5942 6598
5 5670 5671 5669 6599
5 3106 3119 3108 6600
5 4420 6204 3572 6601
5 3635 6109 3991 6602
5 2256 6141 2828 6603
5 3036 3060 3038 6604
5 4412 4717 3115 6605
5 3606 3608 3607 6606
5 5652 5697 5651 6607
5 4204 4419 4418 6608
5 2765 2766 2763 6609
5 2766 2768 2767 6610
5 2768 2770 2769 6611
5 4193 4194 4192 6612
5 4324 4325 4323 6613
5 6001 6220 4331 6614
5 4350 6045 4352 6615
5 6019 6020 4354 6616
5 4356 4362 4357 6617
5 4365 6055 6045 6618
5 4703 6112 6019 6619
5 5813 6231 5940 6620
5 2170 6156 2183 6621
5 2820 6223 2822 6622
5 3069 6140 2946 6623
5 6256 6332 3768 6624
5 4189 6283 4609 6625
5 5787 5792 4691 6626
5 6143 6225 6079 6627
5 4009 5730 5729 6628
5 2928 6231 2930 6629
5 4300 5612 4678 6630
5 5696 5764 5754 6631
5 2908 6191 2910 6632
5 4296 4412 3115 6633
5 6209 6303 4694 6634
5 2716 3286 2459 6635
5 2575 6222 2578 6636
5 3577 3791 3580 6637
5 4037 4467 4038 6638
5 2802 5884 2298 6639
5 3733 6119 2299 6640
5 2304 2310 2309 6641
5 2310 2312 2311 6642
5 2312 2314 2313 6643
5 4330 5906 2312 6644
5 2317 6082 2318 6645
5 2334 3457 2317 6646
5 2325 2746 2319 6647
5 2325 6083 3408 6648
5 2334 5906 4031 6649
5 3286 6343 2459 6650
5 2760 2761 2759 6651
5 2841 3866 2773 6652
5 2813 3747 3472 6653
5 3092 3773 2903 6654
5 3477 3478 3457 6655
5 3562 4005 3468 6656
5 3518 4303 4020 6657
5 3771 3772 3770 6658
5 4028 6202 5981 6659
5 4329 6072 6071 6660
5 4344 6166 6097 6661
5 4364 4624 4362 6662
5 6182 6185 4366 6663
5 4725 4727 4726 6664
5 2764 6257 6214 6665
5 2478 2479 2477 6666
5 3637 6109 3635 6667
5 4091 4870 4148 6668
5 2281 6012 2257 6669
5 3106 3108 3107 6670
5 3758 3966 3757 6671
5 4437 4439 4438 6672
5 4846 5222 4845 6673
5 4158 4228 4159 6674
5 2840 4331 2842 6675
5 3290 3292 3291 6676
5 2534 2696 2536 6677
5 4351 4361 4349 6678
5 4357 6149 4360 6679
5 4360 4702 4701 6680
5 2944 6073 3069 6681
5 4045 6336 5722 6682
5 4072 4073 4071 6683
5 4078 5664 5663 6684
5 4334 6167 5813 6685
5 6115 6209 5901 6686
5 5954 6261 3992 6687
5 2588 2590 2589 6688
5 4679 4682 4011 6689
5 2143 2186 2141 6690
5 2257 6012 2254 6691
5 2478 2725 2480 6692
5 3583 4421 4034 6693
5 4304 4305 4020 6694
5 2114 6197 2111 6695
5 3072 6267 5768 6696
5 5829 6310 5747 6697
5 3632 3634 3633 6698
5 3991 6243 3633 6699
5 4158 5093 4228 6700
5 2147 6192 3278 6701
5 4021 5652 5651 6702
5 4366 6185 4341 6703
5 6026 6027 4699 6704
5 6080 6207 6079 6705
5 6168 6246 6120 6706
5 3616 6229 3618 6707
5 4198 5644 5643 6708
5 3040 3296 3043 6709
5 5740 5741 4729 6710
5 6125 6186 6090 6711
5 5684 5685 4041 6712
5 4310 5804 5765 6713
5 2253 6141 2256 6714
5 3093 3764 3763 6715
5 4129 6263 6262 6716
5 2544 6248 2546 6717
5 2586 6028 2588 6718
5 2590 6010 2592 6719
5 3606 4044 3608 6720
5 3649 6344 4129 6721
5 4692 6235 5788 6722
5 4023 6221 3693 6723
5 3294 3295 3293 6724
5 5554 5620 4412 6725
5 6103 6155 5916 6726
5 3577 6204 3791 6727
5 4459 4532 4527 6728
5 2903 6211 2900 6729
5 3875 6233 4167 6730
5 4381 6176 4378 6731
5 4427 4429 4428 6732
5 3037 5745 3042 6733
5 3595 4008 3593 6734
5 4009 5729 5728 6735
5 2470 2472 2471 6736
5 2900 6211 2898 6737
5 3295 5639 3293 6738
5 2757 6219 6218 6739
5 2899 6267 3072 6740
5 2541 6009 6008 6741
5 2569 6026 2642 6742
5 4435 4436 4434 6743
5 3647 3648 3646 6744
5 2177 5876 2174 6745
5 2281 6242 6012 6746
5 5755 5761 4003 6747
5 2578 6222 6195 6748
5 3992 6261 3694 6749
5 4434 4451 4433 6750
5 4441 4442 4440 6751
5 3288 4426 3286 6752
5 2758 6257 2760 6753
5 5757 5759 5758 6754
5 2583 6162 6160 6755
5 2198 6190 2199 6756
5 4017 6249 5927 6757
5 3429 3548 3547 6758
5 3733 6168 6119 6759
5 5848 5849 3088 6760
5 6003 6004 4452 6761
5 6093 6216 6215 6762
5 6168 6225 6113 6763
5 6293 6407 6391 6764
5 4139 4140 4138 6765
5 6236 6347 4529 6766
5 6228 6556 2982 6767
5 2932 6226 2934 6768
5 3808 3809 3807 6769
5 3517 3812 3520 6770
5 4046 6229 3616 6771
5 4449 4777 4450 6772
5 4706 6257 6218 6773
5 4422 6418 5767 6774
5 3288 4427 4426 6775
5 3518 4019 3516 6776
5 6224 6270 5992 6777
5 2243 6282 2241 6778
5 2897 6267 2899 6779
5 4062 6041 3753 6780
5 4073 4312 4071 6781
5 5851 6398 6337 6782
5 3298 3426 3299 6783
5 3864 6236 4529 6784
5 2680 6022 2682 6785
5 2702 6133 5924 6786
5 6022 6023 2705 6787
5 3722 6133 2721 6788
5 3979 6194 4672 6789
5 3021 6339 6333 6790
5 5651 6371 3579 6791
5 4725 4726 4724 6792
5 2535 6169 2533 6793
5 2943 6555 2940 6794
5 4337 6255 4335 6795
5 4727 4728 4726 6796
5 6113 6225 6143 6797
5 4024 6277 5971 6798
5 4091 4148 4092 6799
5 2089 5716 2192 6800
5 4037 4038 3809 6801
5 2736 6023 4030 6802
5 2738 2739 2737 6803
5 3469 5913 4473 6804
5 3475 4326 3724 6805
5 6147 6148 3735 6806
5 3979 4670 3978 6807
5 4326 4697 4327 6808
5 2801 6389 2109 6809
5 2112 6284 2110 6810
5 5895 5896 2448 6811
5 4324 6329 5603 6812
5 2125 6348 2188 6813
5 4714 6384 5666 6814
5 4706 6219 4701 6815
5 4411 6167 4334 6816
5 3038 6293 3040 6817
5 4318 5601 4317 6818
5 5971 6326 5967 6819
5 2695 6248 2544 6820
5 2667 6101 2670 6821
5 2671 2684 2669 6822
5 2674 6102 2676 6823
5 2677 2678 2675 6824
5 2676 6152 5938 6825
5 2686 6103 6102 6826
5 2704 2706 2703 6827
5 2704 5924 2708 6828
5 2707 2792 2706 6829
5 2736 2737 2731 6830
5 3476 6134 3470 6831
5 4698 5923 3723 6832
5 3728 6147 3730 6833
5 3939 4601 4600 6834
5 6114 6134 4317 6835
5 5910 5911 4326 6836
5 3715 6289 4013 6837
5 2539 6008 2647 6838
5 2936 6174 2937 6839
5 4204 4425 4419 6840
5 4335 6255 4411 6841
5 6110 6207 4361 6842
5 6195 6222 5608 6843
5 3298 3429 3426 6844
5 4306 5621 4307 6845
5 2138 6227 2834 6846
5 2537 6170 2535 6847
5 4728 4729 4726 6848
5 2955 6188 2945 6849
5 4052 6232 3640 6850
5 2910 6191 3062 6851
5 3453 3454 3428 6852
5 5683 5684 4041 6853
5 4313 6281 6235 6854
5 3274 6131 4407 6855
5 4477 4720 4460 6856
5 2804 6329 6052 6857
5 5845 6253 5844 6858
5 3968 4553 3969 6859
5 2711 2720 2709 6860
5 3790 6275 2490 6861
5 6160 6161 2665 6862
5 5691 5692 4645 6863
5 2973 6266 2971 6864
5 3702 6273 3704 6865
5 2503 6049 2653 6866
5 3517 3520 3519 6867
5 5653 6443 5654 6868
5 3805 6328 3792 6869
5 4732 6320 4121 6870
5 5896 6439 6438 6871
5 3804 5661 3806 6872
5 4775 6300 4072 6873
5 2101 6030 2104 6874
5 5774 5775 2816 6875
5 4462 6342 4433 6876
5 5650 6404 5647 6877
5 2791 6282 2243 6878
5 2918 6238 6060 6879
5 3630 6274 4050 6880
5 2118 5793 2116 6881
5 2199 6190 2202 6882
5 4038 4040 4039 6883
5 6218 6219 4706 6884
5 6113 6246 6168 6885
5 4412 6373 4717 6886
5 3089 6238 2916 6887
5 4089 6244 4088 6888
5 4084 6280 4715 6889
5 6073 6310 3069 6890
5 3643 6232 4719 6891
5 4004 5669 5668 6892
5 4674 6451 5838 6893
5 2505 6049 2503 6894
5 5779 5780 3090 6895
5 3454 4415 3428 6896
5 4416 6354 5667 6897
5 6226 6316 5794 6898
5 4419 6286 4711 6899
5 4016 6250 6249 6900
5 4088 6244 4692 6901
5 4687 6291 5883 6902
5 2111 6197 2801 6903
5 3716 6379 3718 6904
5 3880 4568 4292 6905
5 5896 6348 2448 6906
5 4303 4304 4020 6907
5 3117 6314 3103 6908
5 3768 6236 3766 6909
5 5779 6201 5781 6910
5 2448 6348 2127 6911
5 2533 6169 2648 6912
5 3644 6447 5700 6913
5 5943 6330 5945 6914
5 4425 6400 4419 6915
5 2902 6196 2908 6916
5 2916 6238 2918 6917
5 2131 6269 3281 6918
5 5093 6278 4228 6919
5 6249 6250 5927 6920
5 3570 6217 3567 6921
5 4228 6278 4713 6922
5 4708 6268 3784 6923
5 2541 6008 2539 6924
5 4612 4613 3969 6925
5 4434 6345 4451 6926
5 4447 6350 4446 6927
5 2901 6196 2902 6928
5 6188 6555 2943 6929
5 4043 6295 3604 6930
5 2185 6338 6193 6931
5 5894 5895 2448 6932
5 3059 6226 2932 6933
5 5781 5886 5780 6934
5 6026 6056 2642 6935
5 5773 5774 2816 6936
5 2937 6174 2942 6937
5 3640 6232 3643 6938
5 2583 6160 2581 6939
5 2508 6240 2510 6940
5 2490 6275 2487 6941
5 6107 6108 2650 6942
5 3604 6295 3606 6943
5 6235 6281 5788 6944
5 6197 6302 2801 6945
5 4688 6247 5909 6946
5 2487 6275 2485 6947
5 2521 6107 2650 6948
5 4529 6355 4799 6949
5 3607 6203 5682 6950
5 6345 6359 4464 6951
5 6279 6306 5754 6952
5 3606 6295 4044 6953
5 3999 6245 5757 6954
5 4009 6346 5730 6955
5 3088 6339 3019 6956
5 6235 6292 4313 6957
5 3279 5793 2118 6958
5 4047 6335 3620 6959
5 4459 4605 4532 6960
5 6255 6256 4411 6961
5 6273 6330 5943 6962
5 3648 5901 4694 6963
5 3996 6273 5943 6964
5 2954 6200 2951 6965
5 3579 6357 3576 6966
5 4426 6394 6343 6967
5 3766 6236 3864 6968
5 2789 6321 2163 6969
5 4411 6316 6167 6970
5 4788 6355 6347 6971
5 6067 6390 5879 6972
5 2976 6266 2973 6973
5 5752 6394 6342 6974
5 3704 6273 3996 6975
5 4010 6331 5786 6976
5 3807 6331 4010 6977
5 2188 6259 2123 6978
5 3021 6333 3023 6979
5 4433 6342 4430 6980
5 5967 6326 5969 6981
5 3586 6311 4035 6982
5 2581 6160 2665 6983
5 2344 6287 2084 6984
5 2214 6375 2286 6985
5 5671 5673 5669 6986
5 6258 6367 3063 6987
5 3454 5691 4645 6988
5 4468 6423 4467 6989
5 3068 6309 5848 6990
5 4035 6349 3588 6991
5 2945 6188 2943 6992
5 3567 6217 4688 6993
5 2104 6030 3096 6994
5 6052 6329 4324 6995
5 2951 6200 2949 6996
5 3103 6314 3104 6997
5 6424 6429 5898 6998
5 4410 6399 6324 6999
5 5961 6301 5962 7000
5 4080 6299 3789 7001
5 3909 6320 4722 7002
5 6167 6316 3059 7003
5 3997 6356 6245 7004
5 5754 6306 4312 7005
5 2459 6343 2457 7006
5 4688 6279 6247 7007
5 5935 6375 2836 7008
5 4192 6364 4869 7009
5 6361 6441 6359 7010
5 3033 6264 3284 7011
5 3059 6316 6226 7012
5 2958 6258 2960 7013
5 3989 6387 3686 7014
5 6298 6443 2191 7015
5 3474 6388 4002 7016
5 6258 6268 4708 7017
5 2836 6375 2216 7018
5 3068 6303 6209 7019
5 5640 6354 4416 7020
5 3583 6357 4421 7021
5 4006 6203 3609 7022
5 2741 6240 2508 7023
5 5698 6428 4414 7024
5 4458 6350 4447 7025
5 3060 6293 3038 7026
5 3584 6311 3586 7027
5 5652 6372 5697 7028
5 5896 6438 6406 7029
5 3042 6264 3035 7030
5 3631 6243 3994 7031
5 5639 6383 3293 7032
5 2984 6228 2982 7033
5 4003 6358 3617 7034
5 4423 6371 5697 7035
5 5761 6393 4003 7036
5 4436 6345 4434 7037
5 3602 6340 4043 7038
5 2960 6258 3063 7039
5 4034 6311 3584 7040
5 3610 6336 4045 7041
5 3792 6328 4021 7042
5 4010 6363 6328 7043
5 2127 6348 2125 7044
5 4314 6305 3099 7045
5 3111 6294 3109 7046
5 3609 6203 3607 7047
5 4463 5750 5749 7048
5 3291 6383 3340 7049
5 3520 6290 3880 7050
5 4070 6334 4775 7051
5 6245 6356 5757 7052
5 4194 6364 4192 7053
5 3789 6299 3786 7054
5 6217 6279 4688 7055
5 2632 6381 2634 7056
5 6223 6415 3736 7057
5 3620 6335 3622 7058
5 4409 6318 5849 7059
5 6327 6448 5816 7060
5 2098 6298 2191 7061
5 2958 6268 6258 7062
5 4448 6345 4436 7063
5 6286 6333 4711 7064
5 3633 6243 3631 7065
5 3786 6299 4708 7066
5 4042 6340 3600 7067
5 4788 6347 4787 7068
5 2473 6297 3097 7069
5 3622 6335 4048 7070
5 3855 6320 3909 7071
5 5659 5806 5805 7072
5 2130 6269 2128 7073
5 6205 6392 4014 7074
5 3732 5815 2456 7075
5 5878 6414 4332 7076
5 5849 6353 3088 7077
5 3600 6340 3602 7078
5 3283 6397 6351 7079
5 5948 6382 5947 7080
5 4004 6358 5670 7081
5 3063 6366 5748 7082
5 5686 6427 5684 7083
5 3688 6387 3990 7084
5 5689 6445 6430 7085
5 6332 6347 6236 7086
5 3056 6272 2995 7087
5 3768 6332 6236 7088
5 6481 6484 4474 7089
5 3608 6336 3610 7090
5 4021 6328 5653 7091
5 2483 6307 2640 7092
5 4044 6336 3608 7093
5 3650 6344 3649 7094
5 4001 6376 5727 7095
5 6333 6339 4711 7096
5 5739 5740 4729 7097
5 2995 6272 2997 7098
5 3573 6317 4687 7099
5 3569 6370 6116 7100
5 6339 6353 4711 7101
5 4728 5739 4729 7102
5 6360 6361 6359 7103
5 5666 6403 4413 7104
5 3002 6228 2984 7105
5 5632 6412 4682 7106
5 4121 6320 3855 7107
5 4430 6342 4428 7108
5 3880 6290 4568 7109
5 2128 6269 2131 7110
5 5748 6385 5778 7111
5 4787 6347 6332 7112
5 6204 6416 3791 7113
5 2694 6419 6064 7114
5 5757 6356 5759 7115
5 3285 6298 2100 7116
5 3035 6264 3033 7117
5 3721 6379 3716 7118
5 3793 6287 2344 7119
5 3011 6303 3013 7120
5 5901 6209 4694 7121
5 3569 6380 6370 7122
5 2216 6375 2214 7123
5 2190 6362 5810 7124
5 2456 5815 2458 7125
5 4314 6374 6305 7126
5 6305 6374 5508 7127
5 2088 6322 2450 7128
5 2486 6351 2726 7129
5 6430 6445 4424 7130
5 5685 6365 4041 7131
5 3736 6388 3474 7132
5 2457 6343 2719 7133
5 5744 6390 6380 7134
5 2470 6312 2472 7135
5 2350 6408 2078 7136
5 4448 6359 6345 7137
5 5744 6380 3569 7138
5 3013 6303 3068 7139
5 5793 6435 6420 7140
5 5659 5805 4417 7141
5 5688 6350 4458 7142
5 3578 6357 3583 7143
5 4014 6392 5880 7144
5 4300 6368 5612 7145
5 5893 6456 6454 7146
5 5654 6443 6298 7147
5 4002 6368 4000 7148
5 4151 6324 4308 7149
5 5670 6393 5672 7150
5 3596 6365 3598 7151
5 5947 6382 3998 7152
5 4410 6324 4234 7153
5 3296 6391 3298 7154
5 6280 6366 4715 7155
5 5786 6363 4010 7156
5 6427 6432 5684 7157
5 6351 6397 4420 7158
5 5697 6371 5651 7159
5 5879 6390 5744 7160
5 6401 6421 4035 7161
5 6069 6426 2316 7162
5 4717 6461 6294 7163
5 2634 6381 2804 7164
5 6352 6425 4002 7165
5 5775 6369 2816 7166
5 2726 6351 4420 7167
5 6259 6427 3279 7168
5 4008 6346 3593 7169
5 4771 6364 4194 7170
5 6343 6394 2719 7171
5 4041 6365 3596 7172
5 3063 6367 6366 7173
5 3576 6357 3578 7174
5 3686 6387 3688 7175
5 6400 6434 4469 7176
5 2700 6237 2496 7177
5 3581 6317 3575 7178
5 3591 6346 4009 7179
5 2100 6298 2098 7180
5 3279 6435 5793 7181
5 4413 6385 6280 7182
5 4000 6368 4300 7183
5 3597 6260 3595 7184
5 2496 6237 2498 7185
5 3595 6260 4008 7186
5 6135 6402 4008 7187
5 3057 6384 6067 7188
5 4202 6318 4140 7189
5 4448 6360 6359 7190
5 5850 6337 2452 7191
5 3617 6358 3615 7192
5 2882 6405 2884 7193
5 5778 6403 3057 7194
5 4140 6318 4409 7195
5 5700 6447 5723 7196
5 2154 6369 2152 7197
5 6328 6363 5653 7198
5 4417 5805 5640 7199
5 3088 6353 6339 7200
5 4414 6429 5900 7201
5 2821 6414 2819 7202
5 6366 6385 5748 7203
5 2107 6389 2190 7204
5 6349 6421 5687 7205
5 4724 6377 6308 7206
5 6366 6367 4715 7207
5 4716 6446 4469 7208
5 6322 6323 2450 7209
5 4683 6415 6151 7210
5 4440 6378 4438 7211
5 6388 6411 5725 7212
5 3783 6288 2475 7213
5 4419 6400 6286 7214
5 3615 6358 4004 7215
5 4471 6460 5623 7216
5 6375 6410 2286 7217
5 3804 6416 5661 7218
5 3652 6312 2470 7219
5 6289 6412 4013 7220
5 3575 6317 3573 7221
5 2308 6433 6121 7222
5 4234 6324 4151 7223
5 2109 6389 2107 7224
5 4465 6401 6311 7225
5 4301 6485 6376 7226
5 6391 6407 5690 7227
5 5746 6440 4468 7228
5 3283 6430 6397 7229
5 6280 6385 6366 7230
5 6397 6416 4420 7231
5 4726 6377 4724 7232
5 3585 6304 3582 7233
5 2641 6297 2474 7234
5 5620 6373 4412 7235
5 5720 6464 6458 7236
5 5746 6445 6440 7237
5 4015 6304 3585 7238
5 6307 6308 2640 7239
5 2884 6405 3064 7240
5 6439 6444 6340 7241
5 5667 6399 4410 7242
5 3100 6395 3098 7243
5 2471 6288 2469 7244
5 2816 6369 2154 7245
5 3593 6346 3591 7246
5 4019 6396 3516 7247
5 4198 6434 5644 7248
5 5687 6421 6420 7249
5 5616 6425 6352 7250
5 3057 6403 6384 7251
5 6454 6456 4044 7252
5 6302 6401 4465 7253
5 4040 6413 4470 7254
5 5914 6409 5913 7255
5 5686 6435 6427 7256
5 5682 6417 3644 7257
5 4424 6445 5746 7258
5 2082 6341 2080 7259
5 6384 6403 5666 7260
5 6428 6429 4414 7261
5 5690 6407 5698 7262
5 2719 6394 5752 7263
5 5935 6410 6375 7264
5 4470 6448 6327 7265
5 2454 6337 3732 7266
5 3298 6391 3429 7267
5 4002 6425 6368 7268
5 5730 6402 5735 7269
5 4420 6416 6204 7270
5 4468 6436 6423 7271
5 2819 6414 5878 7272
5 5937 6410 5935 7273
5 3998 6450 3710 7274
5 2078 6408 2076 7275
5 6440 6445 2725 7276
5 4729 6377 4726 7277
5 3071 6442 3025 7278
5 6311 6401 4035 7279
5 5741 6377 4729 7280
5 2080 6341 2350 7281
5 3429 6391 5690 7282
5 4452 6378 4440 7283
5 6407 6428 5698 7284
5 5767 6418 6389 7285
5 4305 6452 4020 7286
5 3060 6428 6407 7287
5 4682 6412 6289 7288
5 4035 6421 6349 7289
5 3060 6407 6293 7290
5 5893 6454 5891 7291
5 6005 6378 4452 7292
5 6411 6415 4683 7293
5 3736 6411 6388 7294
5 3517 6396 3812 7295
5 2474 6297 2473 7296
5 5896 6406 6348 7297
5 2452 6337 2454 7298
5 6313 6440 2725 7299
5 6348 6406 2188 7300
5 5851 6453 4466 7301
5 6436 6440 6313 7302
5 6438 6439 4042 7303
5 3516 6396 3517 7304
5 5706 6422 6135 7305
5 6070 6426 6069 7306
5 6340 6444 4043 7307
5 6406 6438 5685 7308
5 5684 6432 5685 7309
5 2189 6420 6198 7310
5 2475 6288 2471 7311
5 6420 6435 5687 7312
5 3030 6424 5898 7313
5 6389 6418 2190 7314
5 6135 6422 6402 7315
5 6337 6398 3732 7316
5 5898 6429 5899 7317
5 5899 6428 3060 7318
5 2188 6432 6259 7319
5 3109 6455 3107 7320
5 5685 6432 6406 7321
5 5694 6395 3100 7322
5 5687 6435 5686 7323
5 6459 6462 5722 7324
5 5618 6425 5616 7325
5 3736 6415 6411 7326
5 5900 6424 4716 7327
5 5726 6423 3652 7328
5 6402 6422 5735 7329
5 6455 6461 5623 7330
5 2316 6433 2308 7331
5 4425 6434 6400 7332
5 5661 6416 6397 7333
5 5605 6451 4674 7334
5 3990 6465 5952 7335
5 4042 6439 6340 7336
5 6063 6431 5602 7337
5 5895 6439 5896 7338
5 5816 6448 2733 7339
5 5661 6430 4424 7340
5 2725 6445 5689 7341
5 2190 6418 6362 7342
5 5893 6459 6456 7343
5 5892 6444 5895 7344
5 6271 6413 4467 7345
5 2191 6443 5770 7346
5 6420 6421 6198 7347
5 6406 6432 2188 7348
5 6365 6438 4042 7349
5 5891 6449 5892 7350
5 3025 6442 3030 7351
5 6373 6452 4717 7352
5 6400 6446 6286 7353
5 5899 6429 6428 7354
5 5895 6444 6439 7355
5 4469 6446 6400 7356
5 6444 6449 4043 7357
5 6312 6436 6313 7358
5 4043 6449 6295 7359
5 6192 6458 3278 7360
5 5685 6438 6365 7361
5 6286 6446 3071 7362
5 6417 6447 3644 7363
5 6424 6442 4716 7364
5 4467 6413 4038 7365
5 3030 6442 6424 7366
5 6472 6473 6274 7367
5 5876 6483 6482 7368
5 5722 6462 5721 7369
5 2733 6448 6271 7370
5 5920 6463 2186 7371
5 4044 6456 6336 7372
5 5892 6449 6444 7373
5 3652 6436 6312 7374
5 6382 6450 3998 7375
5 2350 6441 6408 7376
5 4038 6413 4040 7377
5 2834 6459 5893 7378
5 6456 6459 5722 7379
5 5920 6464 6463 7380
5 5891 6454 6449 7381
5 6294 6455 3109 7382
5 4466 6453 4306 7383
5 5842 6477 6474 7384
5 6408 6441 6361 7385
5 6295 6454 4044 7386
5 5720 6466 6229 7387
5 6397 6430 5661 7388
5 6336 6456 5722 7389
5 6423 6436 3652 7390
5 5681 6447 6417 7391
5 4463 6437 5750 7392
5 3278 6464 5920 7393
5 6471 6472 4049 7394
5 4306 6453 5621 7395
5 4464 6437 4463 7396
5 6449 6454 6295 7397
5 6227 6462 6459 7398
5 6368 6457 5612 7399
5 6425 6457 6368 7400
5 5619 6460 4471 7401
5 5627 6486 6480 7402
5 6193 6458 6192 7403
5 5618 6457 6425 7404
5 6227 6459 2834 7405
5 6193 6467 6466 7406
5 2186 6462 6227 7407
5 5776 6472 6471 7408
5 5721 6463 5719 7409
5 6156 6474 2183 7410
5 6458 6466 5720 7411
5 6452 6461 4717 7412
5 6274 6473 4050 7413
5 5775 6469 6338 7414
5 6463 6464 5719 7415
5 5775 6470 6469 7416
5 5875 6465 5874 7417
5 6338 6467 6193 7418
5 5719 6464 5720 7419
5 5776 6471 5774 7420
5 4332 6480 6213 7421
5 6229 6466 4047 7422
5 6466 6467 4047 7423
5 6338 6469 6467 7424
5 5623 6461 4305 7425
5 5774 6470 5775 7426
5 5842 6478 6210 7427
5 4047 6467 6335 7428
5 5642 6481 4718 7429
5 6193 6466 6458 7430
5 3984 6481 4474 7431
5 5952 6468 5955 7432
5 6232 6479 5626 7433
5 5727 6484 2826 7434
5 4305 6461 6452 7435
5 4474 6485 4298 7436
5 2186 6463 6462 7437
5 5876 6482 2449 7438
5 6467 6469 6335 7439
5 5774 6471 6470 7440
5 4049 6472 6274 7441
5 4718 6481 3811 7442
5 6462 6463 5721 7443
5 5777 6473 6472 7444
5 6376 6485 4474 7445
5 6335 6469 4048 7446
5 5642 6484 6481 7447
5 6469 6470 4048 7448
5 2789 6475 6321 7449
5 2789 6476 6475 7450
5 4048 6470 5795 7451
5 6470 6471 5795 7452
5 5795 6471 4049 7453
5 6098 6476 2789 7454
5 5627 6480 5628 7455
5 6321 6475 5777 7456
5 6098 6477 6476 7457
5 2183 6477 6098 7458
5 5777 6472 5776 7459
5 6465 6468 5952 7460
5 5875 6468 6465 7461
5 3747 6487 5634 7462
5 6157 6474 6156 7463
5 6482 6483 5626 7464
5 4050 6473 5843 7465
5 5628 6480 6414 7466
5 6157 6479 6478 7467
5 3981 6488 6011 7468
5 6475 6476 5843 7469
5 5843 6476 5841 7470
5 5634 6487 4675 7471
5 6011 6488 5635 7472
5 6474 6478 5842 7473
5 6476 6477 5841 7474
5 2182 6483 5876 7475
5 6479 6482 5626 7476
5 5841 6477 5842 7477
5 6213 6486 2182 7478
5 6478 6479 4052 7479
5 6210 6478 4052 7480
5 2182 6486 6483 7481
5 6414 6480 4332 7482
5 4052 6479 6232 7483
5 5777 6475 6473 7484
5 3811 6481 3984 7485
5 2449 6482 6157 7486
5 2826 6484 5642 7487
5 5626 6483 5625 7488
5 4298 6485 5605 7489
5 6483 6486 5625 7490
5 6157 6478 6474 7491
5 5625 6486 5627 7492
5 6473 6475 5843 7493
5 6157 6482 6479 7494
5 4675 6487 5622 7495
5 5635 6488 5634 7496
5 3300 6490 2075 7497
5 2075 6490 2077 7498
5 6490 6491 2090 7499
5 6004 6489 6005 7500
5 2077 6490 2090 7501
5 6492 6493 2352 7502
5 6408 6492 2076 7503
5 6360 6493 6361 7504
5 6489 6493 6005 7505
5 2352 6493 6489 7506
5 6361 6492 6408 7507
5 2052 2053 2051 7508
5 6005 6493 6360 7509
5 6500 6501 3301 7510
5 4785 6494 4782 7511
5 5385 6494 4785 7512
5 2051 2430 2049 7513
5 2050 2052 2051 7514
5 2050 2051 2049 7515
5 4842 6496 5042 7516
5 4460 6495 4475 7517
5 2337 6497 2071 7518
5 4900 6496 4842 7519
5 2071 6497 2073 7520
5 4784 6498 4781 7521
5 4781 6498 4783 7522
5 4720 6495 4460 7523
5 5035 6496 4900 7524
5 2073 6497 3300 7525
5 2761 6499 2759 7526
5 2048 2050 2049 7527
5 4783 6498 4938 7528
5 2070 6500 3301 7529
5 6495 6501 4475 7530
5 6489 6500 2352 7531
5 2072 6500 2070 7532
5 2759 6499 2785 7533
5 3301 6501 6495 7534
5 6004 6501 6489 7535
5 2352 6500 2072 7536
5 2048 2049 2047 7537
5 2047 5590 3449 7538
5 4475 6501 6004 7539
5 4838 6504 4836 7540
5 2068 6503 2066 7541
5 2047 3449 2045 7542
5 2046 2048 2047 7543
5 3919 5500 3918 7544
5 4720 6503 6495 7545
5 4176 6502 4213 7546
5 4213 6502 4784 7547
5 3301 6503 2068 7548
5 6495 6503 3301 7549
5 2046 2047 2045 7550
5 4841 6504 4838 7551
5 2387 2446 2389 7552
5 5323 6504 4841 7553
5 2044 2046 2045 7554
5 4268 4270 4269 7555
5 4272 4273 4271 7556
5 4495 5095 4493 7557
5 2044 2045 2042 7558
5 2391 5582 2432 7559
5 2063 6522 2062 7560
5 2393 2395 2394 7561
5 4545 6506 4543 7562
5 6568 6571 4795 7563
5 2883 2906 2881 7564
5 2385 6511 2387 7565
5 5064 6506 4545 7566
5 2961 6251 2959 7567
5 2979 6251 2961 7568
5 4494 4495 4493 7569
5 4760 6507 4759 7570
5 6383 6507 3340 7571
5 4615 6508 4174 7572
5 6577 6579 2432 7573
5 2396 5569 2394 7574
5 3340 6509 3289 7575
5 3288 6509 4427 7576
5 2445 5569 2396 7577
5 4174 6508 4176 7578
5 5549 6520 5525 7579
5 4499 5092 4497 7580
5 4953 6595 4955 7581
5 2043 2044 2042 7582
5 4759 6507 6383 7583
5 73 1959 72 7584
5 75 2022 74 7585
5 69 1960 68 7586
5 71 2024 70 7587
5 81 1957 80 7588
5 83 2023 82 7589
5 79 2025 78 7590
5 85 1956 84 7591
5 77 1958 76 7592
5 4266 4268 4267 7593
5 4606 6614 6605 7594
5 4176 6508 6502 7595
5 3289 6509 3288 7596
5 5595 6512 4338 7597
5 5594 6514 2785 7598
5 4338 6512 6111 7599
5 6122 6512 4031 7600
5 4405 6513 5595 7601
5 4031 6513 3477 7602
5 3769 6513 4405 7603
5 2785 6514 2756 7604
5 2754 6514 4338 7605
5 4264 4266 4265 7606
5 4492 4494 4493 7607
5 4270 4271 4269 7608
5 4491 5097 4489 7609
5 2393 2394 2392 7610
5 2391 2393 2392 7611
5 4262 4264 4263 7612
5 2387 6511 2446 7613
5 4492 4493 4491 7614
5 4503 5088 4501 7615
5 2394 2423 2392 7616
5 6111 6512 6122 7617
5 3477 6513 3769 7618
5 2756 6514 2754 7619
5 2390 3303 2388 7620
5 4268 4269 4267 7621
5 2389 2391 2390 7622
5 4866 4867 4058 7623
5 3425 5526 3430 7624
5 4266 4267 4265 7625
5 4490 4492 4491 7626
5 4275 5026 4273 7627
5 2391 2392 2390 7628
5 2383 2429 2385 7629
5 4260 4262 4261 7630
5 4185 6516 4187 7631
5 4490 4491 4489 7632
5 4862 6516 4185 7633
5 2041 2043 2042 7634
5 4271 5040 4269 7635
5 2387 2389 2388 7636
5 2379 3302 2381 7637
5 4264 4265 4263 7638
5 6527 6539 2429 7639
5 2056 2057 2055 7640
5 4476 6530 5554 7641
5 2386 6517 2425 7642
5 2388 6517 2386 7643
5 2389 2390 2388 7644
5 3110 6535 3112 7645
5 4258 4260 4259 7646
5 2390 6515 3303 7647
5 4488 4490 4489 7648
5 2382 3304 2380 7649
5 4660 5550 4659 7650
5 4267 5075 4265 7651
5 7113 7311 5392 7652
5 4256 4258 4257 7653
5 2423 6515 2392 7654
5 2385 2387 2386 7655
5 2386 2425 2384 7656
5 4500 6551 4502 7657
5 4262 4263 4261 7658
5 2387 2388 2386 7659
5 2392 6515 2390 7660
5 4507 5085 4505 7661
5 2054 2055 2053 7662
5 4720 6522 6503 7663
5 2066 6522 2063 7664
5 4487 5104 4483 7665
5 4488 4489 4487 7666
5 3303 6517 2388 7667
5 4165 4552 4478 7668
5 2378 6521 2426 7669
5 2385 2386 2384 7670
5 2383 2385 2384 7671
5 4260 4261 4259 7672
5 4254 4256 4255 7673
5 4263 5106 4261 7674
5 4833 6548 4539 7675
5 4486 4488 4487 7676
5 2380 6521 2378 7677
5 5509 6539 6527 7678
5 4258 4259 4257 7679
5 2382 6519 3304 7680
5 4477 6524 4720 7681
5 2383 2384 2382 7682
5 2421 3425 2443 7683
5 5490 5493 5492 7684
5 4449 5597 4778 7685
5 2381 2383 2382 7686
5 5265 7246 4802 7687
5 2425 6519 2384 7688
5 4511 5077 4509 7689
5 4256 4257 4255 7690
5 5462 6621 5463 7691
5 4486 4487 4483 7692
5 2374 3306 2372 7693
5 6503 6522 2066 7694
5 4252 4254 4253 7695
5 3812 6530 4730 7696
5 5554 6530 5620 7697
5 2381 2382 2380 7698
5 5010 5148 5009 7699
5 4259 5134 4257 7700
5 2384 6519 2382 7701
5 3337 3338 2442 7702
5 2378 2426 2376 7703
5 2379 2381 2380 7704
5 3302 6527 2381 7705
5 3902 4733 4614 7706
5 3304 6521 2380 7707
5 3126 6525 3537 7708
5 2383 6527 2429 7709
5 2370 6533 2424 7710
5 2375 2428 2377 7711
5 3832 5586 5585 7712
5 2039 5562 4293 7713
5 2041 2042 2039 7714
5 4482 4486 4483 7715
5 4250 4252 4251 7716
5 4254 4255 4253 7717
5 2371 3307 2373 7718
5 2379 2380 2378 7719
5 4832 6528 4834 7720
5 6106 6852 4629 7721
5 4500 6562 6551 7722
5 2377 2379 2378 7723
5 4731 6524 4477 7724
5 4932 6548 4833 7725
5 3537 6525 4610 7726
5 5556 6537 2403 7727
5 4248 4250 4249 7728
5 4502 6539 4504 7729
5 3561 4482 4166 7730
5 5291 6731 4169 7731
5 4482 4483 4166 7732
5 2372 6533 2370 7733
5 4255 5210 4253 7734
5 4188 6532 3904 7735
5 4515 5073 4513 7736
5 2377 2378 2376 7737
5 4635 5212 5211 7738
5 2374 6523 3306 7739
5 3561 4166 4165 7740
5 3561 4165 3560 7741
5 4252 4253 4251 7742
5 5570 6588 2408 7743
5 5078 5079 4525 7744
5 4834 6528 4837 7745
5 2381 6527 2383 7746
5 2052 2054 2053 7747
5 4498 6562 4500 7748
5 2375 2377 2376 7749
5 5341 7030 4849 7750
5 2062 6561 2059 7751
5 5620 6530 3812 7752
5 3515 3542 3338 7753
5 2426 6523 2376 7754
5 4059 4866 4058 7755
5 2369 6538 2371 7756
5 2427 6538 2369 7757
5 3338 6544 2442 7758
5 3559 3560 3425 7759
5 4250 4251 4249 7760
5 2409 6537 2421 7761
5 3973 4058 3543 7762
5 99 1969 98 7763
5 4246 4248 4247 7764
5 2375 2376 2374 7765
5 3307 6526 2373 7766
5 2505 6546 6049 7767
5 2652 6546 2507 7768
5 3904 6532 4186 7769
5 3815 6547 3813 7770
5 3924 4171 4101 7771
5 5100 5550 4660 7772
5 2737 6549 2731 7773
5 2375 6526 2428 7774
5 2421 6537 3559 7775
5 6558 6614 4646 7776
5 2373 2375 2374 7777
5 4733 4947 4614 7778
5 3559 3561 3560 7779
5 4867 6544 4058 7780
5 4498 6574 6562 7781
5 3902 4614 3973 7782
5 2130 7202 6269 7783
5 7019 7020 3826 7784
5 3973 4059 4058 7785
5 2376 6523 2374 7786
5 3543 6544 3338 7787
5 3282 6552 2115 7788
5 2117 6552 2121 7789
5 2363 3308 2365 7790
5 4251 5224 4249 7791
5 4248 4249 4247 7792
5 3306 6533 2372 7793
5 6588 6593 2408 7794
5 2370 2424 2368 7795
5 48 7351 1943 7796
5 2373 2374 2372 7797
5 3560 5526 3425 7798
5 4496 6574 4498 7799
5 4519 5066 4517 7800
5 5455 7236 4053 7801
5 2373 6526 2375 7802
5 3902 3973 3543 7803
5 2421 3559 3425 7804
5 3542 3902 3543 7805
5 4504 6539 5509 7806
5 2371 2373 2372 7807
5 6499 6568 2785 7808
5 6530 6547 4730 7809
5 5581 6563 4005 7810
5 4473 6564 5581 7811
5 4007 6564 6409 7812
5 2747 6563 4007 7813
5 4005 6563 3468 7814
5 5913 6564 4473 7815
5 4496 6577 6574 7816
5 2737 6584 6549 7817
5 4867 6587 6572 7818
5 4244 4246 4245 7819
5 2403 6537 2409 7820
5 4171 5108 4666 7821
5 4614 6531 3973 7822
5 3973 6531 4059 7823
5 2413 6572 2404 7824
5 96 2001 95 7825
5 1242 5150 2000 7826
5 1934 5406 492 7827
5 642 5488 1970 7828
5 1977 2033 1362 7829
5 2000 5149 1662 7830
5 1973 5152 1212 7831
5 1332 5166 1974 7832
5 432 5202 5201 7833
5 1935 5203 1002 7834
5 1954 5193 1572 7835
5 2367 2427 2369 7836
5 6405 7221 3064 7837
5 1962 5327 1602 7838
5 1970 5198 1122 7839
5 1946 5187 1932 7840
5 4946 6573 4233 7841
5 4235 6573 5660 7842
5 2371 6538 3307 7843
5 2371 2372 2370 7844
5 3232 3233 3231 7845
5 3815 6569 6547 7846
5 5565 6568 4795 7847
5 3127 6525 3126 7848
5 142 6735 141 7849
5 5593 6571 6499 7850
5 4994 4996 4995 7851
5 3542 3543 3338 7852
5 4246 4247 4245 7853
5 5594 6568 5565 7854
5 3230 3231 3228 7855
5 5053 5409 5408 7856
5 6553 6580 4482 7857
5 2408 6593 5592 7858
5 4494 6577 4496 7859
5 5110 5414 5108 7860
5 4476 6547 6530 7861
5 4478 6560 5526 7862
5 3884 6548 4584 7863
5 3112 3120 3114 7864
5 2369 2371 2370 7865
5 6524 6561 2062 7866
5 2507 6546 2505 7867
5 4523 5036 4521 7868
5 4539 6548 3884 7869
5 3813 6547 4476 7870
5 4831 4832 4539 7871
5 2731 6549 2732 7872
5 5125 5126 5124 7873
5 4172 6569 3815 7874
5 2038 2041 2039 7875
5 2039 4293 2037 7876
5 3112 6535 3120 7877
5 102 2015 101 7878
5 3227 3228 3226 7879
5 4247 5232 4245 7880
5 95 6545 94 7881
5 2432 6579 5567 7882
5 4242 4244 4243 7883
5 5160 5162 5161 7884
5 2369 2370 2368 7885
5 4502 6551 6539 7886
5 4778 5597 5596 7887
5 3561 6553 4482 7888
5 2429 6551 6511 7889
5 4955 6595 4958 7890
5 4992 6578 5398 7891
5 1991 7485 5124 7892
5 4058 6544 3543 7893
5 6593 6599 5592 7894
5 4171 5110 5108 7895
5 2115 6552 2117 7896
5 3770 4209 3478 7897
5 6549 6584 5463 7898
5 4473 6584 2739 7899
5 3310 6679 5507 7900
5 2054 2056 2055 7901
5 2367 2369 2368 7902
5 2338 6664 2335 7903
5 6579 6582 5567 7904
5 4881 6886 6885 7905
5 3308 6543 2365 7906
5 5567 6582 2444 7907
5 4244 4245 4243 7908
5 6551 6562 6511 7909
5 4240 4242 4241 7910
5 6547 6569 4730 7911
5 5556 6553 6537 7912
5 4731 6588 5570 7913
5 94 2029 93 7914
5 5556 6580 6553 7915
5 4479 6588 4731 7916
5 2355 3310 2357 7917
5 2069 6589 2337 7918
5 5583 6589 2067 7919
5 5584 6589 5583 7920
5 5562 6558 4293 7921
5 2444 6583 5559 7922
5 5303 6796 4585 7923
5 5526 6560 3924 7924
5 6582 6583 2444 7925
5 2367 2368 2366 7926
5 5592 6599 2430 7927
5 2367 6543 2427 7928
5 4311 6868 6323 7929
5 4553 6590 5293 7930
5 5112 6590 5641 7931
5 2402 6587 2422 7932
5 3468 6563 2747 7933
5 6409 6564 5913 7934
5 6511 6562 2446 7935
5 6539 6551 2429 7936
5 5559 6581 2433 7937
5 2785 6568 5594 7938
5 3559 6553 3561 7939
5 4731 6561 6524 7940
5 6650 6769 4791 7941
5 4730 6569 6290 7942
5 2433 6580 5556 7943
5 4243 4620 4241 7944
5 4958 5471 4960 7945
5 5196 7162 5197 7946
5 5643 7070 4771 7947
5 5552 6571 5593 7948
5 1752 7280 972 7949
5 4242 4243 4241 7950
5 4396 6594 5074 7951
5 6562 6574 2446 7952
5 4766 6621 5462 7953
5 4233 6573 4235 7954
5 5559 6583 6581 7955
5 2433 6581 6580 7956
5 2365 2367 2366 7957
5 3971 4590 4230 7958
5 2364 2420 2362 7959
5 5463 6621 6549 7960
5 2446 6574 5582 7961
5 6599 6605 2430 7962
5 6537 6553 3559 7963
5 2356 5456 2353 7964
5 3563 3831 3562 7965
5 2996 6598 2994 7966
5 3903 6592 3528 7967
5 6680 6916 2776 7968
5 6574 6577 5582 7969
5 1988 6825 5081 7970
5 2001 6545 95 7971
5 5216 6575 5217 7972
5 2056 2058 2057 7973
5 2359 2418 2361 7974
5 2365 2366 2364 7975
5 2940 2956 2939 7976
5 2940 6555 2956 7977
5 2977 6556 3001 7978
5 2977 3001 2976 7979
5 3924 6560 4171 7980
5 6024 6602 5572 7981
5 1995 6678 16 7982
5 2685 6602 6024 7983
5 2681 6602 2679 7984
5 5571 6603 2703 7985
5 2683 6603 2681 7986
5 2442 6572 2413 7987
5 2348 6675 2346 7988
5 4991 6578 4992 7989
5 5572 6603 5571 7990
5 2430 6605 5590 7991
5 5582 6577 2432 7992
5 3121 3123 3122 7993
5 2365 6543 2367 7994
5 3173 3177 3174 7995
5 4171 6560 5110 7996
5 134 6565 133 7997
5 6993 7349 4916 7998
5 4867 6572 6544 7999
5 3120 3121 3114 8000
5 4492 6579 4494 8001
5 3054 6611 5558 8002
5 5558 6612 4415 8003
5 4807 6606 4374 8004
5 4372 6606 6136 8005
5 2561 6607 2559 8006
5 2607 6609 2605 8007
5 3299 6612 3297 8008
5 3297 6611 3043 8009
5 3044 6611 3054 8010
5 4415 6612 3428 8011
5 5285 6652 5287 8012
5 2363 2365 2364 8013
5 6544 6572 2442 8014
5 4492 6582 6579 8015
5 4100 5364 3896 8016
5 4482 6580 4486 8017
5 3361 3363 3362 8018
5 6580 6581 4486 8019
5 4240 4241 4239 8020
5 1940 7380 6774 8021
5 4490 6582 4492 8022
5 4486 6581 4488 8023
5 5232 6570 4245 8024
5 4238 4240 4239 8025
5 5517 7041 3557 8026
5 4490 6583 6582 8027
5 6581 6583 4488 8028
5 3324 3325 3323 8029
5 6746 7429 4200 8030
5 4488 6583 4490 8031
5 94 6545 2029 8032
5 5124 7477 1991 8033
5 2058 2060 2059 8034
5 4830 6658 6657 8035
5 3123 3127 3126 8036
5 2040 5442 2038 8037
5 2739 6584 2737 8038
5 4245 6570 4243 8039
5 4584 6615 4892 8040
5 2363 2364 2362 8041
5 5334 7173 4667 8042
5 2358 2431 2356 8043
5 2404 6587 2402 8044
5 4922 7153 5072 8045
5 3444 6745 4200 8046
5 4243 6570 4620 8047
5 5688 6588 4479 8048
5 2067 6589 2069 8049
5 3258 5309 3253 8050
5 4751 4753 4752 8051
5 2361 2363 2362 8052
5 3853 6641 4179 8053
5 5641 6590 4553 8054
5 5688 6593 6588 8055
5 3225 3226 3224 8056
5 7006 7489 4055 8057
5 5050 6692 5380 8058
5 2779 6680 2776 8059
5 3907 4053 3901 8060
5 2529 6624 2527 8061
5 4187 6592 3903 8062
5 171 6824 170 8063
5 4527 6593 5688 8064
5 3028 7336 5348 8065
5 4636 6594 4396 8066
5 3332 3336 3335 8067
5 2771 2778 2769 8068
5 4169 6731 3945 8069
5 3900 3901 3899 8070
5 3281 7096 5807 8071
5 5586 5587 5585 8072
5 2361 2362 2360 8073
5 4837 5381 4839 8074
5 3527 6616 3529 8075
5 3022 6628 3027 8076
5 5125 5467 5466 8077
5 5296 7448 5311 8078
5 4232 4238 4237 8079
5 4527 6599 6593 8080
5 3284 6264 4540 8081
5 4773 6628 5591 8082
5 5591 6628 3024 8083
5 4570 6699 4573 8084
5 4837 6528 5381 8085
5 4292 7370 4758 8086
5 3004 6598 2996 8087
5 4238 4239 4237 8088
5 4532 6599 4527 8089
5 2359 2361 2360 8090
5 2343 6664 2338 8091
5 4958 6595 5471 8092
5 3363 3365 3364 8093
5 4063 4794 4064 8094
5 146 7479 145 8095
5 4295 6894 5298 8096
5 5346 7375 4218 8097
5 2351 6679 2355 8098
5 4532 6605 6599 8099
5 2679 6602 2685 8100
5 2703 6603 2683 8101
5 2359 2360 2358 8102
5 2038 2039 2037 8103
5 4538 4831 4539 8104
5 4637 6822 6727 8105
5 2060 6596 2061 8106
5 6024 6604 4616 8107
5 3457 6648 6082 8108
5 5437 6928 4623 8109
5 5312 6952 4576 8110
5 2792 6025 4661 8111
5 5177 5178 5176 8112
5 3509 5586 3832 8113
5 6323 6868 4612 8114
5 2322 6083 2320 8115
5 2321 2322 2320 8116
5 2061 6596 2064 8117
5 4723 6672 4725 8118
5 4606 6605 4532 8119
5 4200 4596 4134 8120
5 4374 6606 4372 8121
5 5436 5437 4623 8122
5 5457 6569 4172 8123
5 2643 6607 2561 8124
5 5160 5161 5156 8125
5 2605 6609 2661 8126
5 3817 6635 4098 8127
5 4778 5596 5464 8128
5 3043 6611 3044 8129
5 3428 6612 3299 8130
5 6634 6686 5412 8131
5 5386 6713 2658 8132
5 4226 6866 4223 8133
5 2008 6981 6735 8134
5 2357 2359 2358 8135
5 3845 6644 3847 8136
5 6532 6639 4186 8137
5 5100 6669 5550 8138
5 3106 6764 3119 8139
5 6314 6764 3104 8140
5 6913 7008 2858 8141
5 5355 5383 3552 8142
5 6852 7012 4628 8143
5 3221 3222 3219 8144
5 32 7423 7279 8145
5 2998 6642 3004 8146
5 3218 3219 3217 8147
5 3216 3217 3215 8148
5 5513 6608 4239 8149
5 3503 6727 3541 8150
5 3214 3215 3213 8151
5 5590 6614 3449 8152
5 3212 3213 3211 8153
5 4766 6640 6621 8154
5 4894 6083 2322 8155
5 3529 6616 4188 8156
5 4791 6642 5589 8157
5 5589 6642 3000 8158
5 3866 6649 2773 8159
5 2766 6649 2768 8160
5 3210 3211 3209 8161
5 4932 6615 6548 8162
5 4098 6635 4615 8163
5 22 7482 21 8164
5 2130 7304 7202 8165
5 4230 4232 4231 8166
5 2064 3305 2341 8167
5 4232 4237 4231 8168
5 3818 6126 2939 8169
5 3820 6266 2976 8170
5 4237 5167 4231 8171
5 5244 7094 6726 8172
5 7221 7319 3064 8173
5 4210 5501 3662 8174
5 6661 7112 6932 8175
5 2357 2358 2356 8176
5 3898 3899 3897 8177
5 5056 7275 5328 8178
5 2321 4793 2323 8179
5 3852 3865 3850 8180
5 4209 6648 3478 8181
5 3487 3886 3532 8182
5 6548 6615 4584 8183
5 4106 4911 4910 8184
5 2656 6651 2633 8185
5 2631 6651 6092 8186
5 5508 6659 3348 8187
5 5371 7069 2001 8188
5 5190 5191 1935 8189
5 4646 6614 4606 8190
5 5417 6699 4570 8191
5 6535 6910 4943 8192
5 5054 5055 5053 8193
5 28 7468 27 8194
5 3883 6644 3845 8195
5 3501 4637 3503 8196
5 4769 6659 4770 8197
5 6374 6659 5508 8198
5 6571 6647 4795 8199
5 2166 6809 6278 8200
5 3854 5437 5436 8201
5 4758 7086 6771 8202
5 6137 7391 2870 8203
5 21 7451 20 8204
5 3087 7142 6704 8205
5 2787 6680 2779 8206
5 3434 6635 3817 8207
5 2567 6660 2565 8208
5 3497 6683 4107 8209
5 3357 3359 3358 8210
5 6549 6621 2732 8211
5 3482 7049 6792 8212
5 2415 6679 2351 8213
5 6585 6586 5030 8214
5 6777 7189 4170 8215
5 4105 6641 3853 8216
5 6902 6929 4812 8217
5 6278 6809 4713 8218
5 2956 3818 2939 8219
5 3001 3820 2976 8220
5 4239 6608 4237 8221
5 2917 6671 2923 8222
5 2527 6624 2649 8223
5 5030 7167 4651 8224
5 33 7432 32 8225
5 2355 2357 2356 8226
5 59 5273 1949 8227
5 4884 6814 6812 8228
5 6082 6648 4793 8229
5 4179 6641 5300 8230
5 2097 7483 5354 8231
5 5588 6671 2919 8232
5 4805 6671 5588 8233
5 2895 6685 2904 8234
5 6211 6685 2898 8235
5 3208 3209 3207 8236
5 4996 4998 4997 8237
5 4581 7035 6189 8238
5 3146 3147 3145 8239
5 1991 7477 6842 8240
5 3024 6628 3022 8241
5 2353 5456 2414 8242
5 5416 6921 86 8243
5 4559 6597 4558 8244
5 5127 5128 5126 8245
5 3029 5784 3862 8246
5 7070 7164 4771 8247
5 2684 6686 2669 8248
5 6506 7053 2659 8249
5 4231 6576 4229 8250
5 6621 6640 2732 8251
5 4806 6674 6620 8252
5 4808 6685 6211 8253
5 3512 3563 3562 8254
5 4591 5443 4147 8255
5 5446 6883 4935 8256
5 3305 3509 2341 8257
5 4908 6784 3934 8258
5 5056 5057 5055 8259
5 5457 6827 4568 8260
5 5132 5133 4797 8261
5 4993 7395 7394 8262
5 1955 7461 7090 8263
5 4229 6576 4632 8264
5 6567 6952 3886 8265
5 7054 7243 5132 8266
5 4237 6608 5167 8267
5 2957 2980 2954 8268
5 4207 4533 4208 8269
5 2523 6695 6107 8270
5 2649 6695 2525 8271
5 6506 6694 4543 8272
5 4096 6634 4206 8273
5 4882 7341 4884 8274
5 2792 2794 2793 8275
5 4779 7208 4777 8276
5 4445 6610 4456 8277
5 5167 6576 4231 8278
5 3552 5383 4623 8279
5 3154 3155 3153 8280
5 5254 7189 6777 8281
5 3311 6746 6745 8282
5 52 7005 51 8283
5 3049 7042 5429 8284
5 4602 6634 4096 8285
5 3177 3339 3178 8286
5 4753 4755 4754 8287
5 6988 7314 4825 8288
5 4230 4231 4229 8289
5 160 7051 159 8290
5 3478 6648 3457 8291
5 3204 3205 3203 8292
5 3202 3203 3201 8293
5 5502 6705 4537 8294
5 4685 6705 5657 8295
5 3200 3201 3199 8296
5 4541 6694 4604 8297
5 3198 3199 3197 8298
5 3196 3197 3195 8299
5 1974 7419 7065 8300
5 6748 7366 4281 8301
5 4582 6630 3865 8302
5 3194 3195 3193 8303
5 2663 6922 6050 8304
5 2326 6909 2331 8305
5 3192 3193 3191 8306
5 3326 3327 3325 8307
5 5164 5165 5159 8308
5 3190 3191 3189 8309
5 4178 6591 2436 8310
5 4186 6639 4863 8311
5 5230 7481 4574 8312
5 5438 6626 5439 8313
5 4481 5379 4480 8314
5 2712 6638 2728 8315
5 4586 6641 4105 8316
5 3833 6200 2954 8317
5 2732 6640 5998 8318
5 3075 3076 3066 8319
5 4124 4480 4118 8320
5 3462 6943 6631 8321
5 5405 6783 4282 8322
5 2355 2356 2353 8323
5 2043 6662 2407 8324
5 2792 4661 2794 8325
5 5207 6743 5206 8326
5 5352 6710 5351 8327
5 5550 6669 3931 8328
5 2885 6708 2883 8329
5 4611 7450 6856 8330
5 2913 6709 2911 8331
5 2414 6675 2348 8332
5 4615 7177 5276 8333
5 3432 4576 3433 8334
5 2619 6713 6172 8335
5 2658 6713 2621 8336
5 6126 6751 2933 8337
5 2931 6751 2941 8338
5 6266 6752 2971 8339
5 2969 6752 2978 8340
5 2064 6596 3305 8341
5 1969 6970 5101 8342
5 4621 6866 5393 8343
5 5179 5180 5178 8344
5 3104 6764 3106 8345
5 5163 5164 5159 8346
5 3313 3315 3314 8347
5 2139 6716 2137 8348
5 2140 6716 3269 8349
5 2888 6717 2890 8350
5 3000 6642 2998 8351
5 3722 7085 6779 8352
5 6647 6765 4794 8353
5 2778 6647 5552 8354
5 4790 6644 3883 8355
5 2081 6719 4311 8356
5 2090 6719 2079 8357
5 7163 7460 6731 8358
5 147 7138 146 8359
5 1956 6655 5545 8360
5 3351 3353 3352 8361
5 4229 4632 3970 8362
5 2440 3313 3312 8363
5 32 7279 31 8364
5 2519 6725 2517 8365
5 4913 7396 5997 8366
5 3868 4597 3831 8367
5 2036 2040 2038 8368
5 5408 6715 5052 8369
5 2450 6728 2091 8370
5 2093 6728 2349 8371
5 4558 6597 5313 8372
5 2773 6649 2766 8373
5 4136 4625 4135 8374
5 4858 6754 5084 8375
5 5847 6690 5845 8376
5 3971 4230 4229 8377
5 5845 6690 6253 8378
5 6586 7167 5030 8379
5 6972 7151 5102 8380
5 4662 7045 6623 8381
5 5025 6618 4646 8382
5 5370 7355 5368 8383
5 5227 6747 5225 8384
5 4123 7445 7004 8385
5 5165 6663 5468 8386
5 3188 3189 3187 8387
5 2893 6730 2891 8388
5 6964 7149 4829 8389
5 3284 4540 3738 8390
5 5552 6647 6571 8391
5 4117 4118 4116 8392
5 4077 7050 5004 8393
5 3558 5404 3971 8394
5 2794 2795 2793 8395
5 3053 6739 2874 8396
5 7301 7414 5216 8397
5 5158 5159 5157 8398
5 2434 2436 2435 8399
5 5306 6673 5304 8400
5 6567 7291 4576 8401
5 5264 7145 3356 8402
5 4832 6529 6528 8403
5 2633 6651 2631 8404
5 4576 6952 6567 8405
5 2008 6735 142 8406
5 6228 7325 6743 8407
5 4616 4895 4601 8408
5 4713 6744 6370 8409
5 6116 6744 4629 8410
5 3076 5388 3078 8411
5 2343 6665 6664 8412
5 4812 4823 4811 8413
5 3399 7492 5276 8414
5 4558 5313 5312 8415
5 2770 2774 2772 8416
5 3353 3355 3354 8417
5 2906 6850 2881 8418
5 2877 3049 2875 8419
5 3284 3738 3737 8420
5 5044 5045 5043 8421
5 4207 4208 3913 8422
5 3091 6159 4555 8423
5 5046 5047 5045 8424
5 5435 6721 5129 8425
5 5048 5049 5047 8426
5 4658 5043 4657 8427
5 2780 6676 3311 8428
5 4570 4571 2781 8429
5 2355 6679 3310 8430
5 3541 3557 3555 8431
5 4551 6750 4586 8432
5 4286 4288 4287 8433
5 6751 6807 2941 8434
5 4288 4290 4289 8435
5 3184 3185 3183 8436
5 4974 6755 4975 8437
5 3182 3183 3176 8438
5 4284 4286 4285 8439
5 3435 3436 3398 8440
5 4770 6659 6374 8441
5 3175 3176 3168 8442
5 2855 2856 2854 8443
5 2853 2854 2852 8444
5 2851 2852 2850 8445
5 3167 3168 3166 8446
5 2849 2850 2848 8447
5 3156 3157 3155 8448
5 5382 7021 5165 8449
5 5248 7458 7294 8450
5 2642 6660 2567 8451
5 3892 4599 4207 8452
5 4998 5000 4999 8453
5 5043 7347 4657 8454
5 3092 5939 4563 8455
5 5220 7403 4981 8456
5 2509 6768 2652 8457
5 6251 6880 2959 8458
5 2353 2414 2348 8459
5 3334 7408 5466 8460
5 6253 6690 4595 8461
5 2778 6765 6647 8462
5 3916 3972 3917 8463
5 5218 6627 3461 8464
5 4810 4811 4809 8465
5 4066 6631 6604 8466
5 3972 4798 4152 8467
5 2331 3916 3915 8468
5 3339 6566 3178 8469
5 2919 6671 2917 8470
5 3119 6910 3108 8471
5 2710 2712 2711 8472
5 2710 6638 2712 8473
5 3110 6910 6535 8474
5 6083 6788 3408 8475
5 3513 3545 3544 8476
5 4845 7315 5903 8477
5 6675 7218 2346 8478
5 2980 3833 2954 8479
5 2787 6681 6680 8480
5 4943 4944 4163 8481
5 3260 3344 3343 8482
5 4745 5460 4743 8483
5 3484 7500 5058 8484
5 1990 6754 6652 8485
5 4973 6776 4970 8486
5 3722 6779 6133 8487
5 5924 6779 4328 8488
5 4224 4284 4225 8489
5 3489 6939 5443 8490
5 2770 2771 2769 8491
5 2847 2848 2846 8492
5 3165 3166 3163 8493
5 2734 3482 2735 8494
5 2728 2734 2730 8495
5 5362 7402 5361 8496
5 4895 5436 5383 8497
5 4125 7498 4917 8498
5 2529 6831 6624 8499
5 2898 6685 2895 8500
5 5337 7253 2032 8501
5 4633 7000 4635 8502
5 4847 6733 4618 8503
5 3891 4740 4739 8504
5 6681 6907 4798 8505
5 4831 6529 4832 8506
5 4893 6993 4916 8507
5 4093 7224 5345 8508
5 5288 7449 5440 8509
5 3328 3329 3327 8510
5 6894 7097 5298 8511
5 7308 7434 5007 8512
5 3339 6877 6566 8513
5 4628 7012 6334 8514
5 2711 6718 2720 8515
5 6766 7040 6767 8516
5 2947 6840 2955 8517
5 6200 6840 2949 8518
5 4818 5059 4817 8519
5 5183 5299 5182 8520
5 2669 6686 2668 8521
5 5103 7201 3411 8522
5 6627 6942 3459 8523
5 3155 6973 3153 8524
5 2988 6791 2986 8525
5 2034 2035 1999 8526
5 4611 6856 4530 8527
5 4827 7406 6856 8528
5 2015 7124 5492 8529
5 5888 6789 4425 8530
5 6434 6789 5644 8531
5 4848 6751 6126 8532
5 4849 6752 6266 8533
5 2774 2781 2775 8534
5 3317 3319 3318 8535
5 5500 7491 5164 8536
5 4779 7354 7208 8537
5 6643 7313 5365 8538
5 5907 6854 5908 8539
5 4160 4651 3423 8540
5 5753 7304 2130 8541
5 5166 7462 5213 8542
5 3138 3140 3139 8543
5 3140 3142 3141 8544
5 3142 3144 3143 8545
5 2219 6690 5847 8546
5 3133 3138 3137 8547
5 4575 5225 4574 8548
5 5343 6693 5561 8549
5 3131 3133 3132 8550
5 6663 7491 3919 8551
5 2795 6631 4066 8552
5 5473 6897 2651 8553
5 4821 6794 6087 8554
5 3906 4574 3885 8555
5 6597 7247 5313 8556
5 3411 7131 5008 8557
5 4662 6623 3942 8558
5 6767 7040 4562 8559
5 4119 4657 3421 8560
5 2332 2339 2330 8561
5 7054 7103 732 8562
5 6840 7032 2955 8563
5 4543 6694 4541 8564
5 4927 7099 4814 8565
5 4618 6733 4889 8566
5 6677 7117 4773 8567
5 2525 6695 2523 8568
5 4989 6797 5039 8569
5 2712 2728 2714 8570
5 3144 3146 3145 8571
5 2196 6805 2743 8572
5 2195 6805 2193 8573
5 5034 7443 5035 8574
5 5419 7495 5022 8575
5 3846 6600 4538 8576
5 3928 3930 3929 8577
5 4652 5030 4651 8578
5 2036 2038 2037 8579
5 3460 4127 3908 8580
5 92 7245 1 8581
5 6105 6809 2166 8582
5 3383 3384 3381 8583
5 4443 6610 4445 8584
5 2004 6684 5296 8585
5 2662 6816 2597 8586
5 2799 3854 3462 8587
5 1 7245 91 8588
5 4063 4064 3772 8589
5 6597 7284 4942 8590
5 3309 6973 3155 8591
5 4181 6550 4765 8592
5 3129 3131 3130 8593
5 3464 7061 6899 8594
5 3867 6314 3117 8595
5 3160 3161 3157 8596
5 5659 6826 5807 8597
5 5660 6826 5658 8598
5 3001 6556 3879 8599
5 5520 7079 4733 8600
5 4570 4573 4571 8601
5 4733 7067 5520 8602
5 3953 3955 3954 8603
5 3955 3957 3956 8604
5 3957 3962 3961 8605
5 3962 4057 4056 8606
5 4057 4294 4126 8607
5 7013 7203 4210 8608
5 5638 6971 5888 8609
5 2326 2331 2328 8610
5 3029 3795 3794 8611
5 3048 3050 3047 8612
5 4771 7164 6364 8613
5 3253 3255 3254 8614
5 3951 3953 3952 8615
5 3416 6600 3846 8616
5 2324 4894 2322 8617
5 6624 6831 4971 8618
5 6666 6667 5184 8619
5 6725 7137 2517 8620
5 2648 6831 2531 8621
5 2351 2355 2353 8622
5 3029 3862 3795 8623
5 3048 3051 3050 8624
5 5352 6711 6710 8625
5 3891 6795 4740 8626
5 5385 7411 6494 8627
5 6990 7254 1512 8628
5 5157 5160 5156 8629
5 4537 6705 4685 8630
5 5271 7340 3272 8631
5 6812 6813 5248 8632
5 5469 6840 6200 8633
5 5000 5002 5001 8634
5 4577 4663 4579 8635
5 3544 6815 5402 8636
5 2878 6849 3055 8637
5 6724 7216 3862 8638
5 3772 6541 3770 8639
5 2342 2343 2338 8640
5 3738 3739 3737 8641
5 2451 6852 6106 8642
5 2856 5394 3910 8643
5 5010 6706 5148 8644
5 3437 3438 3436 8645
5 1955 6824 171 8646
5 2657 7197 6494 8647
5 2661 6854 2603 8648
5 2601 6854 5907 8649
5 4662 7180 6683 8650
5 5263 6851 5019 8651
5 3541 6727 3557 8652
5 3494 3495 3493 8653
5 5109 6908 4666 8654
5 3949 3951 3950 8655
5 2347 2415 2351 8656
5 2336 2354 2340 8657
5 4290 4557 4556 8658
5 3255 3257 3256 8659
5 3552 4623 3438 8660
5 4657 7347 7222 8661
5 4155 7118 5430 8662
5 4612 6868 4613 8663
5 3240 6773 3241 8664
5 3120 6535 3873 8665
5 2777 6676 2780 8666
5 3507 7394 3230 8667
5 7106 7171 4540 8668
5 2873 6687 2871 8669
5 2883 6708 2906 8670
5 4615 7492 6508 8671
5 4663 4855 4664 8672
5 5545 7413 4166 8673
5 2911 6709 2922 8674
5 3442 3885 2784 8675
5 2782 2787 2779 8676
5 3770 6541 4209 8677
5 1946 5315 5188 8678
5 3971 4229 3970 8679
5 4654 5145 5094 8680
5 2715 3493 2713 8681
5 4872 7236 5455 8682
5 3975 7327 5344 8683
5 2780 3311 2783 8684
5 4580 4734 4578 8685
5 3913 4772 3524 8686
5 4455 6804 4441 8687
5 3149 6668 3147 8688
5 3086 6996 6619 8689
5 2003 6896 5310 8690
5 5495 7200 2015 8691
5 2329 2330 2327 8692
5 2621 6713 2619 8693
5 5161 7368 6667 8694
5 2933 6751 2931 8695
5 2971 6752 2969 8696
5 5235 7405 5236 8697
5 2651 6897 2513 8698
5 4170 7189 5439 8699
5 5358 7171 5363 8700
5 6792 7049 4774 8701
5 6778 7359 4816 8702
5 3373 3374 3371 8703
5 3959 6770 6650 8704
5 4548 4847 4618 8705
5 6884 7071 3345 8706
5 4640 5345 4920 8707
5 6950 6960 5286 8708
5 4530 4531 4282 8709
5 2859 7008 2896 8710
5 2786 3444 3443 8711
5 5409 6775 5408 8712
5 3330 3331 3329 8713
5 4800 7313 6643 8714
5 2137 6716 2140 8715
5 2890 6717 3073 8716
5 5081 7256 5142 8717
5 2784 6790 2782 8718
5 2957 6880 2980 8719
5 1943 6723 5314 8720
5 3366 7420 3932 8721
5 6405 7115 6178 8722
5 3461 6627 3459 8723
5 4133 5218 3461 8724
5 5076 7162 5407 8725
5 3085 5388 3076 8726
5 3249 3251 3250 8727
5 3179 6976 6622 8728
5 4735 4736 4734 8729
5 2079 6719 2081 8730
5 3220 7194 6813 8731
5 6886 7071 6885 8732
5 3422 4653 4120 8733
5 6315 6764 6314 8734
5 7012 7109 6334 8735
5 3047 6653 3564 8736
5 6639 7016 4863 8737
5 6592 7287 3549 8738
5 4215 6984 5303 8739
5 5783 6724 5784 8740
5 7139 7266 5116 8741
5 5367 7186 5318 8742
5 2651 7039 5473 8743
5 4144 5455 3907 8744
5 4800 7043 6762 8745
5 3945 6731 4901 8746
5 2965 6980 2963 8747
5 6819 7205 6929 8748
5 3837 5208 4761 8749
5 2650 6725 2519 8750
5 3743 5117 3960 8751
5 3801 4872 3959 8752
5 3660 4548 3958 8753
5 3779 3947 3946 8754
5 3827 4640 3936 8755
5 2913 7237 6709 8756
5 3170 3171 3161 8757
5 4281 4282 4280 8758
5 4636 6957 6594 8759
5 6284 6944 6285 8760
5 2091 6728 2093 8761
5 522 7447 7123 8762
5 4971 6937 6624 8763
5 3857 4865 4848 8764
5 4749 4750 4748 8765
5 6283 6948 4609 8766
5 4212 6949 4909 8767
5 5060 5418 5059 8768
5 3662 5501 3878 8769
5 4626 7219 4457 8770
5 3282 6971 6552 8771
5 3515 6986 3938 8772
5 3152 3153 3151 8773
5 2881 6850 2879 8774
5 2545 6951 2646 8775
5 7138 7379 146 8776
5 2034 5460 2036 8777
5 3265 6957 6267 8778
5 5422 6844 3848 8779
5 3935 6959 5113 8780
5 4162 4948 4619 8781
5 3505 4162 4161 8782
5 2888 7431 6717 8783
5 5332 7094 5244 8784
5 2668 6823 6034 8785
5 6494 7411 2657 8786
5 2904 6730 2893 8787
5 3385 3386 3384 8788
5 2321 2323 2322 8789
5 6552 6971 5638 8790
5 2036 5460 2040 8791
5 7164 7263 6364 8792
5 6690 6785 4595 8793
5 5657 6979 5656 8794
5 5664 6979 5665 8795
5 3387 3388 3386 8796
5 52 7456 7005 8797
5 3389 3390 3388 8798
5 4736 7052 6721 8799
5 3391 3392 3390 8800
5 3393 3394 3392 8801
5 3395 3396 3394 8802
5 5033 7239 4903 8803
5 110 6985 109 8804
5 2871 3052 2869 8805
5 2955 6189 6188 8806
5 2874 6739 2876 8807
5 5172 5175 5173 8808
5 4107 7180 5369 8809
5 2501 6987 2499 8810
5 5420 7435 3027 8811
5 1951 6818 1782 8812
5 99 6970 1969 8813
5 6034 6992 6074 8814
5 6540 6771 5201 8815
5 3367 3368 3365 8816
5 4855 4857 4856 8817
5 3408 6788 3512 8818
5 3281 6998 2133 8819
5 2135 6998 2139 8820
5 5105 7459 4287 8821
5 3563 3868 3831 8822
5 4741 6883 5459 8823
5 2339 5448 5447 8824
5 6779 7085 5260 8825
5 4646 6618 6558 8826
5 5350 7253 5283 8827
5 4223 6866 4621 8828
5 4727 7135 4769 8829
5 6178 7221 6405 8830
5 6594 6957 3265 8831
5 2896 7140 2861 8832
5 4585 5309 3258 8833
5 6660 7175 2565 8834
5 5363 7182 5362 8835
5 6176 7011 5321 8836
5 6178 7011 6177 8837
5 6370 6744 6116 8838
5 3241 3243 3242 8839
5 5018 7069 5498 8840
5 3493 6718 2713 8841
5 5123 7331 7254 8842
5 6934 7425 3446 8843
5 6695 7478 6107 8844
5 3444 4134 3521 8845
5 4210 7203 7125 8846
5 2438 2440 2439 8847
5 5360 6643 5364 8848
5 4912 6750 4551 8849
5 6844 6936 3848 8850
5 2434 2435 2417 8851
5 3091 3654 3653 8852
5 4968 6937 4967 8853
5 5072 7174 4921 8854
5 4901 7058 6161 8855
5 4657 6860 3421 8856
5 2008 7288 6981 8857
5 6589 6923 2337 8858
5 4104 6843 4106 8859
5 5830 7077 5745 8860
5 2959 6880 2957 8861
5 4847 7274 6733 8862
5 3795 3796 3794 8863
5 5291 7163 6731 8864
5 5505 7073 4641 8865
5 6634 6823 6686 8866
5 5560 6937 4968 8867
5 6763 6782 5174 8868
5 4751 4752 4750 8869
5 5169 5170 1975 8870
5 5473 7039 4959 8871
5 4108 5586 3509 8872
5 4937 7193 7104 8873
5 4559 7284 6597 8874
5 4627 7024 4631 8875
5 4957 7039 4963 8876
5 3332 3335 3331 8877
5 2219 6785 6690 8878
5 1955 7382 6824 8879
5 3944 7193 5326 8880
5 5456 7010 6817 8881
5 5169 6666 5171 8882
5 2857 5394 2856 8883
5 2043 2406 2044 8884
5 1949 5273 5114 8885
5 4975 6755 4978 8886
5 5215 7229 5214 8887
5 3375 3376 3374 8888
5 2031 7249 5340 8889
5 3780 7022 4103 8890
5 6607 7091 2559 8891
5 3118 3124 3117 8892
5 2659 7053 2615 8893
5 4128 6658 5266 8894
5 3512 4291 3563 8895
5 4745 6518 5460 8896
5 4702 7056 4705 8897
5 4647 7056 6149 8898
5 3432 3433 3336 8899
5 6161 7058 2665 8900
5 6131 7058 4407 8901
5 3377 3378 3376 8902
5 4826 7069 5371 8903
5 5519 7079 5520 8904
5 3379 3380 3378 8905
5 4639 7062 6088 8906
5 105 7271 2 8907
5 5374 7281 4593 8908
5 6633 7425 4757 8909
5 4636 7074 6957 8910
5 5175 5177 5176 8911
5 1954 5194 5193 8912
5 1970 5199 5198 8913
5 5166 5213 1974 8914
5 5202 6540 5201 8915
5 2 7271 104 8916
5 1946 5188 5187 8917
5 1977 4743 2033 8918
5 1973 5153 5152 8919
5 5150 5151 2000 8920
5 3091 4555 3654 8921
5 3092 3774 3773 8922
5 2842 2843 2841 8923
5 3395 6931 3396 8924
5 2044 6700 2046 8925
5 3361 3362 3359 8926
5 3902 7067 4733 8927
5 6737 6792 4774 8928
5 5520 7048 5493 8929
5 2869 6688 2867 8930
5 6733 7274 4103 8931
5 3938 7067 3542 8932
5 3882 6657 4128 8933
5 5345 7224 4920 8934
5 2036 2037 2035 8935
5 4558 5312 3534 8936
5 3851 7151 6972 8937
5 93 7057 92 8938
5 4857 4859 4858 8939
5 3892 4207 3913 8940
5 3848 6936 5089 8941
5 6824 7397 170 8942
5 5084 7215 4923 8943
5 3237 3239 3238 8944
5 3922 7046 4763 8945
5 6642 6769 3004 8946
5 4142 7149 6964 8947
5 2511 6768 2509 8948
5 6087 7080 6055 8949
5 2841 6703 3866 8950
5 5011 7232 4888 8951
5 5514 7120 4737 8952
5 109 7084 108 8953
5 3549 5388 3085 8954
5 6885 7071 6884 8955
5 5011 7237 7232 8956
5 3119 7158 6910 8957
5 4595 6785 4594 8958
5 4963 7137 6725 8959
5 5406 7447 522 8960
5 2771 4054 2778 8961
5 2180 7087 2195 8962
5 2833 7087 2178 8963
5 4723 7078 6672 8964
5 3930 4136 4135 8965
5 85 6921 1956 8966
5 2362 7075 2360 8967
5 6189 7157 4581 8968
5 6669 6986 3931 8969
5 2557 7091 2644 8970
5 7147 7355 5370 8971
5 4651 6821 3423 8972
5 4892 7091 6607 8973
5 6990 7454 5122 8974
5 5807 7096 5806 8975
5 2979 6252 6251 8976
5 2555 7098 2553 8977
5 2048 2411 2050 8978
5 5491 7271 2030 8979
5 5154 5157 5156 8980
5 4732 7139 6320 8981
5 4669 6698 3418 8982
5 5072 7153 6980 8983
5 5366 7223 4093 8984
5 2645 6859 6505 8985
5 3092 4563 3774 8986
5 3108 6910 3110 8987
5 1969 7088 98 8988
5 3869 7362 6586 8989
5 7021 7209 5160 8990
5 5547 7181 5546 8991
5 2777 6927 6676 8992
5 5366 7278 6252 8993
5 6528 6656 5381 8994
5 7008 7080 2896 8995
5 5051 5054 5053 8996
5 2422 7329 5433 8997
5 2882 7115 6405 8998
5 3055 7115 2880 8999
5 2238 7116 3268 9000
5 2237 7116 2235 9001
5 4937 7104 5384 9002
5 3369 3370 3368 9003
5 4969 7095 4972 9004
5 5919 7296 2175 9005
5 4568 6827 4936 9006
5 4650 7155 5028 9007
5 6899 7061 6900 9008
5 4443 6804 6610 9009
5 2050 6707 2052 9010
5 5418 7233 6947 9011
5 3863 7499 4802 9012
5 5254 7210 1983 9013
5 2551 6859 2645 9014
5 4976 6776 4973 9015
5 4753 4754 4752 9016
5 6133 6779 5924 9017
5 2867 6702 2864 9018
5 3357 3358 3355 9019
5 4848 6807 6751 9020
5 4922 7224 7223 9021
5 4806 7033 4767 9022
5 2863 7204 2866 9023
5 5252 7438 6757 9024
5 5404 6817 4590 9025
5 2650 6837 6725 9026
5 2515 7137 2651 9027
5 4598 6534 4597 9028
5 3496 3497 3495 9029
5 4180 6550 4181 9030
5 6753 7383 4653 9031
5 3233 3235 3234 9032
5 5214 6984 4216 9033
5 6721 6786 4736 9034
5 2336 7268 2354 9035
5 2175 7396 5919 9036
5 2347 7339 2415 9037
5 3345 7071 6726 9038
5 4947 7126 4614 9039
5 6721 7295 6786 9040
5 2436 6591 2438 9041
5 6334 7109 4775 9042
5 6717 7431 5790 9043
5 2052 3400 2054 9044
5 5180 5183 5182 9045
5 2043 2407 2406 9046
5 5064 7053 6506 9047
5 5217 7175 6660 9048
5 6885 7440 4881 9049
5 3317 3318 3315 9050
5 3545 6689 5335 9051
5 6706 7486 5148 9052
5 2967 7179 2965 9053
5 5177 5179 5178 9054
5 6709 7237 5011 9055
5 7173 7210 4816 9056
5 6160 7161 6161 9057
5 3118 3125 3124 9058
5 3890 7141 4542 9059
5 2797 6631 2795 9060
5 8 7249 0 9061
5 3761 7163 3937 9062
5 5260 7085 5259 9063
5 5561 7478 6695 9064
5 5456 6817 2414 9065
5 4293 7462 2037 9066
5 2563 7175 2643 9067
5 3934 6784 4587 9068
5 2368 7160 2366 9069
5 3862 7216 6834 9070
5 4538 6670 4831 9071
5 5157 7021 5160 9072
5 5745 7182 3042 9073
5 6739 6849 2876 9074
5 6734 7111 4889 9075
5 5908 7081 4902 9076
5 3886 7247 3532 9077
5 2864 2865 2862 9078
5 3885 6790 2784 9079
5 1977 4744 4743 9080
5 1973 5154 5153 9081
5 3313 3314 3312 9082
5 4616 6943 4895 9083
5 2842 2844 2843 9084
5 6490 7190 6491 9085
5 4175 7191 4173 9086
5 5665 7192 5663 9087
5 4824 7192 5919 9088
5 3422 6847 4653 9089
5 6494 7197 4782 9090
5 4643 7187 4642 9091
5 2553 6859 2551 9092
5 4839 7234 4840 9093
5 5419 6787 3316 9094
5 4772 7285 3524 9095
5 4053 4617 4145 9096
5 3120 3447 3121 9097
5 5997 7396 2175 9098
5 4974 7373 6169 9099
5 6555 6742 2956 9100
5 6364 7263 4869 9101
5 2949 6840 2947 9102
5 5023 5091 4747 9103
5 2056 2405 2058 9104
5 2436 2438 2437 9105
5 4796 7132 5131 9106
5 6000 6785 2219 9107
5 3865 4566 4565 9108
5 4822 7072 6740 9109
5 6598 7470 2994 9110
5 4395 7221 6178 9111
5 3867 6315 6314 9112
5 3152 3154 3153 9113
5 3087 6704 3084 9114
5 3363 3364 3362 9115
5 3124 3867 3117 9116
5 2986 6791 3002 9117
5 5371 7088 5099 9118
5 3351 3352 3344 9119
5 1985 7279 7262 9120
5 6631 6943 6604 9121
5 2054 6720 2056 9122
5 2990 7238 2988 9123
5 2720 7147 6025 9124
5 5348 7416 3028 9125
5 3154 3156 3155 9126
5 2923 7237 2915 9127
5 4690 7437 5481 9128
5 4791 6769 6642 9129
5 5181 7093 5178 9130
5 4425 6789 6434 9131
5 0 7249 200 9132
5 3222 3224 3223 9133
5 3123 3128 3127 9134
5 4557 4818 4817 9135
5 5164 7302 5500 9136
5 2941 6781 6159 9137
5 4961 7255 5474 9138
5 2015 7200 101 9139
5 5153 6835 5155 9140
5 5171 5184 5174 9141
5 3 7264 185 9142
5 3001 3879 3821 9143
5 4566 5070 5069 9144
5 5318 7186 1951 9145
5 5360 7066 6643 9146
5 111 7486 1987 9147
5 4459 7219 4605 9148
5 4845 7273 4061 9149
5 4087 7273 4929 9150
5 2770 2772 2771 9151
5 2877 7042 3049 9152
5 3654 3655 3653 9153
5 5212 6869 5211 9154
5 6190 7290 3272 9155
5 4635 7000 5212 9156
5 4542 7308 4544 9157
5 5295 7470 6598 9158
5 4948 5012 4619 9159
5 2176 7296 2833 9160
5 2175 7296 2173 9161
5 5433 7337 4278 9162
5 4634 4852 3490 9163
5 6817 7010 4590 9164
5 5165 7021 5159 9165
5 5310 7439 5270 9166
5 2095 7483 2097 9167
5 4934 7015 4935 9168
5 5790 7319 5789 9169
5 5029 6794 4821 9170
5 4990 6797 4989 9171
5 5481 7472 5399 9172
5 2611 7326 2660 9173
5 2992 7470 3003 9174
5 2099 7469 2103 9175
5 1956 6921 6655 9176
5 5328 7275 1981 9177
5 2593 7333 2663 9178
5 5448 6737 5447 9179
5 3016 7336 3028 9180
5 5784 6724 3862 9181
5 5078 7455 5079 9182
5 2337 7442 6497 9183
5 5016 7186 5367 9184
5 5188 5333 5187 9185
5 3512 6788 4291 9186
5 4902 7081 4074 9187
5 5153 5155 5152 9188
5 5354 7469 2097 9189
5 2645 7352 2549 9190
5 2712 2713 2711 9191
5 4918 7301 5216 9192
5 4106 6843 4911 9193
5 7095 7373 4972 9194
5 3121 6729 3123 9195
5 2654 7437 6139 9196
5 4689 7437 4690 9197
5 3027 7435 3020 9198
5 3064 7431 2886 9199
5 2657 7411 2627 9200
5 5902 7385 5903 9201
5 2870 7391 2872 9202
5 2956 3819 3818 9203
5 3001 3821 3820 9204
5 5919 7396 5918 9205
5 5179 6636 5180 9206
5 4894 6788 6083 9207
5 51 7005 1982 9208
5 5279 7277 5105 9209
5 3942 6623 4592 9210
5 4576 4577 3433 9211
5 6962 7505 1993 9212
5 2364 7231 2420 9213
5 5054 5056 5055 9214
5 3076 3078 3077 9215
5 186 7264 3 9216
5 4165 7413 4552 9217
5 2938 7415 2868 9218
5 5091 6518 4747 9219
5 3260 3343 3257 9220
5 3384 6838 3381 9221
5 6785 6933 4594 9222
5 6757 6758 2010 9223
5 5800 7074 4636 9224
5 2511 6897 6768 9225
5 3051 3066 3065 9226
5 6534 7400 4919 9227
5 3305 3510 3509 9228
5 3554 4608 3540 9229
5 2860 5394 2857 9230
5 4585 6722 5309 9231
5 2193 6805 2196 9232
5 5171 6666 5184 9233
5 3205 3207 3206 9234
5 4734 6828 4578 9235
5 4199 4591 4147 9236
5 3935 4813 4546 9237
5 3774 3775 3773 9238
5 2058 6740 2060 9239
5 6850 7042 2879 9240
5 3826 3829 3828 9241
5 3780 3782 3781 9242
5 3659 3662 3661 9243
5 3829 3897 3830 9244
5 3782 3882 3881 9245
5 3662 3878 3870 9246
5 3800 3803 3802 9247
5 3120 3873 3447 9248
5 3744 3746 3745 9249
5 3803 3850 3849 9250
5 3882 4128 4090 9251
5 3838 3840 3839 9252
5 3878 5041 4567 9253
5 6587 7329 2422 9254
5 5448 6738 6737 9255
5 3746 3896 3894 9256
5 3859 4094 3860 9257
5 3840 3843 3841 9258
5 4128 5266 4667 9259
5 4094 4180 4095 9260
5 5041 6758 6757 9261
5 3896 4154 4153 9262
5 3843 3872 3844 9263
5 4154 5298 4622 9264
5 7109 7214 4775 9265
5 6106 6809 6105 9266
5 3872 4804 4547 9267
5 3156 3160 3157 9268
5 3441 6857 4882 9269
5 3078 3082 3081 9270
5 4160 4652 4651 9271
5 5234 7405 5235 9272
5 1937 6761 5331 9273
5 6721 7052 5129 9274
5 2597 6816 2595 9275
5 4217 5068 5067 9276
5 4736 6786 4734 9277
5 5101 7261 6669 9278
5 145 7479 1944 9279
5 3868 4598 4597 9280
5 3914 4147 3403 9281
5 3819 3859 3858 9282
5 4181 4765 4569 9283
5 6604 6943 4616 9284
5 3834 3838 3836 9285
5 4866 7329 4867 9286
5 3740 3744 3742 9287
5 3797 3800 3799 9288
5 3451 3935 3887 9289
5 3656 3659 3658 9290
5 3776 3780 3778 9291
5 3823 3826 3825 9292
5 5459 7206 4741 9293
5 4882 4884 4883 9294
5 157 6774 156 9295
5 3027 7117 5421 9296
5 4585 6796 6722 9297
5 1980 7089 5145 9298
5 7263 7374 4869 9299
5 6264 7106 4540 9300
5 6650 6770 6769 9301
5 3972 6892 4798 9302
5 155 7089 1980 9303
5 4484 6898 4732 9304
5 1981 7051 160 9305
5 2870 7415 6137 9306
5 1062 6990 1512 9307
5 197 6842 196 9308
5 3974 7309 3975 9309
5 6732 7207 6832 9310
5 3050 6653 3047 9311
5 5007 7327 4891 9312
5 6497 7338 3300 9313
5 3441 4882 4880 9314
5 6529 6656 6528 9315
5 2011 7456 52 9316
5 3514 7038 3326 9317
5 5221 7108 5138 9318
5 2440 3312 2439 9319
5 5658 6826 5659 9320
5 4094 7320 4180 9321
5 2034 2036 2035 9322
5 3253 3254 3251 9323
5 2774 2775 2772 9324
5 4740 4741 4739 9325
5 4823 7059 4896 9326
5 3878 6749 5041 9327
5 6771 7086 1934 9328
5 3847 7414 7301 9329
5 2794 2796 2795 9330
5 4744 4746 4745 9331
5 3128 3129 3127 9332
5 3323 3455 3321 9333
5 3353 3354 3352 9334
5 5524 7276 5523 9335
5 3499 6683 3497 9336
5 3185 3187 3186 9337
5 4757 7017 6633 9338
5 4663 4664 4579 9339
5 2856 3910 3479 9340
5 3782 7274 3882 9341
5 1985 7262 5395 9342
5 4658 5044 5043 9343
5 5044 5046 5045 9344
5 2032 7253 5350 9345
5 4064 4561 3772 9346
5 5060 5440 5418 9347
5 5046 5048 5047 9348
5 2862 6741 2860 9349
5 2000 6879 5149 9350
5 3948 6778 6777 9351
5 3148 3149 3147 9352
5 2531 6831 2529 9353
5 4074 6876 3933 9354
5 5156 6835 5153 9355
5 3492 7246 5265 9356
5 3319 3333 3318 9357
5 4596 5014 5013 9358
5 3510 4108 3509 9359
5 6842 7272 196 9360
5 3374 6846 3371 9361
5 4119 4658 4657 9362
5 1950 7482 22 9363
5 5133 7243 6554 9364
5 4580 4735 4734 9365
5 2796 2797 2795 9366
5 3160 3170 3161 9367
5 6108 6837 2650 9368
5 3916 3917 3915 9369
5 7398 7424 4208 9370
5 3972 4152 3917 9371
5 3910 3912 3911 9372
5 4798 5021 4152 9373
5 4589 6712 5277 9374
5 2800 3342 3341 9375
5 3912 3964 3963 9376
5 4536 6753 3420 9377
5 4110 4112 4111 9378
5 3948 6968 6778 9379
5 3342 3550 3525 9380
5 4875 4878 4877 9381
5 6000 6933 6785 9382
5 4112 4114 4113 9383
5 3249 3250 3247 9384
5 4746 4748 4747 9385
5 3510 4110 4109 9386
5 3550 3942 3941 9387
5 2796 2800 2798 9388
5 3128 5346 3134 9389
5 4114 4116 4115 9390
5 2980 3834 3833 9391
5 6770 7156 6769 9392
5 3328 7323 3492 9393
5 3150 3262 3152 9394
5 5407 7162 5196 9395
5 4605 7037 4607 9396
5 6661 7230 4560 9397
5 1945 7112 6661 9398
5 5171 5172 5170 9399
5 3558 3971 3970 9400
5 6685 6836 2904 9401
5 2734 2735 2730 9402
5 6769 7156 3004 9403
5 6491 7016 5692 9404
5 3146 3148 3147 9405
5 86 6921 85 9406
5 2331 3915 2328 9407
5 6628 7117 3027 9408
5 3965 7205 6819 9409
5 3245 3413 3243 9410
5 2876 6849 2878 9411
5 2728 2730 2714 9412
5 4552 7413 6655 9413
5 2407 2412 2410 9414
5 4855 4856 4664 9415
5 2713 6718 2711 9416
5 6505 6859 4933 9417
5 3125 3136 3135 9418
5 3173 3404 3177 9419
5 6187 6852 2451 9420
5 5180 6636 5183 9421
5 2844 2846 2845 9422
5 2410 4076 2406 9423
5 2845 3084 2843 9424
5 2871 6687 3052 9425
5 34 7211 1939 9426
5 2013 7468 28 9427
5 158 7496 1940 9428
5 4162 4619 4161 9429
5 2431 7010 5456 9430
5 3498 3499 3497 9431
5 3942 4592 4177 9432
5 5329 7196 5020 9433
5 2642 7229 6660 9434
5 2603 6854 2601 9435
5 6672 7078 3452 9436
5 3927 4809 4560 9437
5 3466 3927 3926 9438
5 4858 5084 4923 9439
5 4789 7121 5390 9440
5 3906 4575 4574 9441
5 7343 7383 4536 9442
5 4575 5227 5225 9443
5 3819 3857 3818 9444
5 3821 3822 3820 9445
5 4735 5231 4736 9446
5 4053 7236 4617 9447
5 3873 4163 3874 9448
5 1987 7486 6706 9449
5 3162 3164 3135 9450
5 5431 7389 4898 9451
5 3347 3349 2416 9452
5 4956 7270 4954 9453
5 2858 7008 2859 9454
5 3179 3180 3164 9455
5 5154 5156 5153 9456
5 5460 6518 2040 9457
5 5800 7170 7074 9458
5 6829 7466 3339 9459
5 4221 4226 4223 9460
5 3536 3905 3349 9461
5 4164 4218 3874 9462
5 3445 3513 3180 9463
5 4550 4898 3877 9464
5 4075 4603 3905 9465
5 4219 4220 4218 9466
5 3445 4099 3877 9467
5 3536 4535 4075 9468
5 6686 6823 2668 9469
5 4221 4222 4220 9470
5 4099 4939 4550 9471
5 5338 6963 4531 9472
5 20 7451 1988 9473
5 4223 4224 4222 9474
5 4109 6811 4108 9475
5 5360 5364 4100 9476
5 2412 2417 2416 9477
5 3136 3163 3162 9478
5 4136 4665 4625 9479
5 3086 3087 3084 9480
5 5032 7251 4999 9481
5 4554 4767 4294 9482
5 3170 3261 3171 9483
5 3466 3467 3087 9484
5 3442 3906 3885 9485
5 3926 3928 3467 9486
5 3347 6802 3536 9487
5 3433 6828 3336 9488
5 2329 2332 2330 9489
5 4625 7429 6746 9490
5 2715 3494 3493 9491
5 6794 7140 2896 9492
5 3911 6819 3479 9493
5 3913 7183 4772 9494
5 3502 3551 3500 9495
5 2323 2324 2322 9496
5 4613 6868 5693 9497
5 3065 3067 3050 9498
5 170 7397 169 9499
5 3368 6853 3365 9500
5 6600 6670 4538 9501
5 3150 3151 3149 9502
5 3079 7055 5121 9503
5 3241 3242 3239 9504
5 3834 3835 3833 9505
5 4602 6823 6634 9506
5 4996 5003 4998 9507
5 6623 6833 4592 9508
5 3051 3065 3050 9509
5 2351 2353 2348 9510
5 3355 6795 3354 9511
5 4942 7284 6625 9512
5 6536 7501 5028 9513
5 4981 7307 3507 9514
5 6787 7487 3316 9515
5 3912 7504 3964 9516
5 3738 3740 3739 9517
5 4857 4858 4856 9518
5 1982 6800 6620 9519
5 4792 4806 4767 9520
5 3498 3501 3500 9521
5 4653 4654 4120 9522
5 4177 4656 3941 9523
5 3327 3334 3325 9524
5 4115 4123 4113 9525
5 6596 6772 3305 9526
5 3740 3741 3739 9527
5 3525 3526 3341 9528
5 1939 7432 33 9529
5 3963 3965 3911 9530
5 4111 4721 4109 9531
5 3255 3256 3254 9532
5 3346 4874 3186 9533
5 3444 3521 3443 9534
5 2798 2799 2797 9535
5 102 7124 2015 9536
5 2436 2437 2435 9537
5 6678 7289 15 9538
5 3500 6799 3499 9539
5 4594 6933 4786 9540
5 4914 5455 4144 9541
5 4875 4876 4874 9542
5 6545 6908 2029 9543
5 3494 3496 3495 9544
5 5783 7168 6724 9545
5 4858 4923 4856 9546
5 4877 5024 4876 9547
5 5469 7032 6840 9548
5 6251 7278 6880 9549
5 3948 3949 3947 9550
5 5491 7124 103 9551
5 5024 6891 4876 9552
5 6755 7083 4978 9553
5 4818 5060 5059 9554
5 4852 6953 3490 9555
5 4554 6723 4792 9556
5 4441 6804 4443 9557
5 1979 7138 147 9558
5 5277 6919 4928 9559
5 3797 3798 3796 9560
5 3237 3238 3235 9561
5 3315 6821 3314 9562
5 4666 6908 5018 9563
5 6790 6907 2787 9564
5 3336 6828 3335 9565
5 6693 7478 5561 9566
5 4663 7466 4855 9567
5 2513 6897 2511 9568
5 4798 6907 5021 9569
5 4983 7404 5400 9570
5 1988 7217 6825 9571
5 5227 7339 6747 9572
5 6657 6658 4128 9573
5 7030 7174 2978 9574
5 4775 7214 6300 9575
5 3436 6931 3398 9576
5 3441 4879 3206 9577
5 4587 6935 4902 9578
5 4619 5353 4161 9579
5 2879 7042 2877 9580
5 4757 7425 4755 9581
5 2358 7144 2431 9582
5 5064 7326 7053 9583
5 3149 6763 6668 9584
5 5308 7292 5147 9585
5 7050 7135 4727 9586
5 3160 3486 3170 9587
5 3656 3657 3655 9588
5 3333 3423 3318 9589
5 3396 3535 3403 9590
5 6252 7223 5366 9591
5 3081 3450 3077 9592
5 4547 4549 3844 9593
5 4622 5339 4153 9594
5 4181 4182 4095 9595
5 2781 6927 2775 9596
5 3318 6821 3315 9597
5 3233 3234 3231 9598
5 3841 3842 3839 9599
5 3894 3895 3745 9600
5 4533 7398 4208 9601
5 4869 7374 6283 9602
5 4090 4816 3881 9603
5 3849 3851 3802 9604
5 4571 4572 2781 9605
5 3860 4738 3858 9606
5 3870 4055 3661 9607
5 3776 3777 3775 9608
5 3830 4142 3828 9609
5 4880 4881 4879 9610
5 4794 6767 4064 9611
5 4561 6541 3772 9612
5 5005 5006 4546 9613
5 4199 5144 4897 9614
5 4210 7125 5501 9615
5 1152 7054 732 9616
5 3331 3485 3329 9617
5 3823 3824 3822 9618
5 3226 3229 3224 9619
5 3836 3837 3835 9620
5 3742 3743 3741 9621
5 3799 3801 3798 9622
5 3362 6864 3359 9623
5 6659 7025 3348 9624
5 4577 4578 3433 9625
5 3451 3861 3450 9626
5 3658 3660 3657 9627
5 3778 3779 3777 9628
5 3825 3827 3824 9629
5 5015 5269 4549 9630
5 3887 4295 3861 9631
5 3535 4280 3914 9632
5 3257 6847 3256 9633
5 4205 4871 3851 9634
5 4217 5037 4142 9635
5 5200 7242 1968 9636
5 4054 6765 2778 9637
5 4053 4145 3901 9638
5 4752 5022 4750 9639
5 6726 6888 3345 9640
5 3154 3424 3156 9641
5 6710 7384 5351 9642
5 4865 6807 4848 9643
5 5177 5186 5179 9644
5 4769 7025 6659 9645
5 5169 5171 5170 9646
5 3396 6748 3535 9647
5 3501 3503 3502 9648
5 4216 6984 4215 9649
5 3899 4819 3897 9650
5 5069 5082 4565 9651
5 3865 4565 3850 9652
5 35 7211 34 9653
5 5118 6630 5117 9654
5 4941 7397 6824 9655
5 4133 6822 5218 9656
5 4742 5395 4145 9657
5 3222 3223 3219 9658
5 6698 6864 3418 9659
5 3215 3220 3213 9660
5 3211 3448 3209 9661
5 3243 6691 3242 9662
5 3795 3797 3796 9663
5 702 7065 1482 9664
5 4747 6518 4745 9665
5 3380 4633 3490 9666
5 4596 5013 4134 9667
5 4661 6793 2794 9668
5 5429 7196 3049 9669
5 2831 6933 6000 9670
5 3505 4160 3423 9671
5 4744 4745 4743 9672
5 3049 7228 2875 9673
5 4940 6900 6891 9674
5 3397 7177 6635 9675
5 5212 7000 6941 9676
5 3052 6688 2869 9677
5 3312 3869 2439 9678
5 4721 7328 6811 9679
5 6187 7012 6852 9680
5 4534 7162 5076 9681
5 6711 7458 7194 9682
5 4642 7187 6784 9683
5 4577 4579 4578 9684
5 5584 6923 6589 9685
5 5161 6835 5156 9686
5 4633 4635 4634 9687
5 2963 6980 2979 9688
5 4967 6937 4971 9689
5 4635 5211 4873 9690
5 3919 7491 5500 9691
5 5413 7342 5091 9692
5 3076 3077 3066 9693
5 4755 6934 4754 9694
5 3205 3206 3203 9695
5 3201 3456 3199 9696
5 3197 3345 3195 9697
5 5692 7016 4645 9698
5 3191 3415 3189 9699
5 4919 7212 6640 9700
5 4480 4776 4118 9701
5 2112 6944 6284 9702
5 6735 6981 5204 9703
5 4579 4580 4578 9704
5 6496 7316 2646 9705
5 31 7279 1985 9706
5 6737 6738 4127 9707
5 3381 6838 3380 9708
5 1948 7123 6827 9709
5 4898 6760 6759 9710
5 4609 6948 5354 9711
5 4780 6949 4212 9712
5 3333 3505 3423 9713
5 2712 2714 2713 9714
5 4938 7193 4937 9715
5 4746 4747 4745 9716
5 4808 6836 6685 9717
5 3370 4648 3414 9718
5 3513 6759 3545 9719
5 3236 7361 5381 9720
5 5212 6941 6878 9721
5 6566 6877 6567 9722
5 6811 6875 4108 9723
5 3940 7400 6534 9724
5 6863 7262 4819 9725
5 2354 6747 2340 9726
5 3398 6931 3395 9727
5 3505 4161 4160 9728
5 5798 7170 5800 9729
5 3503 3541 3540 9730
5 4823 4896 4811 9731
5 4748 5023 4747 9732
5 5171 5174 5172 9733
5 4288 4593 4290 9734
5 4284 6613 4286 9735
5 3185 3186 3183 9736
5 3176 3464 3168 9737
5 2856 3479 2854 9738
5 2852 3083 2850 9739
5 6754 7226 6652 9740
5 5124 7485 4948 9741
5 3151 6763 3149 9742
5 4642 6977 3553 9743
5 2547 6951 2545 9744
5 4648 4650 4649 9745
5 7214 7310 6300 9746
5 4650 5028 5027 9747
5 3148 6848 3150 9748
5 6933 7063 4786 9749
5 3166 3401 3163 9750
5 2848 3458 2846 9751
5 6267 6957 5768 9752
5 2406 6700 2044 9753
5 3371 6846 3370 9754
5 6963 7288 5377 9755
5 3536 6802 4535 9756
5 3854 7503 3462 9757
5 4653 7383 4654 9758
5 3417 7393 5146 9759
5 6946 6973 3309 9760
5 4573 4931 4571 9761
5 6958 7227 6802 9762
5 5028 7506 6536 9763
5 5472 7361 3236 9764
5 6753 6867 3420 9765
5 3223 7384 6710 9766
5 3235 6715 3234 9767
5 4805 7082 6671 9768
5 2407 2410 2406 9769
5 3488 7227 6958 9770
5 3140 3481 3142 9771
5 3133 3159 3138 9772
5 5049 6756 5051 9773
5 3364 4668 3418 9774
5 2437 3488 2435 9775
5 4407 7460 7163 9776
5 3868 4655 4598 9777
5 3871 7159 6637 9778
5 3144 3158 3146 9779
5 100 6970 99 9780
5 7085 7212 5259 9781
5 2799 4827 3854 9782
5 3125 3135 3124 9783
5 5259 7400 3940 9784
5 4856 6832 4664 9785
5 5070 6956 6654 9786
5 6285 6971 3282 9787
5 6188 7035 6555 9788
5 3541 3555 3554 9789
5 3365 6853 3364 9790
5 3955 4141 3957 9791
5 4057 4554 4294 9792
5 3496 3498 3497 9793
5 3150 6848 3262 9794
5 5436 7503 3854 9795
5 3352 6867 3344 9796
5 4935 6883 6882 9797
5 2844 2845 2843 9798
5 4064 4562 4561 9799
5 4617 4742 4145 9800
5 3949 4170 3951 9801
5 5322 7438 5252 9802
5 4818 5061 5060 9803
5 3252 7498 4125 9804
5 4540 6830 3738 9805
5 6775 7401 5408 9806
5 3438 4630 3436 9807
5 4668 4934 4669 9808
5 4586 6922 6641 9809
5 4566 5069 4565 9810
5 5656 6979 5664 9811
5 3251 6860 3250 9812
5 2843 6703 2841 9813
5 6641 6922 5300 9814
5 6626 7188 5439 9815
5 3494 4214 3496 9816
5 4875 6873 4878 9817
5 4531 5405 4282 9818
5 6671 7082 2923 9819
5 3359 6864 3358 9820
5 3931 6986 3515 9821
5 3256 3421 3254 9822
5 3837 5209 5208 9823
5 3743 5118 5117 9824
5 3555 3558 3556 9825
5 3801 5102 4872 9826
5 3660 4830 4548 9827
5 3779 3948 3947 9828
5 3827 4829 4640 9829
5 5119 7169 4481 9830
5 2775 2776 2772 9831
5 5061 7436 5424 9832
5 3143 7306 3141 9833
5 5132 7243 5133 9834
5 4721 6811 4109 9835
5 1987 6985 110 9836
5 2323 2326 2324 9837
5 3521 3522 3443 9838
5 3386 3407 3384 9839
5 2438 2439 2437 9840
5 3930 4638 4136 9841
5 3344 6867 3343 9842
5 3390 3489 3388 9843
5 5441 7121 4789 9844
5 4590 7010 5505 9845
5 3358 6795 3355 9846
5 3396 3403 3394 9847
5 6877 7466 4663 9848
5 3067 6653 3050 9849
5 3920 7046 3922 9850
5 4654 4853 4120 9851
5 4905 7433 5295 9852
5 2653 6987 2501 9853
5 3654 3656 3655 9854
5 4906 7324 5372 9855
5 3906 4861 4575 9856
5 3965 6819 3911 9857
5 6159 6781 4555 9858
5 6811 7328 4762 9859
5 6959 7028 5113 9860
5 2329 2333 2332 9861
5 6812 6814 6813 9862
5 3376 3412 3374 9863
5 2735 3459 2730 9864
5 3078 3081 3077 9865
5 3380 3490 3378 9866
5 4199 4897 4591 9867
5 4813 5005 4546 9868
5 6688 6702 2867 9869
5 3829 3830 3828 9870
5 3782 3881 3781 9871
5 3662 3870 3661 9872
5 3917 4854 3915 9873
5 3882 4090 3881 9874
5 3803 3849 3802 9875
5 3878 4567 3870 9876
5 6074 6992 6075 9877
5 3746 3894 3745 9878
5 3840 3841 3839 9879
5 4128 4667 4090 9880
5 5041 6757 4567 9881
5 4094 4095 3860 9882
5 3896 4153 3894 9883
5 3843 3844 3841 9884
5 3914 4199 4147 9885
5 5266 5465 4667 9886
5 4180 4181 4095 9887
5 4154 4622 4153 9888
5 3872 4547 3844 9889
5 4596 6896 5014 9890
5 3354 3420 3352 9891
5 3935 4546 3887 9892
5 3826 3828 3825 9893
5 3780 3781 3778 9894
5 3659 3661 3658 9895
5 3800 3802 3799 9896
5 3744 3745 3742 9897
5 3347 6958 6802 9898
5 3838 3839 3836 9899
5 5046 5378 5048 9900
5 3859 3860 3858 9901
5 5363 7171 7106 9902
5 4658 6806 5044 9903
5 3370 3414 3368 9904
5 2103 7469 6948 9905
5 3207 3441 3206 9906
5 4217 6965 5068 9907
5 4884 6696 4883 9908
5 3364 3418 3362 9909
5 5243 7071 6886 9910
5 4882 4883 4880 9911
5 3354 3891 3420 9912
5 6836 7298 2904 9913
5 6891 7090 4940 9914
5 4924 7416 5348 9915
5 4831 6773 6529 9916
5 6954 7155 4650 9917
5 5006 7165 4546 9918
5 3150 3152 3151 9919
5 2133 6998 2135 9920
5 6765 6767 4794 9921
5 3774 3776 3775 9922
5 4573 7110 6704 9923
5 4608 6961 3540 9924
5 3551 6799 3500 9925
5 2831 7063 6933 9926
5 3891 4739 4536 9927
5 5382 7209 7021 9928
5 2735 3460 3459 9929
5 3148 3150 3149 9930
5 3873 3874 3447 9931
5 3187 3346 3186 9932
5 4147 6924 3403 9933
5 3910 3911 3479 9934
5 2775 2777 2776 9935
5 5151 6879 2000 9936
5 4936 7370 4292 9937
5 2714 2715 2713 9938
5 4097 7213 4602 9939
5 4878 4941 4877 9940
5 2873 7228 6687 9941
5 3912 3963 3911 9942
5 3422 4119 3421 9943
5 3342 3525 3341 9944
5 3964 4485 3963 9945
5 4112 4113 4111 9946
5 2800 3341 2798 9947
5 4110 4111 4109 9948
5 4655 5447 4774 9949
5 3550 3941 3525 9950
5 5346 6714 3134 9951
5 4114 4115 4113 9952
5 3942 4177 3941 9953
5 4116 4132 4115 9954
5 4761 7032 5469 9955
5 732 7103 942 9956
5 3319 6798 3333 9957
5 3460 3908 3461 9958
5 2333 2335 2332 9959
5 3908 4183 4133 9960
5 4183 4844 4843 9961
5 4844 5516 5515 9962
5 972 7102 1302 9963
5 6497 7442 7338 9964
5 5798 7265 7170 9965
5 4592 5204 4177 9966
5 2326 2328 2327 9967
5 3523 3524 3522 9968
5 3128 3134 3129 9969
5 5094 6774 4853 9970
5 2040 7342 5442 9971
5 5343 7452 6693 9972
5 3407 6838 3384 9973
5 2411 6707 2050 9974
5 5350 7264 2032 9975
5 2777 2780 2779 9976
5 3510 4109 4108 9977
5 2780 2783 2782 9978
5 2783 2786 2784 9979
5 2786 3443 3442 9980
5 3498 3500 3499 9981
5 4655 4774 4598 9982
5 2412 2416 2410 9983
5 4654 5094 4853 9984
5 2326 2327 2324 9985
5 3892 3913 3524 9986
5 5467 7377 3455 9987
5 3136 3162 3135 9988
5 4915 7357 4914 9989
5 2796 2798 2797 9990
5 3927 4560 3926 9991
5 3066 6762 3065 9992
5 2845 3086 3084 9993
5 3521 3523 3522 9994
5 3162 3179 3164 9995
5 3347 3536 3349 9996
5 4163 4164 3874 9997
5 3179 3445 3180 9998
5 2336 2338 2335 9999
5 3536 4075 3905 10000
5 4164 4219 4218 10001
5 3445 3877 3513 10002
5 6009 7009 6008 10003
5 2340 2342 2338 10004
5 2345 2346 2342 10005
5 2347 2348 2346 10006
5 4219 4221 4220 10007
5 2333 2336 2335 10008
5 4099 4550 3877 10009
5 4535 4851 4075 10010
5 4221 4223 4222 10011
5 4939 5219 4550 10012
5 2417 3347 2416 10013
5 4223 4621 4224 10014
5 3086 3466 3087 10015
5 2336 2340 2338 10016
5 2347 2351 2348 10017
5 2340 2345 2342 10018
5 2345 2347 2346 10019
5 3466 3926 3467 10020
5 3256 3422 3421 10021
5 4981 7403 7307 10022
5 2777 2779 2776 10023
5 6177 7011 6176 10024
5 4554 4792 4767 10025
5 3501 3502 3500 10026
5 2780 2782 2779 10027
5 2786 3442 2784 10028
5 2783 2784 2782 10029
5 2112 7070 6944 10030
5 5082 6966 4565 10031
5 4767 7033 6712 10032
5 2328 2329 2327 10033
5 3819 6742 3859 10034
5 3254 6860 3251 10035
5 3523 3892 3524 10036
5 2157 7012 6187 10037
5 6784 7187 4587 10038
5 3413 6691 3243 10039
5 5586 6875 5587 10040
5 5313 6952 5312 10041
5 6833 6889 4592 10042
5 4604 7198 3943 10043
5 3460 3461 3459 10044
5 3321 6798 3319 10045
5 3819 3858 3857 10046
5 3821 3823 3822 10047
5 4792 6674 4806 10048
5 3908 4133 3461 10049
5 5447 6737 4774 10050
5 5516 5517 5515 10051
5 4844 5515 4843 10052
5 4183 4843 4133 10053
5 3184 7266 6898 10054
5 3346 4875 4874 10055
5 4809 6855 4560 10056
5 3422 4120 4119 10057
5 3834 3836 3835 10058
5 4226 7018 6760 10059
5 4875 4877 4876 10060
5 4844 6780 5516 10061
5 4592 6889 5204 10062
5 4227 7036 4155 10063
5 3740 3742 3741 10064
5 3891 4536 3420 10065
5 6985 7126 4947 10066
5 3948 6777 3949 10067
5 3797 3799 3798 10068
5 3740 6830 3744 10069
5 6829 7105 4857 10070
5 2864 6702 2865 10071
5 3441 4880 4879 10072
5 6817 6911 2414 10073
5 4943 7158 4944 10074
5 3503 3540 3502 10075
5 3656 3658 3657 10076
5 3535 3914 3403 10077
5 3081 3451 3450 10078
5 4547 5015 4549 10079
5 3177 6829 3339 10080
5 4181 4569 4182 10081
5 3849 4205 3851 10082
5 3776 3778 3777 10083
5 4555 7014 3654 10084
5 3830 4217 4142 10085
5 2052 6707 3400 10086
5 3823 3825 3824 10087
5 4764 7024 4627 10088
5 3451 3887 3861 10089
5 4205 6510 4871 10090
5 4217 5067 5037 10091
5 2046 7064 2048 10092
5 3558 3970 3556 10093
5 3541 3554 3540 10094
5 6957 7074 5768 10095
5 6768 7122 2652 10096
5 4633 4634 3490 10097
5 3555 3556 3554 10098
5 3343 6847 3257 10099
5 4898 6759 3877 10100
5 4668 4669 3418 10101
5 4648 4649 3414 10102
5 4635 4873 4634 10103
5 4934 4935 4669 10104
5 5172 6782 5175 10105
5 4650 5027 4649 10106
5 4566 6955 5070 10107
5 5340 7249 8 10108
5 6189 7035 6188 10109
5 4578 6828 3433 10110
5 4786 7063 4788 10111
5 6300 7310 4870 10112
5 2941 6807 6781 10113
5 2648 7095 6831 10114
5 3042 7106 6264 10115
5 3217 6839 3215 10116
5 3823 7267 3826 10117
5 5442 7342 5413 10118
5 1950 7097 6894 10119
5 5452 7455 4533 10120
5 4765 6890 4569 10121
5 3564 7077 5830 10122
5 5424 7505 5061 10123
5 6865 7495 3402 10124
5 4910 7036 4912 10125
5 4572 6927 2781 10126
5 3171 6820 3173 10127
5 7075 7181 5547 10128
5 4722 7078 4723 10129
5 3261 6820 3171 10130
5 4076 6700 2406 10131
5 199 7129 198 10132
5 5584 7107 6923 10133
5 3400 6720 2054 10134
5 3412 6846 3374 10135
5 3892 7346 4599 10136
5 4959 7039 4957 10137
5 4991 7259 6578 10138
5 5483 7259 4991 10139
5 4596 7225 6896 10140
5 4127 6792 6737 10141
5 6816 7333 2595 10142
5 5059 7136 4817 10143
5 5160 7209 5162 10144
5 5051 6756 5054 10145
5 1980 7343 7206 10146
5 7349 7502 5119 10147
5 3084 6703 2843 10148
5 5012 7485 7129 10149
5 4665 7429 4625 10150
5 4911 7118 4910 10151
5 4857 7105 4859 10152
5 4764 7081 5908 10153
5 5493 7048 5494 10154
5 4076 6701 6700 10155
5 5361 7066 5360 10156
5 3423 6821 3318 10157
5 4576 7291 4577 10158
5 6799 7045 3499 10159
5 2056 6720 2405 10160
5 7062 7415 2938 10161
5 6752 7030 2978 10162
5 4295 7313 3861 10163
5 2956 6742 3819 10164
5 7128 7500 3484 10165
5 3084 6704 6703 10166
5 7172 7381 5228 10167
5 3447 6729 3121 10168
5 4669 6882 6698 10169
5 5003 7363 7323 10170
5 2615 7053 2613 10171
5 6658 7006 5266 10172
5 3128 6729 5346 10173
5 6724 7168 4926 10174
5 5395 7262 6863 10175
5 4591 6878 5443 10176
5 6149 7056 4702 10177
5 3325 6845 3323 10178
5 3123 6729 3128 10179
5 5480 7180 4662 10180
5 2665 7058 6131 10181
5 2405 6740 2058 10182
5 3238 6715 3235 10183
5 4750 6865 4748 10184
5 4054 6766 6765 10185
5 6869 7244 1979 10186
5 5083 7348 5082 10187
5 552 7123 1948 10188
5 185 7264 5350 10189
5 6137 7062 4639 10190
5 3510 6772 4110 10191
5 6095 7063 2831 10192
5 2865 6741 2862 10193
5 5498 7069 4826 10194
5 5311 7060 5275 10195
5 2029 7057 93 10196
5 2796 6793 2800 10197
5 3134 7372 7358 10198
5 2060 7072 6596 10199
5 7104 7193 3944 10200
5 3656 7014 3659 10201
5 5114 7346 6945 10202
5 4645 7016 6639 10203
5 103 7124 102 10204
5 6837 7270 4956 10205
5 3414 6853 3368 10206
5 3247 6810 3245 10207
5 5384 7104 5386 10208
5 5817 7265 5798 10209
5 2157 7109 7012 10210
5 3193 6861 3191 10211
5 4923 6832 4856 10212
5 7310 7410 4870 10213
5 6743 7019 3879 10214
5 4641 7073 5547 10215
5 5246 7294 7068 10216
5 3349 7001 2416 10217
5 4780 7197 6949 10218
5 5113 7004 4813 10219
5 3542 7067 3902 10220
5 5045 7269 5043 10221
5 6655 7413 5545 10222
5 4484 7128 6898 10223
5 4784 7131 6498 10224
5 3240 6656 6529 10225
5 4630 6931 3436 10226
5 7028 7328 4721 10227
5 3970 7311 3556 10228
5 4887 7080 7008 10229
5 3943 7198 3944 10230
5 4722 7139 7078 10231
5 4554 6918 6723 10232
5 6212 7070 2112 10233
5 3380 6838 4633 10234
5 2342 7218 2343 10235
5 6770 7357 4915 10236
5 6700 7064 2046 10237
5 7063 7143 4788 10238
5 5370 7148 7147 10239
5 6815 7047 5402 10240
5 3329 6862 3327 10241
5 6682 6909 4793 10242
5 5270 7439 7112 10243
5 3354 6795 3891 10244
5 6658 7489 7006 10245
5 6088 7332 4820 10246
5 6699 7110 4573 10247
5 3857 6808 4865 10248
5 4738 6989 6749 10249
5 7423 7432 5067 10250
5 58 7184 57 10251
5 6555 7035 6742 10252
5 6678 7127 4851 10253
5 5768 7074 3752 10254
5 4793 6909 2323 10255
5 100 7200 6970 10256
5 3888 7141 3890 10257
5 2343 7218 6780 10258
5 2860 6741 5394 10259
5 6819 6905 3479 10260
5 2002 7084 7079 10261
5 3164 7044 3135 10262
5 2420 7075 2362 10263
5 4199 7076 5144 10264
5 6687 7228 5329 10265
5 3028 7168 5783 10266
5 4656 6983 3941 10267
5 6055 7080 4887 10268
5 2002 7079 5519 10269
5 4123 6982 4113 10270
5 3526 6978 3341 10271
5 6578 7259 3480 10272
5 2048 7064 2411 10273
5 4580 7207 6732 10274
5 1934 7086 5406 10275
5 5645 7128 4484 10276
5 6670 6773 4831 10277
5 3418 6864 3362 10278
5 4874 6904 3186 10279
5 4738 6808 3858 10280
5 108 7084 2002 10281
5 7286 7453 4164 10282
5 6764 7031 3119 10283
5 6791 6999 3002 10284
5 3450 6762 3077 10285
5 4978 7083 4980 10286
5 5056 7068 5057 10287
5 5083 7468 6510 10288
5 6827 7123 4936 10289
5 5372 7372 5086 10290
5 4134 6945 3521 10291
5 5022 7495 6865 10292
5 4173 7213 4097 10293
5 6910 7158 4943 10294
5 4291 6803 3563 10295
5 5998 7085 3722 10296
5 3446 7425 6633 10297
5 2178 7087 2180 10298
5 6711 7194 6839 10299
5 98 7088 97 10300
5 3370 6846 4648 10301
5 3305 6772 3510 10302
5 6736 7350 4894 10303
5 4218 7375 3874 10304
5 3563 6803 3868 10305
5 3228 7401 6775 10306
5 5159 7021 5157 10307
5 6812 7335 4884 10308
5 2360 7144 2358 10309
5 4859 7226 6754 10310
5 3953 7188 6626 10311
5 5817 7371 7265 10312
5 6882 6883 4741 10313
5 2648 7373 7095 10314
5 4777 7208 4789 10315
5 7370 7447 5406 10316
5 6713 7369 6172 10317
5 4971 7095 4969 10318
5 2559 7091 2557 10319
5 6095 7143 7063 10320
5 5174 6782 5172 10321
5 5086 7372 6714 10322
5 5353 6841 4161 10323
5 3209 6857 3207 10324
5 3431 7499 3863 10325
5 2420 7231 7120 10326
5 5806 7096 6263 10327
5 3901 6863 3899 10328
5 6947 7233 3486 10329
5 6894 7482 1950 10330
5 3455 6798 3321 10331
5 2547 7352 6951 10332
5 5280 7417 6848 10333
5 2861 7140 2863 10334
5 2644 7098 2555 10335
5 3877 6759 3513 10336
5 3077 6762 3066 10337
5 3219 6870 3217 10338
5 3213 6871 3211 10339
5 4603 7100 5379 10340
5 2414 6911 6675 10341
5 6510 7468 2013 10342
5 1979 7244 7138 10343
5 4879 6881 3206 10344
5 3189 6872 3187 10345
5 4118 6874 4116 10346
5 5230 7386 6997 10347
5 5212 6878 6869 10348
5 6320 7139 4722 10349
5 6848 7417 3262 10350
5 5208 7157 4761 10351
5 4748 6865 5023 10352
5 4654 7383 5145 10353
5 7108 7298 5137 10354
5 2787 6907 6681 10355
5 5369 7427 5370 10356
5 7199 7345 4883 10357
5 6676 7381 7172 10358
5 4224 6887 4284 10359
5 4998 7029 5000 10360
5 3498 7026 3501 10361
5 2979 7153 6252 10362
5 3203 6881 3201 10363
5 3199 6884 3197 10364
5 3195 6888 3193 10365
5 4870 7410 5699 10366
5 4634 6930 4852 10367
5 1980 7206 5459 10368
5 5013 6945 4134 10369
5 5585 7107 5584 10370
5 7077 7402 5362 10371
5 3004 7156 6598 10372
5 6234 7109 2157 10373
5 3842 6975 3839 10374
5 3420 6867 3352 10375
5 3895 6974 3745 10376
5 3851 6972 3802 10377
5 6212 7164 7070 10378
5 4055 6969 3661 10379
5 4142 6964 3828 10380
5 2775 6927 2777 10381
5 5028 7501 5027 10382
5 3168 6899 3166 10383
5 6872 6873 3346 10384
5 4549 6991 3844 10385
5 2850 6901 2848 10386
5 4286 6903 4288 10387
5 5339 6994 4153 10388
5 4182 6989 4095 10389
5 3183 6904 3176 10390
5 3847 7393 3417 10391
5 2854 6905 2852 10392
5 3364 6853 4668 10393
5 3323 6845 3455 10394
5 5555 7493 2445 10395
5 7057 7245 92 10396
5 3131 6912 3133 10397
5 4788 7143 6355 10398
5 2880 7115 2882 10399
5 3245 6810 3413 10400
5 3394 6924 3392 10401
5 2235 7116 2238 10402
5 5492 7124 5491 10403
5 3962 6918 4057 10404
5 3138 6914 3140 10405
5 3142 6915 3144 10406
5 4737 7120 5524 10407
5 3256 6847 3422 10408
5 7074 7170 3752 10409
5 6653 7402 3564 10410
5 3928 6932 3930 10411
5 2643 7152 6607 10412
5 3404 6829 3177 10413
5 6683 7180 4107 10414
5 6692 7356 3238 10415
5 2435 6958 2417 10416
5 1970 7248 5199 10417
5 3949 6777 4170 10418
5 3082 7028 6959 10419
5 3173 6820 3404 10420
5 7006 7250 5322 10421
5 2340 6747 2345 10422
5 4076 7023 6701 10423
5 5048 7473 5049 10424
5 4843 6822 4133 10425
5 2794 6793 2796 10426
5 1954 7037 5194 10427
5 6821 7167 3314 10428
5 882 7240 1092 10429
5 4160 6841 4652 10430
5 191 7215 190 10431
5 5908 7299 4764 10432
5 6740 7072 2060 10433
5 3421 6860 3254 10434
5 5012 6895 4619 10435
5 4972 7373 4974 10436
5 3957 6920 3962 10437
5 4614 7126 6531 10438
5 6701 7064 6700 10439
5 6025 7147 4661 10440
5 6906 7268 2333 10441
5 5377 7288 2008 10442
5 4290 6925 4557 10443
5 5002 7017 5367 10444
5 5395 6863 4145 10445
5 4851 7289 6678 10446
5 5939 7282 4563 10447
5 4940 7090 4939 10448
5 2664 7133 6162 10449
5 3311 7172 6746 10450
5 4562 7040 6892 10451
5 7068 7294 5057 10452
5 4064 6767 4562 10453
5 3545 7018 6689 10454
5 1512 7254 1842 10455
5 5500 7302 5197 10456
5 4536 7383 6753 10457
5 3555 7041 3558 10458
5 2517 7137 2515 10459
5 4577 7291 4663 10460
5 3522 7285 6917 10461
5 7225 7464 6896 10462
5 6627 7330 6942 10463
5 3268 7371 5817 10464
5 3207 6857 3441 10465
5 7160 7276 5524 10466
5 3346 6873 4875 10467
5 7096 7202 6263 10468
5 2210 7143 6095 10469
5 2652 7122 6797 10470
5 6680 7407 6916 10471
5 1989 7389 5431 10472
5 6932 7230 6661 10473
5 4623 6928 3438 10474
5 4640 6926 5345 10475
5 6696 7335 1938 10476
5 5998 7212 7085 10477
5 3334 6845 3325 10478
5 7133 7161 6162 10479
5 7053 7326 2613 10480
5 4819 6965 3897 10481
5 5216 7414 6575 10482
5 4565 6966 3850 10483
5 4661 7148 6793 10484
5 5022 6865 4750 10485
5 4161 6841 4160 10486
5 4200 7225 4596 10487
5 4854 7268 6906 10488
5 3250 6810 3247 10489
5 4816 7359 3881 10490
5 4619 6895 5353 10491
5 2646 7316 6009 10492
5 6891 7061 4876 10493
5 4820 7332 5029 10494
5 6766 6767 6765 10495
5 5029 7140 6794 10496
5 3160 6947 3486 10497
5 5474 7122 6768 10498
5 6234 7214 7109 10499
5 4919 7400 7212 10500
5 4116 6874 4132 10501
5 3866 7110 6699 10502
5 3327 6862 3334 10503
5 2978 7179 2967 10504
5 7143 7241 6355 10505
5 5424 7436 2005 10506
5 4651 7167 6821 10507
5 3187 6872 3346 10508
5 6781 7013 4555 10509
5 3897 6965 3830 10510
5 3850 6966 3849 10511
5 5585 7287 7107 10512
5 2417 6958 3347 10513
5 2424 7160 2368 10514
5 4804 6967 4547 10515
5 6162 7161 6160 10516
5 4773 7117 6628 10517
5 2955 7032 6189 10518
5 3654 7014 3656 10519
5 6709 7111 2922 10520
5 7065 7419 5025 10521
5 3485 6862 3329 10522
5 4407 7163 3761 10523
5 3096 7164 6212 10524
5 3738 6830 3740 10525
5 6575 7152 2643 10526
5 6743 7325 5206 10527
5 3148 7007 6848 10528
5 2875 7228 2873 10529
5 3221 7426 3222 10530
5 4621 6887 4224 10531
5 6917 7285 4861 10532
5 4910 7118 7036 10533
5 7036 7118 4155 10534
5 3752 7170 6239 10535
5 5003 7029 4998 10536
5 196 7272 195 10537
5 6760 7018 6759 10538
5 2565 7175 2563 10539
5 3215 6839 3220 10540
5 6596 7072 6772 10541
5 4933 7465 4932 10542
5 4891 7176 5063 10543
5 6652 7226 5287 10544
5 5024 7090 6891 10545
5 6786 7295 3335 10546
5 3400 6993 6720 10547
5 3392 6939 3390 10548
5 6797 7122 5039 10549
5 3826 7020 3829 10550
5 7082 7232 2923 10551
5 3388 6940 3386 10552
5 2431 7144 7073 10553
5 3154 6858 3424 10554
5 4630 7366 6748 10555
5 3858 6808 3857 10556
5 4812 7205 4823 10557
5 4911 7484 7118 10558
5 4853 6893 4120 10559
5 5546 7181 5514 10560
5 3522 6917 3443 10561
5 5186 6973 6946 10562
5 6750 7392 4586 10563
5 3502 6961 3551 10564
5 4214 7330 6627 10565
5 5302 7187 4643 10566
5 7268 7386 2354 10567
5 2210 7241 7143 10568
5 3401 6976 3163 10569
5 3869 7034 2439 10570
5 3300 7190 6490 10571
5 4909 7191 4175 10572
5 2329 6906 2333 10573
5 5663 7192 4824 10574
5 4782 7197 4780 10575
5 6783 7076 4280 10576
5 3181 7209 5382 10577
5 4840 7234 4899 10578
5 3486 6960 6950 10579
5 1972 7132 6625 10580
5 6601 7278 5366 10581
5 2323 6909 2326 10582
5 3262 6858 3152 10583
5 101 7200 100 10584
5 4849 7030 6752 10585
5 3899 6863 4819 10586
5 2772 6916 2771 10587
5 3458 6996 2846 10588
5 4184 7334 5140 10589
5 200 7249 2031 10590
5 2771 6916 4054 10591
5 6263 7202 6262 10592
5 2799 6978 4827 10593
5 1971 7280 1752 10594
5 2866 7204 2938 10595
5 3868 6803 4655 10596
5 3191 6861 3415 10597
5 3163 6976 3162 10598
5 1939 7211 6967 10599
5 5179 6946 6636 10600
5 6825 7445 4132 10601
5 3456 6885 6884 10602
5 4935 6882 4669 10603
5 3557 7041 3555 10604
5 6899 6900 3401 10605
5 4813 7217 5005 10606
5 6901 6902 3458 10607
5 3488 6958 2435 10608
5 6355 7241 4799 10609
5 4936 7447 7370 10610
5 3378 6953 3376 10611
5 4119 6893 4658 10612
5 3211 6871 3448 10613
5 6999 7325 3002 10614
5 2814 7214 6234 10615
5 3224 7384 3223 10616
5 5231 7052 4736 10617
5 4772 7376 7285 10618
5 3827 6964 4829 10619
5 3779 6968 3948 10620
5 3096 7263 7164 10621
5 3660 6969 4830 10622
5 3156 6947 3160 10623
5 3532 7247 4082 10624
5 3801 6972 5102 10625
5 6759 7018 3545 10626
5 3743 6974 5118 10627
5 3837 6975 5209 10628
5 3895 6994 6956 10629
5 5496 7261 5495 10630
5 4108 6875 5586 10631
5 5811 7221 4395 10632
5 7170 7265 6239 10633
5 4208 7183 3913 10634
5 3908 7114 4183 10635
5 3448 6857 3209 10636
5 4915 7156 6770 10637
5 5177 7119 5186 10638
5 5068 7471 7279 10639
5 4145 6863 3901 10640
5 6703 7110 3866 10641
5 3915 6906 2328 10642
5 2798 6978 2799 10643
5 3486 6950 3170 10644
5 3152 6858 3154 10645
5 4177 6981 4656 10646
5 4668 7260 4934 10647
5 6892 7441 4562 10648
5 6726 7071 5243 10649
5 3467 7142 3087 10650
5 3525 6983 3526 10651
5 4863 7338 4862 10652
5 4111 6982 4721 10653
5 4976 7130 6776 10654
5 3489 6941 6940 10655
5 3223 6870 3219 10656
5 6056 7229 2642 10657
5 3521 6945 3523 10658
5 3220 6871 3213 10659
5 2846 6996 2845 10660
5 1942 7501 6536 10661
5 3201 6881 3456 10662
5 3197 6884 3345 10663
5 3530 7119 6782 10664
5 7047 7146 5402 10665
5 4611 7366 6928 10666
5 3415 6872 3189 10667
5 4776 6874 4118 10668
5 6832 7207 4664 10669
5 4881 7440 4879 10670
5 5440 7233 5418 10671
5 7001 7023 4076 10672
5 2032 7264 186 10673
5 2410 7001 4076 10674
5 3003 7238 2990 10675
5 3424 6947 3156 10676
5 5186 6946 5179 10677
5 3930 6932 4638 10678
5 2776 6916 2772 10679
5 3170 6950 3261 10680
5 3825 6964 3827 10681
5 3778 6968 3779 10682
5 3658 6969 3660 10683
5 3906 6917 4861 10684
5 6831 7095 4971 10685
5 3146 7007 3148 10686
5 3442 6917 3906 10687
5 3339 7466 6877 10688
5 2915 7237 2913 10689
5 3799 6972 3801 10690
5 5342 7452 5343 10691
5 3166 6899 3401 10692
5 3206 6881 3203 10693
5 3456 6884 3199 10694
5 5307 6889 6833 10695
5 3345 6888 3195 10696
5 2848 6901 3458 10697
5 4284 6887 6613 10698
5 2366 7231 2364 10699
5 3742 6974 3743 10700
5 3836 6975 3837 10701
5 4932 7465 6615 10702
5 5999 7241 2210 10703
5 4604 7369 7198 10704
5 6613 6903 4286 10705
5 3176 6904 3464 10706
5 4754 7487 6787 10707
5 2852 6905 3083 10708
5 6615 7465 2644 10709
5 194 7297 193 10710
5 4593 6925 4290 10711
5 4854 6906 3915 10712
5 6880 7278 6601 10713
5 5522 7293 4801 10714
5 5523 7276 5522 10715
5 4288 6903 4593 10716
5 7202 7304 6262 10717
5 3464 6899 3168 10718
5 3083 6901 2850 10719
5 3186 6904 3183 10720
5 3479 6905 2854 10721
5 4658 6893 6806 10722
5 4561 7441 5475 10723
5 6704 7110 6703 10724
5 4120 6893 4119 10725
5 4896 7059 7005 10726
5 2661 7299 6854 10727
5 7111 7282 2922 10728
5 6108 7270 6837 10729
5 7241 7340 4799 10730
5 4591 7244 6878 10731
5 3144 6915 3158 10732
5 4818 7003 5061 10733
5 4920 7224 4922 10734
5 2328 6906 2329 10735
5 4954 7270 4962 10736
5 3499 7045 6683 10737
5 3133 6912 3159 10738
5 3459 6942 2730 10739
5 3140 6914 3481 10740
5 3159 6914 3138 10741
5 3481 6915 3142 10742
5 5444 7255 4961 10743
5 2030 7271 105 10744
5 4057 6918 4554 10745
5 2814 7310 7214 10746
5 7234 7395 4899 10747
5 3403 6924 3394 10748
5 5058 7500 5645 10749
5 5060 6962 5440 10750
5 3443 6917 3442 10751
5 4809 7185 6855 10752
5 3860 6989 4738 10753
5 4801 7318 5548 10754
5 3841 6991 3842 10755
5 3894 6994 3895 10756
5 5811 7319 7221 10757
5 6529 6773 3240 10758
5 3231 7401 3228 10759
5 6798 7377 5403 10760
5 4602 7213 6992 10761
5 5587 7287 5585 10762
5 4873 6930 4634 10763
5 4141 6920 3957 10764
5 2730 6942 2714 10765
5 3217 6870 6839 10766
5 6030 7263 3096 10767
5 6618 7419 5213 10768
5 6635 7177 4615 10769
5 7293 7318 4801 10770
5 6239 7265 4846 10771
5 3124 7044 3867 10772
5 6922 7392 6050 10773
5 4103 7274 3782 10774
5 4457 7219 4459 10775
5 2922 7282 5939 10776
5 5163 7302 5164 10777
5 4829 6926 4640 10778
5 4061 7273 4087 10779
5 5548 7344 4815 10780
5 5046 6995 5378 10781
5 3438 6928 4630 10782
5 4557 7003 4818 10783
5 5175 7119 5177 10784
5 7318 7344 5548 10785
5 5488 7248 1970 10786
5 4579 7207 4580 10787
5 3554 7113 4608 10788
5 5999 7340 7241 10789
5 7013 7014 4555 10790
5 6640 7212 5998 10791
5 35 7490 7211 10792
5 3489 6940 3388 10793
5 4815 7360 5551 10794
5 3540 6961 3502 10795
5 3335 7295 3331 10796
5 6822 7418 6727 10797
5 7058 7460 4407 10798
5 3158 7007 3146 10799
5 3490 6953 3378 10800
5 4598 7049 6534 10801
5 4408 7290 6190 10802
5 5247 7335 6812 10803
5 4544 7308 5007 10804
5 7276 7293 5522 10805
5 4917 7301 4918 10806
5 6795 7283 4740 10807
5 2714 6942 2715 10808
5 2173 7296 2176 10809
5 7360 7378 5551 10810
5 7344 7360 4815 10811
5 4774 7049 4598 10812
5 6533 7293 2424 10813
5 3556 7113 3554 10814
5 4799 7340 5271 10815
5 3390 6939 3489 10816
5 5551 7378 4828 10817
5 6938 7497 6799 10818
5 4163 7286 4164 10819
5 5298 7097 4622 10820
5 2335 7178 2332 10821
5 5430 7484 5264 10822
5 3386 6940 3407 10823
5 6262 7304 4864 10824
5 5213 7419 1974 10825
5 3193 6888 6861 10826
5 4631 7309 3974 10827
5 4075 7127 4603 10828
5 5903 7315 2237 10829
5 3494 7330 4214 10830
5 5852 7310 2814 10831
5 6978 7406 4827 10832
5 6030 7374 7263 10833
5 7265 7371 4846 10834
5 6687 7099 3052 10835
5 4828 7390 5564 10836
5 4480 7100 4776 10837
5 6533 7318 7293 10838
5 7358 7372 5372 10839
5 7378 7390 4828 10840
5 5044 6995 5046 10841
5 3830 6965 4217 10842
5 6510 7348 5083 10843
5 3849 6966 4205 10844
5 5222 7315 4845 10845
5 4547 6967 5015 10846
5 5080 7424 7398 10847
5 5035 7316 6496 10848
5 5037 7149 4142 10849
5 5080 7398 5078 10850
5 4871 7151 3851 10851
5 5061 6962 5060 10852
5 5789 7319 5811 10853
5 3867 7146 6315 10854
5 4996 7363 5003 10855
5 4152 6997 3917 10856
5 6747 7339 2345 10857
5 3065 7043 3067 10858
5 2013 7422 6510 10859
5 3376 6953 3412 10860
5 2613 7326 2611 10861
5 7390 7399 5564 10862
5 5117 7314 3960 10863
5 5564 7399 4850 10864
5 6975 7364 5209 10865
5 4278 7337 4885 10866
5 2595 7333 2593 10867
5 6843 7145 4911 10868
5 2424 7293 7276 10869
5 3306 7318 6533 10870
5 4632 7311 3970 10871
5 3018 7336 3016 10872
5 4280 7076 3914 10873
5 5319 7424 5080 10874
5 3306 7344 7318 10875
5 7337 7353 4885 10876
5 6782 7119 5175 10877
5 5145 7089 5094 10878
5 3272 7340 5999 10879
5 4850 7412 5566 10880
5 3828 6964 3825 10881
5 5145 7383 7343 10882
5 4899 7395 4993 10883
5 6943 7503 4895 10884
5 4575 7002 5227 10885
5 3781 6968 3778 10886
5 3162 6976 3179 10887
5 3661 6969 3658 10888
5 7399 7412 4850 10889
5 4885 7353 5010 10890
5 6523 7344 3306 10891
5 2437 7034 3488 10892
5 3802 6972 3799 10893
5 7118 7484 5430 10894
5 2549 7352 2547 10895
5 7064 7502 2411 10896
5 4214 7026 3496 10897
5 3745 6974 3742 10898
5 5204 6981 4177 10899
5 5471 7367 3204 10900
5 3839 6975 3836 10901
5 4762 7328 3082 10902
5 7412 7428 5566 10903
5 3341 6978 2798 10904
5 6955 6956 5070 10905
5 3002 7325 6228 10906
5 5379 7100 4480 10907
5 5566 7428 4860 10908
5 5335 7453 7286 10909
5 3941 6983 3525 10910
5 4113 6982 4111 10911
5 5852 7410 7310 10912
5 4896 7185 4811 10913
5 3959 7357 6770 10914
5 4581 7320 4094 10915
5 4586 7392 6922 10916
5 4074 7081 6876 10917
5 3551 6938 6799 10918
5 1987 7126 6985 10919
5 7428 7444 4860 10920
5 6523 7360 7344 10921
5 4860 7444 5568 10922
5 2426 7360 6523 10923
5 2426 7378 7360 10924
5 4867 7329 6587 10925
5 3496 7026 3498 10926
5 4846 7371 5222 10927
5 4861 7002 4575 10928
5 7444 7457 5568 10929
5 6169 7373 2648 10930
5 7147 7148 4661 10931
5 6806 6995 5044 10932
5 2103 7374 6030 10933
5 4095 6989 3860 10934
5 3917 6997 4854 10935
5 5568 7457 4868 10936
5 2845 6996 3086 10937
5 3018 7435 7336 10938
5 3844 6991 3841 10939
5 4153 6994 3894 10940
5 6521 7378 2426 10941
5 5278 7345 7199 10942
5 2439 7034 2437 10943
5 6315 7031 6764 10944
5 4657 7222 6860 10945
5 5091 7342 6518 10946
5 5207 7019 6743 10947
5 2416 7001 2410 10948
5 7457 7467 4868 10949
5 2817 7385 5902 10950
5 4868 7467 5563 10951
5 6521 7390 7378 10952
5 7323 7363 3492 10953
5 3134 7358 3129 10954
5 3962 6920 6918 10955
5 7467 7480 5563 10956
5 4742 7387 7303 10957
5 2872 7391 3053 10958
5 6050 7392 6006 10959
5 3914 7076 4199 10960
5 5563 7480 4886 10961
5 4652 7166 5030 10962
5 5283 7253 5285 10963
5 3304 7390 6521 10964
5 6712 7033 3964 10965
5 4962 7494 4952 10966
5 4769 7135 7025 10967
5 4851 7127 4075 10968
5 3304 7399 7390 10969
5 4811 7185 4809 10970
5 7353 7365 5010 10971
5 5918 7396 4913 10972
5 7480 7493 4886 10973
5 3879 7267 3821 10974
5 4886 7493 5555 10975
5 6519 7399 3304 10976
5 5237 7367 6595 10977
5 5306 7322 6673 10978
5 1981 7275 6756 10979
5 2148 7410 5852 10980
5 2627 7411 2625 10981
5 6519 7412 7399 10982
5 2868 7415 2870 10983
5 2425 7412 6519 10984
5 6315 7047 7031 10985
5 7151 7387 4617 10986
5 6718 7355 2720 10987
5 6723 7351 4792 10988
5 2425 7428 7412 10989
5 4166 7413 4165 10990
5 6006 7392 6750 10991
5 4170 7188 3951 10992
5 6824 7382 4941 10993
5 6517 7428 2425 10994
5 2886 7431 2888 10995
5 6898 7128 5143 10996
5 5025 7419 6618 10997
5 3020 7435 3018 10998
5 3928 7230 6932 10999
5 6924 6939 3392 11000
5 6139 7437 4689 11001
5 6517 7444 7428 11002
5 4980 7443 4979 11003
5 4862 7442 6516 11004
5 3303 7444 6517 11005
5 3303 7457 7444 11006
5 4127 7114 3908 11007
5 7294 7458 5352 11008
5 6515 7457 3303 11009
5 3964 7033 4485 11010
5 3557 7418 5515 11011
5 6515 7467 7457 11012
5 2423 7480 7467 11013
5 2097 7469 2099 11014
5 2994 7470 2992 11015
5 5399 7472 5401 11016
5 2423 7467 6515 11017
5 5569 7480 2423 11018
5 112 7486 111 11019
5 6315 7146 7047 11020
5 6107 7478 6108 11021
5 5569 7493 7480 11022
5 2349 7483 2095 11023
5 2445 7493 5569 11024
5 6878 7244 6869 11025
5 3312 7362 3869 11026
5 5372 7324 6912 11027
5 4090 7173 4816 11028
5 5057 7294 5352 11029
5 4667 7173 4090 11030
5 3135 7044 3124 11031
5 3455 7377 6798 11032
5 6696 7199 4883 11033
5 4802 7246 4994 11034
5 2904 7298 6730 11035
5 7051 7473 5048 11036
5 5381 7361 4839 11037
5 3526 7406 6978 11038
5 5054 7275 5056 11039
5 3861 7313 4800 11040
5 4546 7165 3887 11041
5 1968 7242 7093 11042
5 3262 7136 6858 11043
5 3842 7364 6975 11044
5 4830 7489 6658 11045
5 5207 7020 7019 11046
5 4560 7230 3926 11047
5 6676 7172 3311 11048
5 6762 7043 3065 11049
5 5115 7504 3912 11050
5 7100 7101 4776 11051
5 1940 6995 6806 11052
5 4843 7418 6822 11053
5 1971 7331 7251 11054
5 7044 7146 3867 11055
5 3549 7154 5388 11056
5 6919 7504 5115 11057
5 6925 7003 4557 11058
5 7125 7203 4865 11059
5 6009 7316 7009 11060
5 7009 7316 5035 11061
5 6980 7153 2979 11062
5 6673 7322 4608 11063
5 4567 7250 3870 11064
5 4664 7207 4579 11065
5 6968 7359 6778 11066
5 3951 7188 3953 11067
5 5061 7505 6962 11068
5 6684 7289 4851 11069
5 4853 7380 6893 11070
5 2405 7150 6740 11071
5 6945 7346 3523 11072
5 3932 7420 4908 11073
5 4638 7439 7409 11074
5 7005 7059 1982 11075
5 6808 7125 4865 11076
5 6595 7367 5471 11077
5 4883 7345 4880 11078
5 2332 7178 2339 11079
5 4740 7283 6698 11080
5 3854 7450 5437 11081
5 2037 7462 2035 11082
5 6738 7114 4127 11083
5 4208 7424 7183 11084
5 2346 7218 2342 11085
5 5003 7038 7029 11086
5 4941 7382 4877 11087
5 6860 7222 3250 11088
5 4741 7206 4739 11089
5 6833 6938 5307 11090
5 6814 7341 3448 11091
5 3926 7230 3928 11092
5 6861 7094 3415 11093
5 7106 7182 5363 11094
5 4897 7379 7138 11095
5 6644 7414 3847 11096
5 3887 7165 4295 11097
5 4926 7216 6724 11098
5 5209 7364 6550 11099
5 6961 7321 3551 11100
5 6893 7380 6806 11101
5 7217 7451 5005 11102
5 4132 7445 4115 11103
5 3944 7198 7104 11104
5 4638 7409 4136 11105
5 4567 7438 7250 11106
5 6867 7258 3343 11107
5 6753 7258 6867 11108
5 6623 7497 6833 11109
5 7101 7257 4776 11110
5 5082 7348 6966 11111
5 4077 7135 7050 11112
5 6774 7380 4853 11113
5 6864 7283 3358 11114
5 7090 7461 4939 11115
5 5249 7199 6696 11116
5 4653 7258 6753 11117
5 4295 7165 6894 11118
5 1943 7351 6723 11119
5 6847 7258 4653 11120
5 6948 7469 5354 11121
5 5144 7479 7379 11122
5 7198 7369 5386 11123
5 5010 7365 6706 11124
5 6932 7112 4638 11125
5 4944 7286 4163 11126
5 7176 7327 3975 11127
5 6689 7453 5335 11128
5 3870 7250 4055 11129
5 6928 7366 4630 11130
5 3131 7358 6912 11131
5 6833 7497 6938 11132
5 5277 7504 6919 11133
5 6856 7450 4827 11134
5 3042 7182 7106 11135
5 5102 7236 4872 11136
5 5386 7369 6713 11137
5 2339 7178 5448 11138
5 5206 7325 6999 11139
5 6734 7282 7111 11140
5 3414 7260 6853 11141
5 6252 7278 6251 11142
5 3404 7105 6829 11143
5 6934 7487 4754 11144
5 4852 7155 6954 11145
5 7212 7400 5259 11146
5 4540 7171 6830 11147
5 7387 7422 7303 11148
5 6900 7061 6891 11149
5 4994 7363 4996 11150
5 2333 7268 2336 11151
5 7134 7459 5105 11152
5 3524 7285 3522 11153
5 4764 7299 7024 11154
5 6788 7350 4291 11155
5 6896 7464 5310 11156
5 5111 7245 7057 11157
5 6914 7134 3481 11158
5 3331 7295 3485 11159
5 3486 7233 6960 11160
5 6927 7381 6676 11161
5 4897 7244 4591 11162
5 6966 7348 4205 11163
5 6881 7440 3456 11164
5 6991 7220 3842 11165
5 4649 7260 3414 11166
5 3447 7375 6729 11167
5 5070 7317 5069 11168
5 6842 7477 5126 11169
5 2345 7339 2347 11170
5 3821 7267 3823 11171
5 3523 7346 3892 11172
5 3343 7258 6847 11173
5 4896 7456 7185 11174
5 6942 7330 2715 11175
5 5352 7458 6711 11176
5 7073 7144 5547 11177
5 3413 7269 6691 11178
5 7019 7267 3879 11179
5 6720 7235 2405 11180
5 7338 7442 4862 11181
5 6993 7235 6720 11182
5 4948 7485 5012 11183
5 6898 7266 4732 11184
5 6756 7275 5054 11185
5 4219 7453 6689 11186
5 5370 7427 7148 11187
5 6877 7291 6567 11188
5 3250 7222 6810 11189
5 4894 7350 6788 11190
5 3129 7358 3131 11191
5 6992 7213 6075 11192
5 6879 7292 5149 11193
5 6853 7260 4668 11194
5 3358 7283 6795 11195
5 5236 7405 6637 11196
5 6857 7341 4882 11197
5 6807 7203 6781 11198
5 6698 7283 6864 11199
5 4879 7440 6881 11200
5 7174 7179 2978 11201
5 7246 7363 4994 11202
5 7031 7158 3119 11203
5 6518 7342 2040 11204
5 6731 7460 4901 11205
5 6929 7205 4812 11206
5 5027 7501 7015 11207
5 3314 7362 3312 11208
5 2715 7330 3494 11209
5 5126 7477 5124 11210
5 6930 7155 4852 11211
5 7138 7244 4897 11212
5 7098 7465 4933 11213
5 3781 7359 6968 11214
5 6727 7418 3557 11215
5 7208 7354 1933 11216
5 6854 7299 5908 11217
5 7029 7038 3514 11218
5 2420 7181 7075 11219
5 6701 7502 7064 11220
5 4895 7503 5436 11221
5 6969 7489 4830 11222
5 4884 7335 6696 11223
5 4827 7450 3854 11224
5 7206 7343 4739 11225
5 4608 7322 6961 11226
5 4880 7345 4881 11227
5 6874 7256 4132 11228
5 6855 7185 2011 11229
5 5515 7418 4843 11230
5 4792 7351 6674 11231
5 6851 7334 5019 11232
5 4205 7348 6510 11233
5 6879 7475 5147 11234
5 3413 7347 7269 11235
5 6781 7203 7013 11236
5 5072 7179 7174 11237
5 3462 7503 6943 11238
5 6916 7407 4054 11239
5 7002 7376 7027 11240
5 5264 7484 7145 11241
5 4877 7382 5024 11242
5 7104 7198 5386 11243
5 6961 7322 7321 11244
5 6834 7216 5226 11245
5 4755 7425 6934 11246
5 6967 7211 5015 11247
5 3881 7359 3781 11248
5 5144 7379 4897 11249
5 5029 7332 7204 11250
5 4617 7387 4742 11251
5 3229 7384 3224 11252
5 6715 7356 5052 11253
5 4055 7489 6969 11254
5 7220 7364 3842 11255
5 2009 7506 7252 11256
5 4927 7430 7099 11257
5 2405 7235 7150 11258
5 3874 7375 3447 11259
5 7004 7217 4813 11260
5 3003 7433 7239 11261
5 6761 7397 4941 11262
5 6510 7422 4871 11263
5 4136 7409 4665 11264
5 3234 7401 3231 11265
5 7301 7393 3847 11266
5 7099 7430 3052 11267
5 5068 7423 5067 11268
5 4898 7389 6760 11269
5 6839 7194 3220 11270
5 4865 7203 6807 11271
5 4739 7343 4536 11272
5 7024 7299 2661 11273
5 6137 7415 7062 11274
5 7155 7252 5028 11275
5 3082 7328 7028 11276
5 5140 7334 6851 11277
5 6729 7375 5346 11278
5 5003 7323 7038 11279
5 6714 7372 3134 11280
5 7252 7305 2009 11281
5 7120 7231 5524 11282
5 3960 7314 6988 11283
5 7167 7362 3314 11284
5 4115 7445 4123 11285
5 4871 7387 7151 11286
5 4054 7407 6766 11287
5 7136 7417 4817 11288
5 3238 7356 6715 11289
5 4939 7461 5219 11290
5 7250 7438 5322 11291
5 7269 7347 5043 11292
5 7005 7456 4896 11293
5 7211 7490 5015 11294
5 7251 7280 1971 11295
5 7279 7423 5068 11296
5 6981 7288 4656 11297
5 3551 7321 6938 11298
5 7190 7338 4863 11299
5 6915 7277 3158 11300
5 3052 7430 6688 11301
5 6757 7438 4567 11302
5 6967 7421 1939 11303
5 4214 7312 7026 11304
5 4164 7453 4219 11305
5 4804 7421 6967 11306
5 4593 7281 6925 11307
5 3003 7239 7238 11308
5 6890 7388 1984 11309
5 4572 7381 6927 11310
5 7112 7439 4638 11311
5 5220 7426 7130 11312
5 5015 7490 5269 11313
5 7238 7239 5033 11314
5 3492 7363 7246 11315
5 4776 7257 6874 11316
5 3456 7440 6885 11317
5 6965 7471 5068 11318
5 6912 7324 3159 11319
5 1988 7451 7217 11320
5 4562 7441 4561 11321
5 4765 7388 6890 11322
5 3564 7402 7077 11323
5 5147 7292 6879 11324
5 7409 7439 5310 11325
5 6799 7497 7045 11326
5 3028 7416 7168 11327
5 5031 7169 7023 11328
5 7027 7376 4772 11329
5 5151 7475 6879 11330
5 4663 7291 6877 11331
5 2424 7276 7160 11332
5 7284 7475 5151 11333
5 6912 7358 5372 11334
5 7185 7456 2011 11335
5 3448 7341 6857 11336
5 6810 7347 3413 11337
5 5032 7280 7251 11338
5 3262 7417 7136 11339
5 4901 7460 7058 11340
5 6806 7380 1940 11341
5 7086 7370 5406 11342
5 7015 7501 1942 11343
5 5049 7473 6756 11344
5 4819 7471 6965 11345
5 4891 7327 7176 11346
5 7157 7320 4581 11347
5 6862 7408 3334 11348
5 5645 7500 7128 11349
5 7123 7447 4936 11350
5 3300 7338 7190 11351
5 7204 7332 2938 11352
5 4893 7235 6993 11353
5 4873 7305 6930 11354
5 1981 7473 7051 11355
5 7148 7427 4283 11356
5 7003 7436 5061 11357
5 6586 7362 7167 11358
5 5208 7320 7157 11359
5 7223 7224 4093 11360
5 6802 7448 4535 11361
5 6874 7257 7256 11362
5 6930 7252 7155 11363
5 7130 7426 3221 11364
5 4200 7429 7225 11365
5 7225 7429 4665 11366
5 2644 7465 7098 11367
5 6960 7449 5286 11368
5 7145 7484 4911 11369
5 4861 7376 7002 11370
5 1940 7496 6995 11371
5 7149 7476 4829 11372
5 6997 7386 4854 11373
5 7222 7347 6810 11374
5 5141 7487 6934 11375
5 5400 7404 7300 11376
5 4665 7464 7225 11377
5 7321 7322 5306 11378
5 4829 7476 6926 11379
5 4559 7475 7284 11380
5 7045 7497 6623 11381
5 4917 7393 7301 11382
5 6930 7305 7252 11383
5 7409 7464 4665 11384
5 7262 7471 4819 11385
5 7303 7422 2013 11386
5 6995 7496 5378 11387
5 7300 7404 5058 11388
5 4854 7386 7268 11389
5 7285 7376 4861 11390
5 7227 7448 6802 11391
5 6756 7473 1981 11392
5 4533 7455 7398 11393
5 4871 7422 7387 11394
5 7256 7257 5142 11395
5 7398 7455 5078 11396
5 4907 7459 7134 11397
5 5310 7464 7409 11398
5 7252 7506 5028 11399
5 3159 7134 6914 11400
9 247 1663 1903 248 11401
9 1663 1664 1904 1903 11402
9 1664 1665 1905 1904 11403
9 1665 1666 1906 1905 11404
9 1666 1667 1907 1906 11405
9 1667 1668 1908 1907 11406
9 1668 1669 1909 1908 11407
9 1669 1670 1910 1909 11408
9 1670 1671 1911 1910 11409
9 1671 1672 1912 1911 11410
9 1672 1673 1913 1912 11411
9 1673 1674 1914 1913 11412
9 1674 1675 1915 1914 11413
9 1675 1676 1916 1915 11414
9 1676 1677 1917 1916 11415
9 1677 1678 1918 1917 11416
9 1678 1679 1919 1918 11417
9 1679 1680 1920 1919 11418
9 1680 1681 1921 1920 11419
9 1681 1682 1922 1921 11420
9 1682 1683 1923 1922 11421
9 1683 1684 1924 1923 11422
9 1684 1685 1925 1924 11423
9 1685 1686 1926 1925 11424
9 1686 1687 1927 1926 11425
9 1687 1688 1928 1927 11426
9 1688 1689 1929 1928 11427
9 1689 1690 1930 1929 11428
9 1690 1691 1931 1930 11429
9 1691 1692 1932 1931 11430
9 7 253 1843 240 11431
9 253 254 1844 1843 11432
9 254 255 1845 1844 11433
9 255 256 1846 1845 11434
9 256 257 1847 1846 11435
9 257 258 1848 1847 11436
9 258 259 1849 1848 11437
9 259 260 1850 1849 11438
9 260 261 1851 1850 11439
9 261 262 1852 1851 11440
9 262 263 1853 1852 11441
9 263 264 1854 1853 11442
9 264 265 1855 1854 11443
9 265 266 1856 1855 11444
9 266 267 1857 1856 11445
9 267 268 1858 1857 11446
9 268 269 1859 1858 11447
9 269 270 1860 1859 11448
9 270 271 1861 1860 11449
9 271 272 1862 1861 11450
9 272 273 1863 1862 11451
9 273 274 1864 1863 11452
9 274 275 1865 1864 11453
9 275 276 1866 1865 11454
9 276 277 1867 1866 11455
9 277 278 1868 1867 11456
9 278 279 1869 1868 11457
9 279 280 1870 1869 11458
9 280 281 1871 1870 11459
9 281 282 1872 1871 11460
9 240 1843 1303 241 11461
9 1843 1844 1304 1303 11462
9 1844 1845 1305 1304 11463
9 1845 1846 1306 1305 11464
9 1846 1847 1307 1306 11465
9 1847 1848 1308 1307 11466
9 1848 1849 1309 1308 11467
9 1849 1850 1310 1309 11468
9 1850 1851 1311 1310 11469
9 1851 1852 1312 1311 11470
9 1852 1853 1313 1312 11471
9 1853 1854 1314 1313 11472
9 1854 1855 1315 1314 11473
9 1855 1856 1316 1315 11474
9 1856 1857 1317 1316 11475
9 1857 1858 1318 1317 11476
9 1858 1859 1319 1318 11477
9 1859 1860 1320 1319 11478
9 1860 1861 1321 1320 11479
9 1861 1862 1322 1321 11480
9 1862 1863 1323 1322 11481
9 1863 1864 1324 1323 11482
9 1864 1865 1325 1324 11483
9 1865 1866 1326 1325 11484
9 1866 1867 1327 1326 11485
9 1867 1868 1328 1327 11486
9 1868 1869 1329 1328 11487
9 1869 1870 1330 1329 11488
9 1870 1871 1331 1330 11489
9 1871 1872 1332 1331 11490
9 242 673 1453 243 11491
9 673 674 1454 1453 11492
9 674 675 1455 1454 11493
9 675 676 1456 1455 11494
9 676 677 1457 1456 11495
9 677 678 1458 1457 11496
9 678 679 1459 1458 11497
9 679 680 1460 1459 11498
9 680 681 1461 1460 11499
9 681 682 1462 1461 11500
9 682 683 1463 1462 11501
9 683 684 1464 1463 11502
9 684 685 1465 1464 11503
9 685 686 1466 1465 11504
9 686 687 1467 1466 11505
9 687 688 1468 1467 11506
9 688 689 1469 1468 11507
9 689 690 1470 1469 11508
9 690 691 1471 1470 11509
9 691 692 1472 1471 11510
9 692 693 1473 1472 11511
9 693 694 1474 1473 11512
9 694 695 1475 1474 11513
9 695 696 1476 1475 11514
9 696 697 1477 1476 11515
9 697 698 1478 1477 11516
9 698 699 1479 1478 11517
9 699 700 1480 1479 11518
9 700 701 1481 1480 11519
9 701 702 1482 1481 11520
9 241 1303 673 242 11521
9 1303 1304 674 673 11522
9 1304 1305 675 674 11523
9 1305 1306 676 675 11524
9 1306 1307 677 676 11525
9 1307 1308 678 677 11526
9 1308 1309 679 678 11527
9 1309 1310 680 679 11528
9 1310 1311 681 680 11529
9 1311 1312 682 681 11530
9 1312 1313 683 682 11531
9 1313 1314 684 683 11532
9 1314 1315 685 684 11533
9 1315 1316 686 685 11534
9 1316 1317 687 686 11535
9 1317 1318 688 687 11536
9 1318 1319 689 688 11537
9 1319 1320 690 689 11538
9 1320 1321 691 690 11539
9 1321 1322 692 691 11540
9 1322 1323 693 692 11541
9 1323 1324 694 693 11542
9 1324 1325 695 694 11543
9 1325 1326 696 695 11544
9 1326 1327 697 696 11545
9 1327 1328 698 697 11546
9 1328 1329 699 698 11547
9 1329 1330 700 699 11548
9 1330 1331 701 700 11549
9 1331 1332 702 701 11550
9 243 1453 1783 244 11551
9 1453 1454 1784 1783 11552
9 1454 1455 1785 1784 11553
9 1455 1456 1786 1785 11554
9 1456 1457 1787 1786 11555
9 1457 1458 1788 1787 11556
9 1458 1459 1789 1788 11557
9 1459 1460 1790 1789 11558
9 1460 1461 1791 1790 11559
9 1461 1462 1792 1791 11560
9 1462 1463 1793 1792 11561
9 1463 1464 1794 1793 11562
9 1464 1465 1795 1794 11563
9 1465 1466 1796 1795 11564
9 1466 1467 1797 1796 11565
9 1467 1468 1798 1797 11566
9 1468 1469 1799 1798 11567
9 1469 1470 1800 1799 11568
9 1470 1471 1801 1800 11569
9 1471 1472 1802 1801 11570
9 1472 1473 1803 1802 11571
9 1473 1474 1804 1803 11572
9 1474 1475 1805 1804 11573
9 1475 1476 1806 1805 11574
9 1476 1477 1807 1806 11575
9 1477 1478 1808 1807 11576
9 1478 1479 1809 1808 11577
9 1479 1480 1810 1809 11578
9 1480 1481 1811 1810 11579
9 1481 1482 1812 1811 11580
9 244 1783 1543 245 11581
9 1783 1784 1544 1543 11582
9 1784 1785 1545 1544 11583
9 1785 1786 1546 1545 11584
9 1786 1787 1547 1546 11585
9 1787 1788 1548 1547 11586
9 1788 1789 1549 1548 11587
9 1789 1790 1550 1549 11588
9 1790 1791 1551 1550 11589
9 1791 1792 1552 1551 11590
9 1792 1793 1553 1552 11591
9 1793 1794 1554 1553 11592
9 1794 1795 1555 1554 11593
9 1795 1796 1556 1555 11594
9 1796 1797 1557 1556 11595
9 1797 1798 1558 1557 11596
9 1798 1799 1559 1558 11597
9 1799 1800 1560 1559 11598
9 1800 1801 1561 1560 11599
9 1801 1802 1562 1561 11600
9 1802 1803 1563 1562 11601
9 1803 1804 1564 1563 11602
9 1804 1805 1565 1564 11603
9 1805 1806 1566 1565 11604
9 1806 1807 1567 1566 11605
9 1807 1808 1568 1567 11606
9 1808 1809 1569 1568 11607
9 1809 1810 1570 1569 11608
9 1810 1811 1571 1570 11609
9 1811 1812 1572 1571 11610
9 245 1543 763 246 11611
9 1543 1544 764 763 11612
9 1544 1545 765 764 11613
9 1545 1546 766 765 11614
9 1546 1547 767 766 11615
9 1547 1548 768 767 11616
9 1548 1549 769 768 11617
9 1549 1550 770 769 11618
9 1550 1551 771 770 11619
9 1551 1552 772 771 11620
9 1552 1553 773 772 11621
9 1553 1554 774 773 11622
9 1554 1555 775 774 11623
9 1555 1556 776 775 11624
9 1556 1557 777 776 11625
9 1557 1558 778 777 11626
9 1558 1559 779 778 11627
9 1559 1560 780 779 11628
9 1560 1561 781 780 11629
9 1561 1562 782 781 11630
9 1562 1563 783 782 11631
9 1563 1564 784 783 11632
9 1564 1565 785 784 11633
9 1565 1566 786 785 11634
9 1566 1567 787 786 11635
9 1567 1568 788 787 11636
9 1568 1569 789 788 11637
9 1569 1570 790 789 11638
9 1570 1571 791 790 11639
9 1571 1572 792 791 11640
9 246 763 1663 247 11641
9 763 764 1664 1663 11642
9 764 765 1665 1664 11643
9 765 766 1666 1665 11644
9 766 767 1667 1666 11645
9 767 768 1668 1667 11646
9 768 769 1669 1668 11647
9 769 770 1670 1669 11648
9 770 771 1671 1670 11649
9 771 772 1672 1671 11650
9 772 773 1673 1672 11651
9 773 774 1674 1673 11652
9 774 775 1675 1674 11653
9 775 776 1676 1675 11654
9 776 777 1677 1676 11655
9 777 778 1678 1677 11656
9 778 779 1679 1678 11657
9 779 780 1680 1679 11658
9 780 781 1681 1680 11659
9 781 782 1682 1681 11660
9 782 783 1683 1682 11661
9 783 784 1684 1683 11662
9 784 785 1685 1684 11663
9 785 786 1686 1685 11664
9 786 787 1687 1686 11665
9 787 788 1688 1687 11666
9 788 789 1689 1688 11667
9 789 790 1690 1689 11668
9 790 791 1691 1690 11669
9 791 792 1692 1691 11670
9 250 733 973 251 11671
9 733 734 974 973 11672
9 734 735 975 974 11673
9 735 736 976 975 11674
9 736 737 977 976 11675
9 737 738 978 977 11676
9 738 739 979 978 11677
9 739 740 980 979 11678
9 740 741 981 980 11679
9 741 742 982 981 11680
9 742 743 983 982 11681
9 743 744 984 983 11682
9 744 745 985 984 11683
9 745 746 986 985 11684
9 746 747 987 986 11685
9 747 748 988 987 11686
9 748 749 989 988 11687
9 749 750 990 989 11688
9 750 751 991 990 11689
9 751 752 992 991 11690
9 752 753 993 992 11691
9 753 754 994 993 11692
9 754 755 995 994 11693
9 755 756 996 995 11694
9 756 757 997 996 11695
9 757 758 998 997 11696
9 758 759 999 998 11697
9 759 760 1000 999 11698
9 760 761 1001 1000 11699
9 761 762 1002 1001 11700
9 251 973 1003 252 11701
9 973 974 1004 1003 11702
9 974 975 1005 1004 11703
9 975 976 1006 1005 11704
9 976 977 1007 1006 11705
9 977 978 1008 1007 11706
9 978 979 1009 1008 11707
9 979 980 1010 1009 11708
9 980 981 1011 1010 11709
9 981 982 1012 1011 11710
9 982 983 1013 1012 11711
9 983 984 1014 1013 11712
9 984 985 1015 1014 11713
9 985 986 1016 1015 11714
9 986 987 1017 1016 11715
9 987 988 1018 1017 11716
9 988 989 1019 1018 11717
9 989 990 1020 1019 11718
9 990 991 1021 1020 11719
9 991 992 1022 1021 11720
9 992 993 1023 1022 11721
9 993 994 1024 1023 11722
9 994 995 1025 1024 11723
9 995 996 1026 1025 11724
9 996 997 1027 1026 11725
9 997 998 1028 1027 11726
9 998 999 1029 1028 11727
9 999 1000 1030 1029 11728
9 1000 1001 1031 1030 11729
9 1001 1002 1032 1031 11730
9 252 1003 313 4 11731
9 1003 1004 314 313 11732
9 1004 1005 315 314 11733
9 1005 1006 316 315 11734
9 1006 1007 317 316 11735
9 1007 1008 318 317 11736
9 1008 1009 319 318 11737
9 1009 1010 320 319 11738
9 1010 1011 321 320 11739
9 1011 1012 322 321 11740
9 1012 1013 323 322 11741
9 1013 1014 324 323 11742
9 1014 1015 325 324 11743
9 1015 1016 326 325 11744
9 1016 1017 327 326 11745
9 1017 1018 328 327 11746
9 1018 1019 329 328 11747
9 1019 1020 330 329 11748
9 1020 1021 331 330 11749
9 1021 1022 332 331 11750
9 1022 1023 333 332 11751
9 1023 1024 334 333 11752
9 1024 1025 335 334 11753
9 1025 1026 336 335 11754
9 1026 1027 337 336 11755
9 1027 1028 338 337 11756
9 1028 1029 339 338 11757
9 1029 1030 340 339 11758
9 1030 1031 341 340 11759
9 1031 1032 342 341 11760
9 6 283 1033 227 11761
9 283 284 1034 1033 11762
9 284 285 1035 1034 11763
9 285 286 1036 1035 11764
9 286 287 1037 1036 11765
9 287 288 1038 1037 11766
9 288 289 1039 1038 11767
9 289 290 1040 1039 11768
9 290 291 1041 1040 11769
9 291 292 1042 1041 11770
9 292 293 1043 1042 11771
9 293 294 1044 1043 11772
9 294 295 1045 1044 11773
9 295 296 1046 1045 11774
9 296 297 1047 1046 11775
9 297 298 1048 1047 11776
9 298 299 1049 1048 11777
9 299 300 1050 1049 11778
9 300 301 1051 1050 11779
9 301 302 1052 1051 11780
9 302 303 1053 1052 11781
9 303 304 1054 1053 11782
9 304 305 1055 1054 11783
9 305 306 1056 1055 11784
9 306 307 1057 1056 11785
9 307 308 1058 1057 11786
9 308 309 1059 1058 11787
9 309 310 1060 1059 11788
9 310 311 1061 1060 11789
9 311 312 1062 1061 11790
9 227 1033 1483 228 11791
9 1033 1034 1484 1483 11792
9 1034 1035 1485 1484 11793
9 1035 1036 1486 1485 11794
9 1036 1037 1487 1486 11795
9 1037 1038 1488 1487 11796
9 1038 1039 1489 1488 11797
9 1039 1040 1490 1489 11798
9 1040 1041 1491 1490 11799
9 1041 1042 1492 1491 11800
9 1042 1043 1493 1492 11801
9 1043 1044 1494 1493 11802
9 1044 1045 1495 1494 11803
9 1045 1046 1496 1495 11804
9 1046 1047 1497 1496 11805
9 1047 1048 1498 1497 11806
9 1048 1049 1499 1498 11807
9 1049 1050 1500 1499 11808
9 1050 1051 1501 1500 11809
9 1051 1052 1502 1501 11810
9 1052 1053 1503 1502 11811
9 1053 1054 1504 1503 11812
9 1054 1055 1505 1504 11813
9 1055 1056 1506 1505 11814
9 1056 1057 1507 1506 11815
9 1057 1058 1508 1507 11816
9 1058 1059 1509 1508 11817
9 1059 1060 1510 1509 11818
9 1060 1061 1511 1510 11819
9 1061 1062 1512 1511 11820
9 228 1483 1813 229 11821
9 1483 1484 1814 1813 11822
9 1484 1485 1815 1814 11823
9 1485 1486 1816 1815 11824
9 1486 1487 1817 1816 11825
9 1487 1488 1818 1817 11826
9 1488 1489 1819 1818 11827
9 1489 1490 1820 1819 11828
9 1490 1491 1821 1820 11829
9 1491 1492 1822 1821 11830
9 1492 1493 1823 1822 11831
9 1493 1494 1824 1823 11832
9 1494 1495 1825 1824 11833
9 1495 1496 1826 1825 11834
9 1496 1497 1827 1826 11835
9 1497 1498 1828 1827 11836
9 1498 1499 1829 1828 11837
9 1499 1500 1830 1829 11838
9 1500 1501 1831 1830 11839
9 1501 1502 1832 1831 11840
9 1502 1503 1833 1832 11841
9 1503 1504 1834 1833 11842
9 1504 1505 1835 1834 11843
9 1505 1506 1836 1835 11844
9 1506 1507 1837 1836 11845
9 1507 1508 1838 1837 11846
9 1508 1509 1839 1838 11847
9 1509 1510 1840 1839 11848
9 1510 1511 1841 1840 11849
9 1511 1512 1842 1841 11850
9 229 1813 1723 230 11851
9 1813 1814 1724 1723 11852
9 1814 1815 1725 1724 11853
9 1815 1816 1726 1725 11854
9 1816 1817 1727 1726 11855
9 1817 1818 1728 1727 11856
9 1818 1819 1729 1728 11857
9 1819 1820 1730 1729 11858
9 1820 1821 1731 1730 11859
9 1821 1822 1732 1731 11860
9 1822 1823 1733 1732 11861
9 1823 1824 1734 1733 11862
9 1824 1825 1735 1734 11863
9 1825 1826 1736 1735 11864
9 1826 1827 1737 1736 11865
9 1827 1828 1738 1737 11866
9 1828 1829 1739 1738 11867
9 1829 1830 1740 1739 11868
9 1830 1831 1741 1740 11869
9 1831 1832 1742 1741 11870
9 1832 1833 1743 1742 11871
9 1833 1834 1744 1743 11872
9 1834 1835 1745 1744 11873
9 1835 1836 1746 1745 11874
9 1836 1837 1747 1746 11875
9 1837 1838 1748 1747 11876
9 1838 1839 1749 1748 11877
9 1839 1840 1750 1749 11878
9 1840 1841 1751 1750 11879
9 1841 1842 1752 1751 11880
9 230 1723 943 231 11881
9 1723 1724 944 943 11882
9 1724 1725 945 944 11883
9 1725 1726 946 945 11884
9 1726 1727 947 946 11885
9 1727 1728 948 947 11886
9 1728 1729 949 948 11887
9 1729 1730 950 949 11888
9 1730 1731 951 950 11889
9 1731 1732 952 951 11890
9 1732 1733 953 952 11891
9 1733 1734 954 953 11892
9 1734 1735 955 954 11893
9 1735 1736 956 955 11894
9 1736 1737 957 956 11895
9 1737 1738 958 957 11896
9 1738 1739 959 958 11897
9 1739 1740 960 959 11898
9 1740 1741 961 960 11899
9 1741 1742 962 961 11900
9 1742 1743 963 962 11901
9 1743 1744 964 963 11902
9 1744 1745 965 964 11903
9 1745 1746 966 965 11904
9 1746 1747 967 966 11905
9 1747 1748 968 967 11906
9 1748 1749 969 968 11907
9 1749 1750 970 969 11908
9 1750 1751 971 970 11909
9 1751 1752 972 971 11910
9 231 943 1273 232 11911
9 943 944 1274 1273 11912
9 944 945 1275 1274 11913
9 945 946 1276 1275 11914
9 946 947 1277 1276 11915
9 947 948 1278 1277 11916
9 948 949 1279 1278 11917
9 949 950 1280 1279 11918
9 950 951 1281 1280 11919
9 951 952 1282 1281 11920
9 952 953 1283 1282 11921
9 953 954 1284 1283 11922
9 954 955 1285 1284 11923
9 955 956 1286 1285 11924
9 956 957 1287 1286 11925
9 957 958 1288 1287 11926
9 958 959 1289 1288 11927
9 959 960 1290 1289 11928
9 960 961 1291 1290 11929
9 961 962 1292 1291 11930
9 962 963 1293 1292 11931
9 963 964 1294 1293 11932
9 964 965 1295 1294 11933
9 965 966 1296 1295 11934
9 966 967 1297 1296 11935
9 967 968 1298 1297 11936
9 968 969 1299 1298 11937
9 969 970 1300 1299 11938
9 970 971 1301 1300 11939
9 971 972 1302 1301 11940
9 233 1753 793 234 11941
9 1753 1754 794 793 11942
9 1754 1755 795 794 11943
9 1755 1756 796 795 11944
9 1756 1757 797 796 11945
9 1757 1758 798 797 11946
9 1758 1759 799 798 11947
9 1759 1760 800 799 11948
9 1760 1761 801 800 11949
9 1761 1762 802 801 11950
9 1762 1763 803 802 11951
9 1763 1764 804 803 11952
9 1764 1765 805 804 11953
9 1765 1766 806 805 11954
9 1766 1767 807 806 11955
9 1767 1768 808 807 11956
9 1768 1769 809 808 11957
9 1769 1770 810 809 11958
9 1770 1771 811 810 11959
9 1771 1772 812 811 11960
9 1772 1773 813 812 11961
9 1773 1774 814 813 11962
9 1774 1775 815 814 11963
9 1775 1776 816 815 11964
9 1776 1777 817 816 11965
9 1777 1778 818 817 11966
9 1778 1779 819 818 11967
9 1779 1780 820 819 11968
9 1780 1781 821 820 11969
9 1781 1782 822 821 11970
9 232 1273 1753 233 11971
9 1273 1274 1754 1753 11972
9 1274 1275 1755 1754 11973
9 1275 1276 1756 1755 11974
9 1276 1277 1757 1756 11975
9 1277 1278 1758 1757 11976
9 1278 1279 1759 1758 11977
9 1279 1280 1760 1759 11978
9 1280 1281 1761 1760 11979
9 1281 1282 1762 1761 11980
9 1282 1283 1763 1762 11981
9 1283 1284 1764 1763 11982
9 1284 1285 1765 1764 11983
9 1285 1286 1766 1765 11984
9 1286 1287 1767 1766 11985
9 1287 1288 1768 1767 11986
9 1288 1289 1769 1768 11987
9 1289 1290 1770 1769 11988
9 1290 1291 1771 1770 11989
9 1291 1292 1772 1771 11990
9 1292 1293 1773 1772 11991
9 1293 1294 1774 1773 11992
9 1294 1295 1775 1774 11993
9 1295 1296 1776 1775 11994
9 1296 1297 1777 1776 11995
9 1297 1298 1778 1777 11996
9 1298 1299 1779 1778 11997
9 1299 1300 1780 1779 11998
9 1300 1301 1781 1780 11999
9 1301 1302 1782 1781 12000
9 234 793 613 235 12001
9 793 794 614 613 12002
9 794 795 615 614 12003
9 795 796 616 615 12004
9 796 797 617 616 12005
9 797 798 618 617 12006
9 798 799 619 618 12007
9 799 800 620 619 12008
9 800 801 621 620 12009
9 801 802 622 621 12010
9 802 803 623 622 12011
9 803 804 624 623 12012
9 804 805 625 624 12013
9 805 806 626 625 12014
9 806 807 627 626 12015
9 807 808 628 627 12016
9 808 809 629 628 12017
9 809 810 630 629 12018
9 810 811 631 630 12019
9 811 812 632 631 12020
9 812 813 633 632 12021
9 813 814 634 633 12022
9 814 815 635 634 12023
9 815 816 636 635 12024
9 816 817 637 636 12025
9 817 818 638 637 12026
9 818 819 639 638 12027
9 819 820 640 639 12028
9 820 821 641 640 12029
9 821 822 642 641 12030
9 235 613 1093 236 12031
9 613 614 1094 1093 12032
9 614 615 1095 1094 12033
9 615 616 1096 1095 12034
9 616 617 1097 1096 12035
9 617 618 1098 1097 12036
9 618 619 1099 1098 12037
9 619 620 1100 1099 12038
9 620 621 1101 1100 12039
9 621 622 1102 1101 12040
9 622 623 1103 1102 12041
9 623 624 1104 1103 12042
9 624 625 1105 1104 12043
9 625 626 1106 1105 12044
9 626 627 1107 1106 12045
9 627 628 1108 1107 12046
9 628 629 1109 1108 12047
9 629 630 1110 1109 12048
9 630 631 1111 1110 12049
9 631 632 1112 1111 12050
9 632 633 1113 1112 12051
9 633 634 1114 1113 12052
9 634 635 1115 1114 12053
9 635 636 1116 1115 12054
9 636 637 1117 1116 12055
9 637 638 1118 1117 12056
9 638 639 1119 1118 12057
9 639 640 1120 1119 12058
9 640 641 1121 1120 12059
9 641 642 1122 1121 12060
9 236 1093 1243 237 12061
9 1093 1094 1244 1243 12062
9 1094 1095 1245 1244 12063
9 1095 1096 1246 1245 12064
9 1096 1097 1247 1246 12065
9 1097 1098 1248 1247 12066
9 1098 1099 1249 1248 12067
9 1099 1100 1250 1249 12068
9 1100 1101 1251 1250 12069
9 1101 1102 1252 1251 12070
9 1102 1103 1253 1252 12071
9 1103 1104 1254 1253 12072
9 1104 1105 1255 1254 12073
9 1105 1106 1256 1255 12074
9 1106 1107 1257 1256 12075
9 1107 1108 1258 1257 12076
9 1108 1109 1259 1258 12077
9 1109 1110 1260 1259 12078
9 1110 1111 1261 1260 12079
9 1111 1112 1262 1261 12080
9 1112 1113 1263 1262 12081
9 1113 1114 1264 1263 12082
9 1114 1115 1265 1264 12083
9 1115 1116 1266 1265 12084
9 1116 1117 1267 1266 12085
9 1117 1118 1268 1267 12086
9 1118 1119 1269 1268 12087
9 1119 1120 1270 1269 12088
9 1120 1121 1271 1270 12089
9 1121 1122 1272 1271 12090
9 237 1243 1513 238 12091
9 1243 1244 1514 1513 12092
9 1244 1245 1515 1514 12093
9 1245 1246 1516 1515 12094
9 1246 1247 1517 1516 12095
9 1247 1248 1518 1517 12096
9 1248 1249 1519 1518 12097
9 1249 1250 1520 1519 12098
9 1250 1251 1521 1520 12099
9 1251 1252 1522 1521 12100
9 1252 1253 1523 1522 12101
9 1253 1254 1524 1523 12102
9 1254 1255 1525 1524 12103
9 1255 1256 1526 1525 12104
9 1256 1257 1527 1526 12105
9 1257 1258 1528 1527 12106
9 1258 1259 1529 1528 12107
9 1259 1260 1530 1529 12108
9 1260 1261 1531 1530 12109
9 1261 1262 1532 1531 12110
9 1262 1263 1533 1532 12111
9 1263 1264 1534 1533 12112
9 1264 1265 1535 1534 12113
9 1265 1266 1536 1535 12114
9 1266 1267 1537 1536 12115
9 1267 1268 1538 1537 12116
9 1268 1269 1539 1538 12117
9 1269 1270 1540 1539 12118
9 1270 1271 1541 1540 12119
9 1271 1272 1542 1541 12120
9 238 1513 1333 239 12121
9 1513 1514 1334 1333 12122
9 1514 1515 1335 1334 12123
9 1515 1516 1336 1335 12124
9 1516 1517 1337 1336 12125
9 1517 1518 1338 1337 12126
9 1518 1519 1339 1338 12127
9 1519 1520 1340 1339 12128
9 1520 1521 1341 1340 12129
9 1521 1522 1342 1341 12130
9 1522 1523 1343 1342 12131
9 1523 1524 1344 1343 12132
9 1524 1525 1345 1344 12133
9 1525 1526 1346 1345 12134
9 1526 1527 1347 1346 12135
9 1527 1528 1348 1347 12136
9 1528 1529 1349 1348 12137
9 1529 1530 1350 1349 12138
9 1530 1531 1351 1350 12139
9 1531 1532 1352 1351 12140
9 1532 1533 1353 1352 12141
9 1533 1534 1354 1353 12142
9 1534 1535 1355 1354 12143
9 1535 1536 1356 1355 12144
9 1536 1537 1357 1356 12145
9 1537 1538 1358 1357 12146
9 1538 1539 1359 1358 12147
9 1539 1540 1360 1359 12148
9 1540 1541 1361 1360 12149
9 1541 1542 1362 1361 12150
9 239 1333 253 7 12151
9 1333 1334 254 253 12152
9 1334 1335 255 254 12153
9 1335 1336 256 255 12154
9 1336 1337 257 256 12155
9 1337 1338 258 257 12156
9 1338 1339 259 258 12157
9 1339 1340 260 259 12158
9 1340 1341 261 260 12159
9 1341 1342 262 261 12160
9 1342 1343 263 262 12161
9 1343 1344 264 263 12162
9 1344 1345 265 264 12163
9 1345 1346 266 265 12164
9 1346 1347 267 266 12165
9 1347 1348 268 267 12166
9 1348 1349 269 268 12167
9 1349 1350 270 269 12168
9 1350 1351 271 270 12169
9 1351 1352 272 271 12170
9 1352 1353 273 272 12171
9 1353 1354 274 273 12172
9 1354 1355 275 274 12173
9 1355 1356 276 275 12174
9 1356 1357 277 276 12175
9 1357 1358 278 277 12176
9 1358 1359 279 278 12177
9 1359 1360 280 279 12178
9 1360 1361 281 280 12179
9 1361 1362 282 281 12180
9 5 343 1153 214 12181
9 343 344 1154 1153 12182
9 344 345 1155 1154 12183
9 345 346 1156 1155 12184
9 346 347 1157 1156 12185
9 347 348 1158 1157 12186
9 348 349 1159 1158 12187
9 349 350 1160 1159 12188
9 350 351 1161 1160 12189
9 351 352 1162 1161 12190
9 352 353 1163 1162 12191
9 353 354 1164 1163 12192
9 354 355 1165 1164 12193
9 355 356 1166 1165 12194
9 356 357 1167 1166 12195
9 357 358 1168 1167 12196
9 358 359 1169 1168 12197
9 359 360 1170 1169 12198
9 360 361 1171 1170 12199
9 361 362 1172 1171 12200
9 362 363 1173 1172 12201
9 363 364 1174 1173 12202
9 364 365 1175 1174 12203
9 365 366 1176 1175 12204
9 366 367 1177 1176 12205
9 367 368 1178 1177 12206
9 368 369 1179 1178 12207
9 369 370 1180 1179 12208
9 370 371 1181 1180 12209
9 371 372 1182 1181 12210
9 214 1153 823 215 12211
9 1153 1154 824 823 12212
9 1154 1155 825 824 12213
9 1155 1156 826 825 12214
9 1156 1157 827 826 12215
9 1157 1158 828 827 12216
9 1158 1159 829 828 12217
9 1159 1160 830 829 12218
9 1160 1161 831 830 12219
9 1161 1162 832 831 12220
9 1162 1163 833 832 12221
9 1163 1164 834 833 12222
9 1164 1165 835 834 12223
9 1165 1166 836 835 12224
9 1166 1167 837 836 12225
9 1167 1168 838 837 12226
9 1168 1169 839 838 12227
9 1169 1170 840 839 12228
9 1170 1171 841 840 12229
9 1171 1172 842 841 12230
9 1172 1173 843 842 12231
9 1173 1174 844 843 12232
9 1174 1175 845 844 12233
9 1175 1176 846 845 12234
9 1176 1177 847 846 12235
9 1177 1178 848 847 12236
9 1178 1179 849 848 12237
9 1179 1180 850 849 12238
9 1180 1181 851 850 12239
9 1181 1182 852 851 12240
9 216 1363 883 217 12241
9 1363 1364 884 883 12242
9 1364 1365 885 884 12243
9 1365 1366 886 885 12244
9 1366 1367 887 886 12245
9 1367 1368 888 887 12246
9 1368 1369 889 888 12247
9 1369 1370 890 889 12248
9 1370 1371 891 890 12249
9 1371 1372 892 891 12250
9 1372 1373 893 892 12251
9 1373 1374 894 893 12252
9 1374 1375 895 894 12253
9 1375 1376 896 895 12254
9 1376 1377 897 896 12255
9 1377 1378 898 897 12256
9 1378 1379 899 898 12257
9 1379 1380 900 899 12258
9 1380 1381 901 900 12259
9 1381 1382 902 901 12260
9 1382 1383 903 902 12261
9 1383 1384 904 903 12262
9 1384 1385 905 904 12263
9 1385 1386 906 905 12264
9 1386 1387 907 906 12265
9 1387 1388 908 907 12266
9 1388 1389 909 908 12267
9 1389 1390 910 909 12268
9 1390 1391 911 910 12269
9 1391 1392 912 911 12270
9 215 823 1363 216 12271
9 823 824 1364 1363 12272
9 824 825 1365 1364 12273
9 825 826 1366 1365 12274
9 826 827 1367 1366 12275
9 827 828 1368 1367 12276
9 828 829 1369 1368 12277
9 829 830 1370 1369 12278
9 830 831 1371 1370 12279
9 831 832 1372 1371 12280
9 832 833 1373 1372 12281
9 833 834 1374 1373 12282
9 834 835 1375 1374 12283
9 835 836 1376 1375 12284
9 836 837 1377 1376 12285
9 837 838 1378 1377 12286
9 838 839 1379 1378 12287
9 839 840 1380 1379 12288
9 840 841 1381 1380 12289
9 841 842 1382 1381 12290
9 842 843 1383 1382 12291
9 843 844 1384 1383 12292
9 844 845 1385 1384 12293
9 845 846 1386 1385 12294
9 846 847 1387 1386 12295
9 847 848 1388 1387 12296
9 848 849 1389 1388 12297
9 849 850 1390 1389 12298
9 850 851 1391 1390 12299
9 851 852 1392 1391 12300
9 217 883 1693 218 12301
9 883 884 1694 1693 12302
9 884 885 1695 1694 12303
9 885 886 1696 1695 12304
9 886 887 1697 1696 12305
9 887 888 1698 1697 12306
9 888 889 1699 1698 12307
9 889 890 1700 1699 12308
9 890 891 1701 1700 12309
9 891 892 1702 1701 12310
9 892 893 1703 1702 12311
9 893 894 1704 1703 12312
9 894 895 1705 1704 12313
9 895 896 1706 1705 12314
9 896 897 1707 1706 12315
9 897 898 1708 1707 12316
9 898 899 1709 1708 12317
9 899 900 1710 1709 12318
9 900 901 1711 1710 12319
9 901 902 1712 1711 12320
9 902 903 1713 1712 12321
9 903 904 1714 1713 12322
9 904 905 1715 1714 12323
9 905 906 1716 1715 12324
9 906 907 1717 1716 12325
9 907 908 1718 1717 12326
9 908 909 1719 1718 12327
9 909 910 1720 1719 12328
9 910 911 1721 1720 12329
9 911 912 1722 1721 12330
9 218 1693 853 219 12331
9 1693 1694 854 853 12332
9 1694 1695 855 854 12333
9 1695 1696 856 855 12334
9 1696 1697 857 856 12335
9 1697 1698 858 857 12336
9 1698 1699 859 858 12337
9 1699 1700 860 859 12338
9 1700 1701 861 860 12339
9 1701 1702 862 861 12340
9 1702 1703 863 862 12341
9 1703 1704 864 863 12342
9 1704 1705 865 864 12343
9 1705 1706 866 865 12344
9 1706 1707 867 866 12345
9 1707 1708 868 867 12346
9 1708 1709 869 868 12347
9 1709 1710 870 869 12348
9 1710 1711 871 870 12349
9 1711 1712 872 871 12350
9 1712 1713 873 872 12351
9 1713 1714 874 873 12352
9 1714 1715 875 874 12353
9 1715 1716 876 875 12354
9 1716 1717 877 876 12355
9 1717 1718 878 877 12356
9 1718 1719 879 878 12357
9 1719 1720 880 879 12358
9 1720 1721 881 880 12359
9 1721 1722 882 881 12360
9 219 853 1063 220 12361
9 853 854 1064 1063 12362
9 854 855 1065 1064 12363
9 855 856 1066 1065 12364
9 856 857 1067 1066 12365
9 857 858 1068 1067 12366
9 858 859 1069 1068 12367
9 859 860 1070 1069 12368
9 860 861 1071 1070 12369
9 861 862 1072 1071 12370
9 862 863 1073 1072 12371
9 863 864 1074 1073 12372
9 864 865 1075 1074 12373
9 865 866 1076 1075 12374
9 866 867 1077 1076 12375
9 867 868 1078 1077 12376
9 868 869 1079 1078 12377
9 869 870 1080 1079 12378
9 870 871 1081 1080 12379
9 871 872 1082 1081 12380
9 872 873 1083 1082 12381
9 873 874 1084 1083 12382
9 874 875 1085 1084 12383
9 875 876 1086 1085 12384
9 876 877 1087 1086 12385
9 877 878 1088 1087 12386
9 878 879 1089 1088 12387
9 879 880 1090 1089 12388
9 880 881 1091 1090 12389
9 881 882 1092 1091 12390
9 220 1063 1123 221 12391
9 1063 1064 1124 1123 12392
9 1064 1065 1125 1124 12393
9 1065 1066 1126 1125 12394
9 1066 1067 1127 1126 12395
9 1067 1068 1128 1127 12396
9 1068 1069 1129 1128 12397
9 1069 1070 1130 1129 12398
9 1070 1071 1131 1130 12399
9 1071 1072 1132 1131 12400
9 1072 1073 1133 1132 12401
9 1073 1074 1134 1133 12402
9 1074 1075 1135 1134 12403
9 1075 1076 1136 1135 12404
9 1076 1077 1137 1136 12405
9 1077 1078 1138 1137 12406
9 1078 1079 1139 1138 12407
9 1079 1080 1140 1139 12408
9 1080 1081 1141 1140 12409
9 1081 1082 1142 1141 12410
9 1082 1083 1143 1142 12411
9 1083 1084 1144 1143 12412
9 1084 1085 1145 1144 12413
9 1085 1086 1146 1145 12414
9 1086 1087 1147 1146 12415
9 1087 1088 1148 1147 12416
9 1088 1089 1149 1148 12417
9 1089 1090 1150 1149 12418
9 1090 1091 1151 1150 12419
9 1091 1092 1152 1151 12420
9 221 1123 703 222 12421
9 1123 1124 704 703 12422
9 1124 1125 705 704 12423
9 1125 1126 706 705 12424
9 1126 1127 707 706 12425
9 1127 1128 708 707 12426
9 1128 1129 709 708 12427
9 1129 1130 710 709 12428
9 1130 1131 711 710 12429
9 1131 1132 712 711 12430
9 1132 1133 713 712 12431
9 1133 1134 714 713 12432
9 1134 1135 715 714 12433
9 1135 1136 716 715 12434
9 1136 1137 717 716 12435
9 1137 1138 718 717 12436
9 1138 1139 719 718 12437
9 1139 1140 720 719 12438
9 1140 1141 721 720 12439
9 1141 1142 722 721 12440
9 1142 1143 723 722 12441
9 1143 1144 724 723 12442
9 1144 1145 725 724 12443
9 1145 1146 726 725 12444
9 1146 1147 727 726 12445
9 1147 1148 728 727 12446
9 1148 1149 729 728 12447
9 1149 1150 730 729 12448
9 1150 1151 731 730 12449
9 1151 1152 732 731 12450
9 222 703 913 223 12451
9 703 704 914 913 12452
9 704 705 915 914 12453
9 705 706 916 915 12454
9 706 707 917 916 12455
9 707 708 918 917 12456
9 708 709 919 918 12457
9 709 710 920 919 12458
9 710 711 921 920 12459
9 711 712 922 921 12460
9 712 713 923 922 12461
9 713 714 924 923 12462
9 714 715 925 924 12463
9 715 716 926 925 12464
9 716 717 927 926 12465
9 717 718 928 927 12466
9 718 719 929 928 12467
9 719 720 930 929 12468
9 720 721 931 930 12469
9 721 722 932 931 12470
9 722 723 933 932 12471
9 723 724 934 933 12472
9 724 725 935 934 12473
9 725 726 936 935 12474
9 726 727 937 936 12475
9 727 728 938 937 12476
9 728 729 939 938 12477
9 729 730 940 939 12478
9 730 731 941 940 12479
9 731 732 942 941 12480
9 223 913 1873 224 12481
9 913 914 1874 1873 12482
9 914 915 1875 1874 12483
9 915 916 1876 1875 12484
9 916 917 1877 1876 12485
9 917 918 1878 1877 12486
9 918 919 1879 1878 12487
9 919 920 1880 1879 12488
9 920 921 1881 1880 12489
9 921 922 1882 1881 12490
9 922 923 1883 1882 12491
9 923 924 1884 1883 12492
9 924 925 1885 1884 12493
9 925 926 1886 1885 12494
9 926 927 1887 1886 12495
9 927 928 1888 1887 12496
9 928 929 1889 1888 12497
9 929 930 1890 1889 12498
9 930 931 1891 1890 12499
9 931 932 1892 1891 12500
9 932 933 1893 1892 12501
9 933 934 1894 1893 12502
9 934 935 1895 1894 12503
9 935 936 1896 1895 12504
9 936 937 1897 1896 12505
9 937 938 1898 1897 12506
9 938 939 1899 1898 12507
9 939 940 1900 1899 12508
9 940 941 1901 1900 12509
9 941 942 1902 1901 12510
9 224 1873 1213 225 12511
9 1873 1874 1214 1213 12512
9 1874 1875 1215 1214 12513
9 1875 1876 1216 1215 12514
9 1876 1877 1217 1216 12515
9 1877 1878 1218 1217 12516
9 1878 1879 1219 1218 12517
9 1879 1880 1220 1219 12518
9 1880 1881 1221 1220 12519
9 1881 1882 1222 1221 12520
9 1882 1883 1223 1222 12521
9 1883 1884 1224 1223 12522
9 1884 1885 1225 1224 12523
9 1885 1886 1226 1225 12524
9 1886 1887 1227 1226 12525
9 1887 1888 1228 1227 12526
9 1888 1889 1229 1228 12527
9 1889 1890 1230 1229 12528
9 1890 1891 1231 1230 12529
9 1891 1892 1232 1231 12530
9 1892 1893 1233 1232 12531
9 1893 1894 1234 1233 12532
9 1894 1895 1235 1234 12533
9 1895 1896 1236 1235 12534
9 1896 1897 1237 1236 12535
9 1897 1898 1238 1237 12536
9 1898 1899 1239 1238 12537
9 1899 1900 1240 1239 12538
9 1900 1901 1241 1240 12539
9 1901 1902 1242 1241 12540
9 225 1213 1633 226 12541
9 1213 1214 1634 1633 12542
9 1214 1215 1635 1634 12543
9 1215 1216 1636 1635 12544
9 1216 1217 1637 1636 12545
9 1217 1218 1638 1637 12546
9 1218 1219 1639 1638 12547
9 1219 1220 1640 1639 12548
9 1220 1221 1641 1640 12549
9 1221 1222 1642 1641 12550
9 1222 1223 1643 1642 12551
9 1223 1224 1644 1643 12552
9 1224 1225 1645 1644 12553
9 1225 1226 1646 1645 12554
9 1226 1227 1647 1646 12555
9 1227 1228 1648 1647 12556
9 1228 1229 1649 1648 12557
9 1229 1230 1650 1649 12558
9 1230 1231 1651 1650 12559
9 1231 1232 1652 1651 12560
9 1232 1233 1653 1652 12561
9 1233 1234 1654 1653 12562
9 1234 1235 1655 1654 12563
9 1235 1236 1656 1655 12564
9 1236 1237 1657 1656 12565
9 1237 1238 1658 1657 12566
9 1238 1239 1659 1658 12567
9 1239 1240 1660 1659 12568
9 1240 1241 1661 1660 12569
9 1241 1242 1662 1661 12570
9 226 1633 283 6 12571
9 1633 1634 284 283 12572
9 1634 1635 285 284 12573
9 1635 1636 286 285 12574
9 1636 1637 287 286 12575
9 1637 1638 288 287 12576
9 1638 1639 289 288 12577
9 1639 1640 290 289 12578
9 1640 1641 291 290 12579
9 1641 1642 292 291 12580
9 1642 1643 293 292 12581
9 1643 1644 294 293 12582
9 1644 1645 295 294 12583
9 1645 1646 296 295 12584
9 1646 1647 297 296 12585
9 1647 1648 298 297 12586
9 1648 1649 299 298 12587
9 1649 1650 300 299 12588
9 1650 1651 301 300 12589
9 1651 1652 302 301 12590
9 1652 1653 303 302 12591
9 1653 1654 304 303 12592
9 1654 1655 305 304 12593
9 1655 1656 306 305 12594
9 1656 1657 307 306 12595
9 1657 1658 308 307 12596
9 1658 1659 309 308 12597
9 1659 1660 310 309 12598
9 1660 1661 311 310 12599
9 1661 1662 312 311 12600
9 4 313 373 201 12601
9 313 314 374 373 12602
9 314 315 375 374 12603
9 315 316 376 375 12604
9 316 317 377 376 12605
9 317 318 378 377 12606
9 318 319 379 378 12607
9 319 320 380 379 12608
9 320 321 381 380 12609
9 321 322 382 381 12610
9 322 323 383 382 12611
9 323 324 384 383 12612
9 324 325 385 384 12613
9 325 326 386 385 12614
9 326 327 387 386 12615
9 327 328 388 387 12616
9 328 329 389 388 12617
9 329 330 390 389 12618
9 330 331 391 390 12619
9 331 332 392 391 12620
9 332 333 393 392 12621
9 333 334 394 393 12622
9 334 335 395 394 12623
9 335 336 396 395 12624
9 336 337 397 396 12625
9 337 338 398 397 12626
9 338 339 399 398 12627
9 339 340 400 399 12628
9 340 341 401 400 12629
9 341 342 402 401 12630
9 248 1903 643 249 12631
9 1903 1904 644 643 12632
9 1904 1905 645 644 12633
9 1905 1906 646 645 12634
9 1906 1907 647 646 12635
9 1907 1908 648 647 12636
9 1908 1909 649 648 12637
9 1909 1910 650 649 12638
9 1910 1911 651 650 12639
9 1911 1912 652 651 12640
9 1912 1913 653 652 12641
9 1913 1914 654 653 12642
9 1914 1915 655 654 12643
9 1915 1916 656 655 12644
9 1916 1917 657 656 12645
9 1917 1918 658 657 12646
9 1918 1919 659 658 12647
9 1919 1920 660 659 12648
9 1920 1921 661 660 12649
9 1921 1922 662 661 12650
9 1922 1923 663 662 12651
9 1923 1924 664 663 12652
9 1924 1925 665 664 12653
9 1925 1926 666 665 12654
9 1926 1927 667 666 12655
9 1927 1928 668 667 12656
9 1928 1929 669 668 12657
9 1929 1930 670 669 12658
9 1930 1931 671 670 12659
9 1931 1932 672 671 12660
9 249 643 733 250 12661
9 643 644 734 733 12662
9 644 645 735 734 12663
9 645 646 736 735 12664
9 646 647 737 736 12665
9 647 648 738 737 12666
9 648 649 739 738 12667
9 649 650 740 739 12668
9 650 651 741 740 12669
9 651 652 742 741 12670
9 652 653 743 742 12671
9 653 654 744 743 12672
9 654 655 745 744 12673
9 655 656 746 745 12674
9 656 657 747 746 12675
9 657 658 748 747 12676
9 658 659 749 748 12677
9 659 660 750 749 12678
9 660 661 751 750 12679
9 661 662 752 751 12680
9 662 663 753 752 12681
9 663 664 754 753 12682
9 664 665 755 754 12683
9 665 666 756 755 12684
9 666 667 757 756 12685
9 667 668 758 757 12686
9 668 669 759 758 12687
9 669 670 760 759 12688
9 670 671 761 760 12689
9 671 672 762 761 12690
9 201 373 403 202 12691
9 373 374 404 403 12692
9 374 375 405 404 12693
9 375 376 406 405 12694
9 376 377 407 406 12695
9 377 378 408 407 12696
9 378 379 409 408 12697
9 379 380 410 409 12698
9 380 381 411 410 12699
9 381 382 412 411 12700
9 382 383 413 412 12701
9 383 384 414 413 12702
9 384 385 415 414 12703
9 385 386 416 415 12704
9 386 387 417 416 12705
9 387 388 418 417 12706
9 388 389 419 418 12707
9 389 390 420 419 12708
9 390 391 421 420 12709
9 391 392 422 421 12710
9 392 393 423 422 12711
9 393 394 424 423 12712
9 394 395 425 424 12713
9 395 396 426 425 12714
9 396 397 427 426 12715
9 397 398 428 427 12716
9 398 399 429 428 12717
9 399 400 430 429 12718
9 400 401 431 430 12719
9 401 402 432 431 12720
9 202 403 433 203 12721
9 403 404 434 433 12722
9 404 405 435 434 12723
9 405 406 436 435 12724
9 406 407 437 436 12725
9 407 408 438 437 12726
9 408 409 439 438 12727
9 409 410 440 439 12728
9 410 411 441 440 12729
9 411 412 442 441 12730
9 412 413 443 442 12731
9 413 414 444 443 12732
9 414 415 445 444 12733
9 415 416 446 445 12734
9 416 417 447 446 12735
9 417 418 448 447 12736
9 418 419 449 448 12737
9 419 420 450 449 12738
9 420 421 451 450 12739
9 421 422 452 451 12740
9 422 423 453 452 12741
9 423 424 454 453 12742
9 424 425 455 454 12743
9 425 426 456 455 12744
9 426 427 457 456 12745
9 427 428 458 457 12746
9 428 429 459 458 12747
9 429 430 460 459 12748
9 430 431 461 460 12749
9 431 432 462 461 12750
9 203 433 463 204 12751
9 433 434 464 463 12752
9 434 435 465 464 12753
9 435 436 466 465 12754
9 436 437 467 466 12755
9 437 438 468 467 12756
9 438 439 469 468 12757
9 439 440 470 469 12758
9 440 441 471 470 12759
9 441 442 472 471 12760
9 442 443 473 472 12761
9 443 444 474 473 12762
9 444 445 475 474 12763
9 445 446 476 475 12764
9 446 447 477 476 12765
9 447 448 478 477 12766
9 448 449 479 478 12767
9 449 450 480 479 12768
9 450 451 481 480 12769
9 451 452 482 481 12770
9 452 453 483 482 12771
9 453 454 484 483 12772
9 454 455 485 484 12773
9 455 456 486 485 12774
9 456 457 487 486 12775
9 457 458 488 487 12776
9 458 459 489 488 12777
9 459 460 490 489 12778
9 460 461 491 490 12779
9 461 462 492 491 12780
9 204 463 493 205 12781
9 463 464 494 493 12782
9 464 465 495 494 12783
9 465 466 496 495 12784
9 466 467 497 496 12785
9 467 468 498 497 12786
9 468 469 499 498 12787
9 469 470 500 499 12788
9 470 471 501 500 12789
9 471 472 502 501 12790
9 472 473 503 502 12791
9 473 474 504 503 12792
9 474 475 505 504 12793
9 475 476 506 505 12794
9 476 477 507 506 12795
9 477 478 508 507 12796
9 478 479 509 508 12797
9 479 480 510 509 12798
9 480 481 511 510 12799
9 481 482 512 511 12800
9 482 483 513 512 12801
9 483 484 514 513 12802
9 484 485 515 514 12803
9 485 486 516 515 12804
9 486 487 517 516 12805
9 487 488 518 517 12806
9 488 489 519 518 12807
9 489 490 520 519 12808
9 490 491 521 520 12809
9 491 492 522 521 12810
9 205 493 523 206 12811
9 493 494 524 523 12812
9 494 495 525 524 12813
9 495 496 526 525 12814
9 496 497 527 526 12815
9 497 498 528 527 12816
9 498 499 529 528 12817
9 499 500 530 529 12818
9 500 501 531 530 12819
9 501 502 532 531 12820
9 502 503 533 532 12821
9 503 504 534 533 12822
9 504 505 535 534 12823
9 505 506 536 535 12824
9 506 507 537 536 12825
9 507 508 538 537 12826
9 508 509 539 538 12827
9 509 510 540 539 12828
9 510 511 541 540 12829
9 511 512 542 541 12830
9 512 513 543 542 12831
9 513 514 544 543 12832
9 514 515 545 544 12833
9 515 516 546 545 12834
9 516 517 547 546 12835
9 517 518 548 547 12836
9 518 519 549 548 12837
9 519 520 550 549 12838
9 520 521 551 550 12839
9 521 522 552 551 12840
9 206 523 553 207 12841
9 523 524 554 553 12842
9 524 525 555 554 12843
9 525 526 556 555 12844
9 526 527 557 556 12845
9 527 528 558 557 12846
9 528 529 559 558 12847
9 529 530 560 559 12848
9 530 531 561 560 12849
9 531 532 562 561 12850
9 532 533 563 562 12851
9 533 534 564 563 12852
9 534 535 565 564 12853
9 535 536 566 565 12854
9 536 537 567 566 12855
9 537 538 568 567 12856
9 538 539 569 568 12857
9 539 540 570 569 12858
9 540 541 571 570 12859
9 541 542 572 571 12860
9 542 543 573 572 12861
9 543 544 574 573 12862
9 544 545 575 574 12863
9 545 546 576 575 12864
9 546 547 577 576 12865
9 547 548 578 577 12866
9 548 549 579 578 12867
9 549 550 580 579 12868
9 550 551 581 580 12869
9 551 552 582 581 12870
9 207 553 583 208 12871
9 553 554 584 583 12872
9 554 555 585 584 12873
9 555 556 586 585 12874
9 556 557 587 586 12875
9 557 558 588 587 12876
9 558 559 589 588 12877
9 559 560 590 589 12878
9 560 561 591 590 12879
9 561 562 592 591 12880
9 562 563 593 592 12881
9 563 564 594 593 12882
9 564 565 595 594 12883
9 565 566 596 595 12884
9 566 567 597 596 12885
9 567 568 598 597 12886
9 568 569 599 598 12887
9 569 570 600 599 12888
9 570 571 601 600 12889
9 571 572 602 601 12890
9 572 573 603 602 12891
9 573 574 604 603 12892
9 574 575 605 604 12893
9 575 576 606 605 12894
9 576 577 607 606 12895
9 577 578 608 607 12896
9 578 579 609 608 12897
9 579 580 610 609 12898
9 580 581 611 610 12899
9 581 582 612 611 12900
9 208 583 1603 209 12901
9 583 584 1604 1603 12902
9 584 585 1605 1604 12903
9 585 586 1606 1605 12904
9 586 587 1607 1606 12905
9 587 588 1608 1607 12906
9 588 589 1609 1608 12907
9 589 590 1610 1609 12908
9 590 591 1611 1610 12909
9 591 592 1612 1611 12910
9 592 593 1613 1612 12911
9 593 594 1614 1613 12912
9 594 595 1615 1614 12913
9 595 596 1616 1615 12914
9 596 597 1617 1616 12915
9 597 598 1618 1617 12916
9 598 599 1619 1618 12917
9 599 600 1620 1619 12918
9 600 601 1621 1620 12919
9 601 602 1622 1621 12920
9 602 603 1623 1622 12921
9 603 604 1624 1623 12922
9 604 605 1625 1624 12923
9 605 606 1626 1625 12924
9 606 607 1627 1626 12925
9 607 608 1628 1627 12926
9 608 609 1629 1628 12927
9 609 610 1630 1629 12928
9 610 611 1631 1630 12929
9 611 612 1632 1631 12930
9 210 1573 1393 211 12931
9 1573 1574 1394 1393 12932
9 1574 1575 1395 1394 12933
9 1575 1576 1396 1395 12934
9 1576 1577 1397 1396 12935
9 1577 1578 1398 1397 12936
9 1578 1579 1399 1398 12937
9 1579 1580 1400 1399 12938
9 1580 1581 1401 1400 12939
9 1581 1582 1402 1401 12940
9 1582 1583 1403 1402 12941
9 1583 1584 1404 1403 12942
9 1584 1585 1405 1404 12943
9 1585 1586 1406 1405 12944
9 1586 1587 1407 1406 12945
9 1587 1588 1408 1407 12946
9 1588 1589 1409 1408 12947
9 1589 1590 1410 1409 12948
9 1590 1591 1411 1410 12949
9 1591 1592 1412 1411 12950
9 1592 1593 1413 1412 12951
9 1593 1594 1414 1413 12952
9 1594 1595 1415 1414 12953
9 1595 1596 1416 1415 12954
9 1596 1597 1417 1416 12955
9 1597 1598 1418 1417 12956
9 1598 1599 1419 1418 12957
9 1599 1600 1420 1419 12958
9 1600 1601 1421 1420 12959
9 1601 1602 1422 1421 12960
9 209 1603 1573 210 12961
9 1603 1604 1574 1573 12962
9 1604 1605 1575 1574 12963
9 1605 1606 1576 1575 12964
9 1606 1607 1577 1576 12965
9 1607 1608 1578 1577 12966
9 1608 1609 1579 1578 12967
9 1609 1610 1580 1579 12968
9 1610 1611 1581 1580 12969
9 1611 1612 1582 1581 12970
9 1612 1613 1583 1582 12971
9 1613 1614 1584 1583 12972
9 1614 1615 1585 1584 12973
9 1615 1616 1586 1585 12974
9 1616 1617 1587 1586 12975
9 1617 1618 1588 1587 12976
9 1618 1619 1589 1588 12977
9 1619 1620 1590 1589 12978
9 1620 1621 1591 1590 12979
9 1621 1622 1592 1591 12980
9 1622 1623 1593 1592 12981
9 1623 1624 1594 1593 12982
9 1624 1625 1595 1594 12983
9 1625 1626 1596 1595 12984
9 1626 1627 1597 1596 12985
9 1627 1628 1598 1597 12986
9 1628 1629 1599 1598 12987
9 1629 1630 1600 1599 12988
9 1630 1631 1601 1600 12989
9 1631 1632 1602 1601 12990
9 211 1393 1423 212 12991
9 1393 1394 1424 1423 12992
9 1394 1395 1425 1424 12993
9 1395 1396 1426 1425 12994
9 1396 1397 1427 1426 12995
9 1397 1398 1428 1427 12996
9 1398 1399 1429 1428 12997
9 1399 1400 1430 1429 12998
9 1400 1401 1431 1430 12999
9 1401 1402 1432 1431 13000
9 1402 1403 1433 1432 13001
9 1403 1404 1434 1433 13002
9 1404 1405 1435 1434 13003
9 1405 1406 1436 1435 13004
9 1406 1407 1437 1436 13005
9 1407 1408 1438 1437 13006
9 1408 1409 1439 1438 13007
9 1409 1410 1440 1439 13008
9 1410 1411 1441 1440 13009
9 1411 1412 1442 1441 13010
9 1412 1413 1443 1442 13011
9 1413 1414 1444 1443 13012
9 1414 1415 1445 1444 13013
9 1415 1416 1446 1445 13014
9 1416 1417 1447 1446 13015
9 1417 1418 1448 1447 13016
9 1418 1419 1449 1448 13017
9 1419 1420 1450 1449 13018
9 1420 1421 1451 1450 13019
9 1421 1422 1452 1451 13020
9 212 1423 1183 213 13021
9 1423 1424 1184 1183 13022
9 1424 1425 1185 1184 13023
9 1425 1426 1186 1185 13024
9 1426 1427 1187 1186 13025
9 1427 1428 1188 1187 13026
9 1428 1429 1189 1188 13027
9 1429 1430 1190 1189 13028
9 1430 1431 1191 1190 13029
9 1431 1432 1192 1191 13030
9 1432 1433 1193 1192 13031
9 1433 1434 1194 1193 13032
9 1434 1435 1195 1194 13033
9 1435 1436 1196 1195 13034
9 1436 1437 1197 1196 13035
9 1437 1438 1198 1197 13036
9 1438 1439 1199 1198 13037
9 1439 1440 1200 1199 13038
9 1440 1441 1201 1200 13039
9 1441 1442 1202 1201 13040
9 1442 1443 1203 1202 13041
9 1443 1444 1204 1203 13042
9 1444 1445 1205 1204 13043
9 1445 1446 1206 1205 13044
9 1446 1447 1207 1206 13045
9 1447 1448 1208 1207 13046
9 1448 1449 1209 1208 13047
9 1449 1450 1210 1209 13048
9 1450 1451 1211 1210 13049
9 1451 1452 1212 1211 13050
9 213 1183 343 5 13051
9 1183 1184 344 343 13052
9 1184 1185 345 344 13053
9 1185 1186 346 345 13054
9 1186 1187 347 346 13055
9 1187 1188 348 347 13056
9 1188 1189 349 348 13057
9 1189 1190 350 349 13058
9 1190 1191 351 350 13059
9 1191 1192 352 351 13060
9 1192 1193 353 352 13061
9 1193 1194 354 353 13062
9 1194 1195 355 354 13063
9 1195 1196 356 355 13064
9 1196 1197 357 356 13065
9 1197 1198 358 357 13066
9 1198 1199 359 358 13067
9 1199 1200 360 359 13068
9 1200 1201 361 360 13069
9 1201 1202 362 361 13070
9 1202 1203 363 362 13071
9 1203 1204 364 363 13072
9 1204 1205 365 364 13073
9 1205 1206 366 365 13074
9 1206 1207 367 366 13075
9 1207 1208 368 367 13076
9 1208 1209 369 368 13077
9 1209 1210 370 369 13078
9 1210 1211 371 370 13079
9 1211 1212 372 371 13080
NPOIN= 7507
0 0 0
2.2 0 1
2.2 0.41 2
0 0.41 3
0.25 0.2 4
0.2 0.25 5
0.15 0.2 6
0.2 0.15 7
0.02987685669380267 0 8
0.05963620339167108 0 9
0.08782018207826776 0 10
0.1143232948127047 0 11
0.1395466337982564 0 12
0.1637027799094505 0 13
0.1867451756960507 0 14
0.2093437649120898 0 15
0.2319173899696296 0 16
0.2544910150271694 0 17
0.2770646400847092 0 18
0.299638265142249 0 19
0.3222118901997888 0 20
0.3447855152573286 0 21
0.3673591403148684 0 22
0.3899327653724082 0 23
0.4125063904299479 0 24
0.4350800154874877 0 25
0.4576536405450276 0 26
0.4802272656025673 0 27
0.5028008906601072 0 28
0.525374515717647 0 29
0.5479481407751868 0 30
0.5705217658327266 0 31
0.5930953908902664 0 32
0.6156690159478063 0 33
0.6382426410053461 0 34
0.660816266062886 0 35
0.6833898911204258 0 36
0.7059635161779656 0 37
0.7285371412355055 0 38
0.7511107662930452 0 39
0.7736843913505851 0 40
0.7962580164081248 0 41
0.8188316414656647 0 42
0.8414052665232044 0 43
0.8639788915807444 0 44
0.8865525166382842 0 45
0.9091261416958241 0 46
0.9316997667533637 0 47
0.9542733918109036 0 48
0.9768470168684437 0 49
0.9994206419259833 0 50
1.021994266983523 0 51
1.044567892041063 0 52
1.067141517098603 0 53
1.089715142156143 0 54
1.112308774971465 0 55
1.135318262657967 0 56
1.159467595016279 0 57
1.1854799272266 0 58
1.214063729104507 0 59
1.24394058579831 0 60
1.273817442492113 0 61
1.303694299185916 0 62
1.333571155879718 0 63
1.363448012573521 0 64
1.393324869267323 0 65
1.423201725961126 0 66
1.453078582654929 0 67
1.482955439348731 0 68
1.512832296042534 0 69
1.542709152736337 0 70
1.572586009430139 0 71
1.602462866123942 0 72
1.632339722817746 0 73
1.662216579511548 0 74
1.692093436205351 0 75
1.721970292899154 0 76
1.751847149592957 0 77
1.78172400628676 0 78
1.811600862980562 0 79
1.841477719674365 0 80
1.871354576368168 0 81
1.901231433061971 0 82
1.931108289755774 0 83
1.960985146449577 0 84
1.99086200314338 0 85
2.020738859837182 0 86
2.050615716530985 0 87
2.080492573224789 0 88
2.110369429918591 0 89
2.140246286612395 0 90
2.170123143306197 0 91
2.2 0.02928571428571423 92
2.2 0.05857142857142844 93
2.2 0.08785714285714263 94
2.2 0.1171428571428568 95
2.2 0.1464285714285712 96
2.2 0.1757142857142855 97
2.2 0.2049999999999998 98
2.2 0.2342857142857141 99
2.2 0.2635714285714283 100
2.2 0.2928571428571426 101
2.2 0.322142857142857 102
2.2 0.3514285714285713 103
2.2 0.3807142857142857 104
2.170089899911811 0.41 105
2.140179799823622 0.41 106
2.110269699735433 0.41 107
2.080359599647244 0.41 108
2.050449499559055 0.41 109
2.020539399470866 0.41 110
1.990629299382678 0.41 111
1.960719199294489 0.41 112
1.9308090992063 0.41 113
1.900898999118111 0.41 114
1.870988899029922 0.41 115
1.841078798941733 0.41 116
1.811168698853544 0.41 117
1.781258598765355 0.41 118
1.751348498677166 0.41 119
1.721438398588977 0.41 120
1.691528298500788 0.41 121
1.661618198412599 0.41 122
1.63170809832441 0.41 123
1.601797998236221 0.41 124
1.571887898148032 0.41 125
1.541977798059844 0.41 126
1.512067697971655 0.41 127
1.482157597883466 0.41 128
1.452247497795277 0.41 129
1.422337397707088 0.41 130
1.392427297618899 0.41 131
1.36251719753071 0.41 132
1.332607097442521 0.41 133
1.302696997354332 0.41 134
1.272786897266143 0.41 135
1.242876797177954 0.41 136
1.212966697089765 0.41 137
1.183619619604683 0.41 138
1.156560334995019 0.41 139
1.131243316350125 0.41 140
1.106912149023054 0.41 141
1.082848098243359 0.41 142
1.058787084394638 0.41 143
1.034726070545917 0.41 144
1.010665056697196 0.41 145
0.9866040428484757 0.41 146
0.9625430289997547 0.41 147
0.938482015151034 0.41 148
0.9144210013023131 0.41 149
0.8903599874535921 0.41 150
0.8662989736048714 0.41 151
0.8422379597561505 0.41 152
0.8181769459074297 0.41 153
0.7941159320587088 0.41 154
0.7700549182099881 0.41 155
0.7459939043612671 0.41 156
0.7219328905125462 0.41 157
0.6978718766638254 0.41 158
0.6738108628151045 0.41 159
0.6497498489663838 0.41 160
0.6256888351176628 0.41 161
0.6016278212689419 0.41 162
0.5775668074202212 0.41 163
0.5535057935715002 0.41 164
0.5294447797227795 0.41 165
0.5053837658740585 0.41 166
0.4813227520253378 0.41 167
0.4572617381766169 0.41 168
0.4332007243278964 0.41 169
0.4091397104791752 0.41 170
0.385078696630454 0.41 171
0.3610176827817331 0.41 172
0.3369566689330123 0.41 173
0.3128956550842912 0.41 174
0.2888346412355702 0.41 175
0.2647736273868491 0.41 176
0.2407126135381281 0.41 177
0.2166515996894072 0.41 178
0.1925868401303403 0.41 179
0.1682429384648056 0.41 180
0.1429386273402651 0.41 181
0.1166151839143041 0.41 182
0.08904061065836233 0.41 183
0.05982020017637835 0.41 184
0.0299101000881894 0.41 185
0 0.3812793708901967 186
0 0.3525587417803934 187
0 0.324652290194217 188
0 0.2984659604768744 189
0 0.2736406345183746 190
0 0.2498304126900568 191
0 0.2267056308612306 192
0 0.2039476899489571 193
0 0.181243874942554 194
0 0.1582825638541898 195
0 0.1347477354654278 196
0 0.1103141667715038 197
0 0.08464220185756682 198
0 0.05737249686281226 199
0 0.02872062910980339 200
0.2496856104946621 0.2055982238051654 201
0.2487463956090912 0.2111260466978157 202
0.2471941665154184 0.2165139530977583 203
0.245048443395121 0.2216941869558778 204
0.2423362099614143 0.2266016038257667 205
0.2390915741234016 0.2311744900929366 206
0.2353553390593275 0.2353553390593273 207
0.2311744900929368 0.2390915741234014 208
0.2266016038257669 0.2423362099614141 209
0.221694186955878 0.2450484433951209 210
0.2165139530977584 0.2471941665154183 211
0.2111260466978158 0.2487463956090912 212
0.2055982238051655 0.2496856104946621 213
0.1944017761948346 0.2496856104946621 214
0.1888739533021843 0.2487463956090912 215
0.1834860469022417 0.2471941665154184 216
0.1783058130441222 0.245048443395121 217
0.1733983961742333 0.2423362099614143 218
0.1688255099070634 0.2390915741234015 219
0.1646446609406728 0.2353553390593275 220
0.1609084258765986 0.2311744900929368 221
0.1576637900385859 0.226601603825767 222
0.1549515566048791 0.221694186955878 223
0.1528058334845817 0.2165139530977584 224
0.1512536043909088 0.2111260466978158 225
0.1503143895053379 0.2055982238051654 226
0.1503143895053379 0.1944017761948346 227
0.1512536043909088 0.1888739533021843 228
0.1528058334845816 0.1834860469022417 229
0.154951556604879 0.1783058130441222 230
0.1576637900385858 0.1733983961742332 231
0.1609084258765985 0.1688255099070634 232
0.1646446609406726 0.1646446609406727 233
0.1688255099070632 0.1609084258765986 234
0.1733983961742331 0.1576637900385859 235
0.178305813044122 0.1549515566048791 236
0.1834860469022416 0.1528058334845817 237
0.1888739533021842 0.1512536043909088 238
0.1944017761948346 0.1503143895053379 239
0.2055982238051654 0.1503143895053379 240
0.2111260466978157 0.1512536043909088 241
0.2165139530977583 0.1528058334845816 242
0.2216941869558778 0.154951556604879 243
0.2266016038257667 0.1576637900385858 244
0.2311744900929366 0.1609084258765985 245
0.2353553390593273 0.1646446609406725 246
0.2390915741234014 0.1688255099070632 247
0.2423362099614141 0.1733983961742331 248
0.2450484433951209 0.178305813044122 249
0.2471941665154183 0.1834860469022416 250
0.2487463956090912 0.1888739533021842 251
0.2496856104946621 0.1944017761948346 252
0.2000000559674433 0.14979968487506 253
0.20000011361391 0.1495933602963718 254
0.2000001729897707 0.149380845980323 255
0.2000002341469072 0.1491619562347927 256
0.2000002971387578 0.1489364997968965 257
0.2000003620203639 0.1487042796658634 258
0.2000004288484182 0.1484650929308993 259
0.2000004976813141 0.1482187305938863 260
0.2000005685791969 0.1479649773867629 261
0.2000006416040162 0.1477036115834258 262
0.2000007168195801 0.1474344048059885 263
0.2000007942916109 0.1471571218252282 264
0.2000008740878025 0.1468715203550451 265
0.2000009562778801 0.1465773508407564 266
0.2000010409336598 0.1462743562410391 267
0.200001128129113 0.1459622718033303 268
0.2000012179404298 0.1456408248324902 269
0.200001310446086 0.1453097344525249 270
0.2000014057269121 0.1449687113611607 271
0.2000015038661628 0.1446174575770555 272
0.200001604949591 0.1442556661794272 273
0.2000017090655221 0.14388302103987 274
0.2000018163049312 0.1434991965461261 275
0.2000019267615225 0.1431038573175699 276
0.2000020405318115 0.142696657912157 277
0.2000021577152092 0.1422772425245817 278
0.2000022784141089 0.1418452446753792 279
0.2000024027339755 0.1414002868907006 280
0.2000025307834382 0.1409419803724816 281
0.2000026626743847 0.140469924658716 282
0.14979968487506 0.1999999440325566 283
0.1495933602963718 0.19999988638609 284
0.149380845980323 0.1999998270102293 285
0.1491619562347927 0.1999997658530928 286
0.1489364997968965 0.1999997028612422 287
0.1487042796658634 0.199999637979636 288
0.1484650929308993 0.1999995711515818 289
0.1482187305938862 0.1999995023186858 290
0.1479649773867628 0.199999431420803 291
0.1477036115834258 0.1999993583959837 292
0.1474344048059886 0.1999992831804199 293
0.1471571218252282 0.1999992057083891 294
0.146871520355045 0.1999991259121974 295
0.1465773508407564 0.1999990437221199 296
0.1462743562410391 0.1999989590663402 297
0.1459622718033303 0.199998871870887 298
0.1456408248324902 0.1999987820595702 299
0.1453097344525249 0.1999986895539139 300
0.1449687113611607 0.199998594273088 301
0.1446174575770555 0.1999984961338372 302
0.1442556661794272 0.199998395050409 303
0.1438830210398701 0.1999982909344779 304
0.1434991965461261 0.1999981836950688 305
0.1431038573175699 0.1999980732384775 306
0.142696657912157 0.1999979594681884 307
0.1422772425245817 0.1999978422847907 308
0.1418452446753792 0.199997721585891 309
0.1414002868907006 0.1999975972660244 310
0.1409419803724816 0.1999974692165618 311
0.1404699246587161 0.1999973373256152 312
0.25020031512494 0.1999999440325566 313
0.2504066397036282 0.19999988638609 314
0.250619154019677 0.1999998270102293 315
0.2508380437652074 0.1999997658530928 316
0.2510635002031035 0.1999997028612422 317
0.2512957203341366 0.199999637979636 318
0.2515349070691008 0.1999995711515818 319
0.2517812694061138 0.1999995023186858 320
0.2520350226132372 0.199999431420803 321
0.2522963884165742 0.1999993583959837 322
0.2525655951940114 0.1999992831804199 323
0.2528428781747718 0.1999992057083891 324
0.253128479644955 0.1999991259121974 325
0.2534226491592436 0.1999990437221199 326
0.2537256437589609 0.1999989590663402 327
0.2540377281966697 0.199998871870887 328
0.2543591751675098 0.1999987820595702 329
0.2546902655474751 0.1999986895539139 330
0.2550312886388393 0.199998594273088 331
0.2553825424229446 0.1999984961338372 332
0.2557443338205728 0.199998395050409 333
0.25611697896013 0.1999982909344779 334
0.2565008034538739 0.1999981836950688 335
0.2568961426824301 0.1999980732384775 336
0.257303342087843 0.1999979594681884 337
0.2577227574754183 0.1999978422847907 338
0.2581547553246208 0.199997721585891 339
0.2585997131092994 0.1999975972660244 340
0.2590580196275184 0.1999974692165618 341
0.2595300753412839 0.1999973373256152 342
0.1999999440325566 0.25020031512494 343
0.1999998863860899 0.2504066397036282 344
0.1999998270102292 0.250619154019677 345
0.1999997658530928 0.2508380437652074 346
0.1999997028612421 0.2510635002031035 347
0.199999637979636 0.2512957203341366 348
0.1999995711515817 0.2515349070691008 349
0.1999995023186858 0.2517812694061137 350
0.199999431420803 0.2520350226132371 351
0.1999993583959837 0.2522963884165743 352
0.1999992831804198 0.2525655951940114 353
0.199999205708389 0.2528428781747718 354
0.1999991259121974 0.2531284796449549 355
0.1999990437221199 0.2534226491592436 356
0.1999989590663401 0.2537256437589609 357
0.1999988718708869 0.2540377281966697 358
0.1999987820595701 0.2543591751675098 359
0.1999986895539139 0.2546902655474751 360
0.1999985942730879 0.2550312886388393 361
0.1999984961338371 0.2553825424229445 362
0.199998395050409 0.2557443338205728 363
0.1999982909344779 0.25611697896013 364
0.1999981836950687 0.2565008034538739 365
0.1999980732384774 0.2568961426824301 366
0.1999979594681884 0.257303342087843 367
0.1999978422847907 0.2577227574754183 368
0.199997721585891 0.2581547553246208 369
0.1999975972660244 0.2585997131092995 370
0.1999974692165617 0.2590580196275184 371
0.1999973373256152 0.259530075341284 372
0.2498846723465067 0.205620596367653 373
0.2500897060539067 0.2056436401070153 374
0.2503008907725287 0.2056673751585584 375
0.2505184110327093 0.2056918222616478 376
0.2507424569006954 0.2057170027778299 377
0.250973224144721 0.2057429387094975 378
0.2512109144060675 0.2057696527191151 379
0.2514557353752542 0.2057971681490212 380
0.2517079009735166 0.2058255090418246 381
0.2519676315397269 0.205854700161412 382
0.2522351540229235 0.205884767014587 383
0.2525107021806159 0.2059157358733573 384
0.2527945167830392 0.2059476337978907 385
0.2530868458235351 0.2059804886601601 386
0.253387944735246 0.2060143291682975 387
0.2536980766143081 0.2060491848916791 388
0.2540175124497421 0.2060850862867622 389
0.2543465313602392 0.2061220647236977 390
0.2546854208380511 0.2061601525137413 391
0.2550344770001974 0.2061993829374862 392
0.2553940048472081 0.2062397902739435 393
0.2557643185296291 0.2062814098304944 394
0.2561457416225228 0.2063242779737419 395
0.2565386074082032 0.2063684321612869 396
0.2569432591674542 0.2064139109744582 397
0.2573600504794825 0.2064607541520246 398
0.2577893455308717 0.206509002624918 399
0.2582315194338027 0.2065586985519982 400
0.2586869585538216 0.2066098853568908 401
0.259156060847441 0.2066626077659302 402
0.2489417008695551 0.2111705664422802 403
0.249142865287833 0.2112164217790787 404
0.2493500646386593 0.211263652775981 405
0.2495634799700103 0.2113123007027905 406
0.2497832977613018 0.2113624080674042 407
0.250009710086332 0.2114140186529564 408
0.2502429147811133 0.2114671775560751 409
0.2504831156167379 0.2115219312262874 410
0.2507305224774312 0.211578327506606 411
0.2509853515439454 0.2116364156753342 412
0.2512478254824549 0.2116962464891243 413
0.2515181736391199 0.2117578722273281 414
0.2517966322404847 0.2118213467376779 415
0.2520834445998904 0.2118867254833383 416
0.2523788613300784 0.2119540655913685 417
0.2526831405621719 0.2120234259026395 418
0.2529965481712283 0.2120948670232488 419
0.2533193580085564 0.2121684513774763 420
0.2536518521410043 0.2122442432623306 421
0.2539943210974256 0.2123223089037305 422
0.2543470641225396 0.2124027165143725 423
0.2547103894384071 0.2124855363533336 424
0.2550846145137505 0.2125708407874637 425
0.2554700663413543 0.2126587043546176 426
0.255867081723786 0.2127492038287862 427
0.2562760075676909 0.2128424182871798 428
0.2566972011869129 0.2129384291793252 429
0.2571310306147114 0.213037320398235 430
0.257577874925344 0.2131391783537121 431
0.2580381245652955 0.2132440920478535 432
0.2473832591075326 0.2165800601625821 433
0.2475780244774102 0.2166481504393506 434
0.2477786328083841 0.2167182834244221 435
0.2479852593892873 0.2167905203990458 436
0.2481980847676176 0.2168649244829082 437
0.2484172949072977 0.2169415606892864 438
0.2486430813511683 0.217020495981856 439
0.2488756413883551 0.2171017993332028 440
0.2491151782266573 0.2171855417850899 441
0.2493619011701087 0.2172717965105336 442
0.2496160258018636 0.2173606388777406 443
0.2498777741725712 0.2174521465159638 444
0.2501473749943999 0.2175463993833338 445
0.2504250638408836 0.2176434798367248 446
0.2507110833527617 0.2177434727037175 447
0.2510056834499962 0.2178464653567201 448
0.2513091215501477 0.2179525477893127 449
0.2516216627933038 0.2180618126948831 450
0.2519435802737545 0.2181743555476206 451
0.2522751552786189 0.2182902746859403 452
0.252616677533629 0.2184096713984095 453
0.2529684454562896 0.2185326500122528 454
0.2533307664166299 0.2186593179845114 455
0.2537039570057804 0.2187897859959378 456
0.2540883433126054 0.2189241680477069 457
0.2544842612086353 0.2190625815610291 458
0.254892056641546 0.2192051474797511 459
0.255312085937444 0.2193519903760346 460
0.2557447161122189 0.2195032385592067 461
0.2561903251922372 0.2196590241878739 462
0.2452289453698255 0.2217810500063645 463
0.2454148624037712 0.2218705189483658 464
0.2456063569487352 0.2219626719586271 465
0.2458035963300481 0.2220575895591962 466
0.2460067528928005 0.2221553546877824 467
0.2462160041524354 0.2222560527702262 468
0.2464315329498593 0.2223597717951433 469
0.246653527611206 0.222466602390808 470
0.2468821821123931 0.2225766379043425 471
0.2471176962486158 0.2226899744832831 472
0.2473602758089251 0.222806711159592 473
0.2476101327560437 0.2229269499361901 474
0.247867485411576 0.2230507958760861 475
0.2481325586467741 0.223178357194179 476
0.2484055840790282 0.2233097453518147 477
0.2486868002742499 0.2234450751541794 478
0.2489764529553283 0.2235844648506152 479
0.249274795216839 0.223728036237944 480
0.2495820877461952 0.2238759147668926 481
0.2498985990514319 0.2240282296517097 482
0.2502246056958257 0.2241851139830713 483
0.2505603925395514 0.2243467048443738 484
0.2509062529885888 0.2245131434315153 485
0.2512624892510974 0.2246845751762711 486
0.2516294126014812 0.2248611498733696 487
0.2520073436523765 0.225043021811381 488
0.2523966126347987 0.2252303499075328 489
0.2527975596866936 0.2254232978465691 490
0.2532105351501452 0.2256220342237765 491
0.2536358998775005 0.2258267326923001 492
0.2425058514016475 0.2267081305086573 493
0.2426805820850877 0.2268178529920346 494
0.2428605546890312 0.2269308671499132 495
0.2430459264710929 0.2270472717325282 496
0.2432368594066165 0.2271671684526216 497
0.2434335203302059 0.2272906620743178 498
0.2436360810815029 0.2274178605046649 499
0.2438447186553387 0.2275488748879224 500
0.2440596153563898 0.2276838197026777 501
0.2442809589584722 0.2278228128618756 502
0.2445089428686172 0.2279659758158494 503
0.2447437662960666 0.2281134336584425 504
0.2449856344263395 0.2282653152363133 505
0.2452347586005205 0.2284217532615203 506
0.2454913564999268 0.2285828844274835 507
0.2457556523363155 0.2287488495284256 508
0.2460278770477957 0.2289197935823959 509
0.2463082685006205 0.2290958659579854 510
0.2465970716970299 0.2292772205048425 511
0.2468945389893317 0.2294640156881053 512
0.2472009303004024 0.2296564147268661 513
0.2475165133508053 0.2298545857367896 514
0.2478415638927203 0.2300587018770109 515
0.2481763659508927 0.2302689415014388 516
0.2485212120708102 0.2304854883145995 517
0.2488764035743254 0.2307085315321551 518
0.249242250822946 0.2309382660462373 519
0.2496190734890252 0.231174892595742 520
0.2500072008350868 0.2314186179417318 521
0.2504069720015302 0.2316696550481013 522
0.2392482216896243 0.2312993407733855 523
0.2394095686828338 0.2314279369742479 524
0.2395757560858396 0.2315603910611361 525
0.2397469291109354 0.231696818770631 526
0.2399232373267843 0.2318373393114108 527
0.2401048347891086 0.2319820754684139 528
0.2402918801753026 0.2321311537101272 529
0.2404845369230824 0.2322847042990918 530
0.2406829733732956 0.2324428614057254 531
0.2408873629170152 0.232605763225558 532
0.2410978841470464 0.2327735520999855 533
0.2413147210139786 0.2329463746406459 534
0.2415380629869186 0.2331243818575261 535
0.2417681052190469 0.2333077292909127 536
0.242005048718139 0.2334965771473009 537
0.2422491005222039 0.2336910904393807 538
0.2425004738803909 0.233891439130223 539
0.2427593884393233 0.2340977982817905 540
0.2430260704350237 0.234310348207905 541
0.2433007528905952 0.234529274631803 542
0.2435836758198338 0.2347547688484179 543
0.2438750864369496 0.2349870278915313 544
0.2441752393725788 0.235226254705938 545
0.2444843968962769 0.235472658324777 546
0.2448028291456859 0.2357264540521811 547
0.2451308143625772 0.2359878636514073 548
0.2454686391359753 0.2362571155386104 549
0.2458165986525752 0.2365344449824295 550
0.2461749969546733 0.2368200943095632 551
0.2465441472058342 0.2371143131165109 552
0.2354970228175055 0.2354969436675879 553
0.2356429570884289 0.2356427964140962 554
0.23579326938748 0.2357930247429998 555
0.2359480910555026 0.2359477599217706 556
0.2361075573735659 0.2361071371559045 557
0.2362718076811711 0.2362712957070623 558
0.2364409854980044 0.2364403790147549 559
0.2366152386493428 0.2366145348216783 560
0.2367947193952212 0.2367939153028094 561
0.2369795845634761 0.2369786771983745 562
0.2371699956867787 0.2371689819508064 563
0.2373661191437801 0.2373649958458113 564
0.2375681263044919 0.2375668901576664 565
0.2377761936800248 0.2377748412988772 566
0.2379905030768238 0.2379890309743242 567
0.2382112417555267 0.2382096463400347 568
0.2384386025945907 0.2384368801667165 569
0.2386727842588267 0.2386709310081987 570
0.2389139913729896 0.2389120033749254 571
0.2391624347005775 0.2391603079126539 572
0.2394183313279931 0.2394160615865143 573
0.2396819048542311 0.2396794878705904 574
0.2399533855862562 0.2399508169431889 575
0.2402330107402422 0.2402302858879653 576
0.2405210246488476 0.240518138901085 577
0.2408176789747113 0.2408146275045983 578
0.2411232329303508 0.241120010766217 579
0.2414379535046596 0.2414345555256842 580
0.2417621156961975 0.2417585366279355 581
0.2420960027534816 0.2420922371632543 582
0.2312994282876042 0.2392481518993638 583
0.2314281146281115 0.2394094270086051 584
0.2315606615588341 0.2395755403711236 585
0.2316971848974785 0.2397466371345177 586
0.2318378039362821 0.2399228668008137 587
0.2319826415462498 0.2401043833570984 588
0.2321318242845165 0.2402913454100717 589
0.2322854825049313 0.2404839163246343 590
0.2324437504719585 0.2406822643666337 591
0.2326067664779965 0.2408865628498931 592
0.2327746729642157 0.2410969902876502 593
0.2329476166450214 0.2413137305485401 594
0.2331257486362514 0.2415369730172567 595
0.2333092245872181 0.2417669127600348 596
0.233498204816714 0.2420037506950962 597
0.2336928544530946 0.2422476937682095 598
0.2338933435785667 0.2424989551335162 599
0.234099847377803 0.242757754339782 600
0.2343125462910164 0.2430243175222359 601
0.2345316261716262 0.2432988776001633 602
0.2347572784486542 0.2435816744804286 603
0.2349897002939931 0.2438729552671018 604
0.2352290947946921 0.2441729744773753 605
0.2354756711304122 0.2444819942639569 606
0.2357296447562038 0.244800284644136 607
0.2359912375907692 0.2451281237357204 608
0.2362606782103716 0.2454657980000524 609
0.2365382020485619 0.2458136024923144 610
0.2368240516018981 0.2461718411193442 611
0.2371184766418343 0.2465408269051849 612
0.1732917747133651 0.1574942081513029 613
0.1731819546086711 0.1573195388074014 614
0.1730688399008363 0.1571396293831828 615
0.1729523317517665 0.1569543226762377 616
0.1728323283582246 0.1567634567680843 617
0.1727087248628764 0.1565668648826862 618
0.1725814132626677 0.1563643752407262 619
0.1724502823144529 0.1561558109095074 620
0.1723152174377915 0.155940989648352 621
0.1721761006148304 0.155719723749362 622
0.1720328102871803 0.1554918198734023 623
0.1718852212497008 0.1552570788811638 624
0.171733204541097 0.1550152956591581 625
0.1715766273312349 0.1547662589404923 626
0.171415352805077 0.1545097511202664 627
0.1712492400431345 0.1542455480654338 628
0.1710781438983335 0.1539734189189563 629
0.1709019148691886 0.1536931258980844 630
0.1707203989691694 0.1534044240865863 631
0.1705334375921496 0.1531070612207433 632
0.1703408673738191 0.152800777468925 633
0.1701425200489387 0.1524853052045522 634
0.169938222304312 0.1521603687722482 635
0.1697277956273464 0.151825684246975 636
0.1695110561500719 0.1514809591859437 637
0.1692878144884792 0.1511258923730814 638
0.1690578755770386 0.1507601735558333 639
0.1688210384982548 0.1503834831740677 640
0.1685770963071076 0.1499954920808491 641
0.1683258358502259 0.149595861254834 642
0.2452288968030982 0.1782188491437872 643
0.2454147638133148 0.1781292763264422 644
0.2456062068338379 0.178037016324577 645
0.2458033931449768 0.1779419885226558 646
0.2460064950454498 0.1778441098866769 647
0.246215690002937 0.1777432948916187 648
0.2464311608091487 0.1776394554467087 649
0.246653095739547 0.1775325008184515 650
0.246881688717857 0.1774223375513465 651
0.2471171394855164 0.1773088693862284 652
0.2473596537762056 0.1771919971761567 653
0.2476094434956154 0.1770716187997828 654
0.2478667269066076 0.1769476290721178 655
0.2481317288199295 0.1768199196526228 656
0.248404680790651 0.176688378950543 657
0.2486858213204943 0.1765528920274007 658
0.2489753960662329 0.1764133404965642 659
0.2492736580543435 0.1762696024198026 660
0.2495808679020974 0.1761215522007382 661
0.249897294045284 0.1759690604751018 662
0.2502232129727663 0.1758119939976963 663
0.250558909468073 0.1756502155259687 664
0.2509046768582388 0.1754835837000892 665
0.2512608172701097 0.1753119529194334 666
0.2516276418943367 0.1751351732153578 667
0.2520054712572904 0.1749530901201601 668
0.2523946355011328 0.1747655445321063 669
0.2527954746722906 0.174572372576411 670
0.253208339018583 0.1743734054620448 671
0.2536335892952641 0.1741684693342476 672
0.2165800601625821 0.1526167408924674 673
0.2166481504393506 0.1524219755225898 674
0.2167182834244221 0.1522213671916159 675
0.2167905203990458 0.1520147406107127 676
0.2168649244829082 0.1518019152323824 677
0.2169415606892865 0.1515827050927022 678
0.217020495981856 0.1513569186488317 679
0.2171017993332027 0.151124358611645 680
0.2171855417850899 0.1508848217733427 681
0.2172717965105335 0.1506380988298913 682
0.2173606388777406 0.1503839741981364 683
0.2174521465159638 0.1501222258274289 684
0.2175463993833338 0.1498526250056001 685
0.2176434798367248 0.1495749361591164 686
0.2177434727037175 0.1492889166472383 687
0.2178464653567201 0.1489943165500038 688
0.2179525477893127 0.1486908784498523 689
0.2180618126948831 0.1483783372066962 690
0.2181743555476207 0.1480564197262454 691
0.2182902746859403 0.1477248447213811 692
0.2184096713984095 0.1473833224663709 693
0.2185326500122527 0.1470315545437104 694
0.2186593179845114 0.1466692335833701 695
0.2187897859959378 0.1462960429942196 696
0.2189241680477069 0.1459116566873945 697
0.2190625815610291 0.1455157387913647 698
0.2192051474797511 0.145107943358454 699
0.2193519903760346 0.1446879140625559 700
0.2195032385592066 0.144255283887781 701
0.2196590241878739 0.1438096748077628 702
0.1574942081513029 0.2267082252866349 703
0.1573195388074013 0.2268180453913289 704
0.1571396293831828 0.2269311600991637 705
0.1569543226762378 0.2270476682482335 706
0.1567634567680842 0.2271676716417754 707
0.1565668648826862 0.2272912751371236 708
0.1563643752407262 0.2274185867373322 709
0.1561558109095074 0.2275497176855471 710
0.155940989648352 0.2276847825622085 711
0.155719723749362 0.2278238993851696 712
0.1554918198734023 0.2279671897128197 713
0.1552570788811638 0.2281147787502992 714
0.1550152956591581 0.2282667954589031 715
0.1547662589404922 0.2284233726687651 716
0.1545097511202664 0.228584647194923 717
0.1542455480654339 0.2287507599568656 718
0.1539734189189563 0.2289218561016665 719
0.1536931258980844 0.2290980851308114 720
0.1534044240865864 0.2292796010308306 721
0.1531070612207434 0.2294665624078505 722
0.1528007774689251 0.2296591326261809 723
0.1524853052045522 0.2298574799510613 724
0.1521603687722483 0.230061777695688 725
0.1518256842469751 0.2302722043726536 726
0.1514809591859437 0.2304889438499281 727
0.1511258923730815 0.2307121855115209 728
0.1507601735558333 0.2309421244229614 729
0.1503834831740677 0.2311789615017452 730
0.1499954920808492 0.2314229036928925 731
0.149595861254834 0.2316741641497742 732
0.2473832221377832 0.1834198341839441 733
0.2475779494288189 0.1833516350840977 734
0.2477785185385857 0.183281390011256 735
0.2479851047216456 0.1832090375862289 736
0.2481978884901972 0.1831345145884511 737
0.2484170557718053 0.1830577559007399 738
0.2486427980718617 0.1829786944523974 739
0.2488753126409198 0.1828972611606046 740
0.2491148026470497 0.1828133848700581 741
0.2493614773533634 0.1827269922907951 742
0.2496155523008665 0.1826380079341543 743
0.2498772494967948 0.1825463540468142 744
0.2501467976086009 0.1824519505428539 745
0.2504244321637612 0.1823547149337748 746
0.2507103957555762 0.1822545622564234 747
0.2510049382551458 0.1821514049987513 748
0.2513083170297024 0.1820451530233492 749
0.2516207971674957 0.181935713488685 750
0.2519426517094229 0.1818229907679808 751
0.2522741618876078 0.1817068863656555 752
0.2526156173711382 0.1815872988312605 753
0.2529673165191746 0.1814641236708336 754
0.2533295666416521 0.1813372532555939 755
0.253702684267804 0.181206576727897 756
0.2540869954227403 0.1810719799043692 757
0.2544828359123248 0.1809333451761356 758
0.2548905516165967 0.180790551406055 759
0.2553104987919969 0.1806434738228719 760
0.255743044382659 0.1804919839121933 761
0.256188566341041 0.1803359493041944 762
0.2354969436675878 0.1645029771824945 763
0.2356427964140962 0.1643570429115711 764
0.2357930247429998 0.1642067306125201 765
0.2359477599217705 0.1640519089444974 766
0.2361071371559045 0.1638924426264341 767
0.2362712957070623 0.163728192318829 768
0.2364403790147549 0.1635590145019956 769
0.2366145348216783 0.1633847613506573 770
0.2367939153028094 0.1632052806047788 771
0.2369786771983744 0.1630204154365239 772
0.2371689819508064 0.1628300043132214 773
0.2373649958458113 0.1626338808562198 774
0.2375668901576664 0.1624318736955082 775
0.2377748412988772 0.1622238063199752 776
0.2379890309743242 0.1620094969231763 777
0.2382096463400347 0.1617887582444734 778
0.2384368801667165 0.1615613974054094 779
0.2386709310081987 0.1613272157411734 780
0.2389120033749254 0.1610860086270104 781
0.2391603079126539 0.1608375652994225 782
0.2394160615865143 0.160581668672007 783
0.2396794878705905 0.160318095145769 784
0.2399508169431889 0.1600466144137438 785
0.2402302858879652 0.1597669892597579 786
0.240518138901085 0.1594789753511524 787
0.2408146275045983 0.1591823210252888 788
0.2411200107662169 0.1588767670696493 789
0.2414345555256843 0.1585620464953405 790
0.2417585366279354 0.1582378843038025 791
0.2420922371632543 0.1579039972465184 792
0.1687005717123958 0.1607518481006362 793
0.1685718853718885 0.1605905729913949 794
0.1684393384411659 0.1604244596288764 795
0.1683028151025215 0.1602533628654823 796
0.168162196063718 0.1600771331991864 797
0.1680173584537502 0.1598956166429016 798
0.1678681757154835 0.1597086545899283 799
0.1677145174950687 0.1595160836753657 800
0.1675562495280415 0.1593177356333663 801
0.1673932335220034 0.159113437150107 802
0.1672253270357843 0.1589030097123498 803
0.1670523833549785 0.1586862694514599 804
0.1668742513637487 0.1584630269827433 805
0.1666907754127819 0.1582330872399652 806
0.166501795183286 0.1579962493049038 807
0.1663071455469053 0.1577523062317905 808
0.1661066564214332 0.1575010448664839 809
0.1659001526221969 0.157242245660218 810
0.1656874537089836 0.1569756824777642 811
0.1654683738283739 0.1567011223998367 812
0.1652427215513458 0.1564183255195715 813
0.1650102997060069 0.1561270447328982 814
0.1647709052053078 0.1558270255226248 815
0.1645243288695878 0.1555180057360432 816
0.1642703552437962 0.1551997153558641 817
0.1640087624092308 0.1548718762642796 818
0.1637393217896285 0.1545342019999476 819
0.163461797951438 0.1541863975076857 820
0.1631759483981019 0.1538281588806559 821
0.1628815233581656 0.1534591730948152 822
0.1888294335577199 0.2489417008695551 823
0.1887835782209214 0.249142865287833 824
0.188736347224019 0.2493500646386592 825
0.1886876992972096 0.2495634799700102 826
0.1886375919325959 0.2497832977613018 827
0.1885859813470437 0.250009710086332 828
0.188532822443925 0.2502429147811132 829
0.1884780687737126 0.2504831156167379 830
0.188421672493394 0.2507305224774312 831
0.1883635843246658 0.2509853515439454 832
0.1883037535108758 0.2512478254824549 833
0.188242127772672 0.2515181736391198 834
0.1881786532623222 0.2517966322404847 835
0.1881132745166618 0.2520834445998904 836
0.1880459344086316 0.2523788613300784 837
0.1879765740973606 0.2526831405621719 838
0.1879051329767513 0.2529965481712283 839
0.1878315486225238 0.2533193580085564 840
0.1877557567376695 0.2536518521410043 841
0.1876776910962695 0.2539943210974256 842
0.1875972834856277 0.2543470641225397 843
0.1875144636466665 0.2547103894384071 844
0.1874291592125363 0.2550846145137505 845
0.1873412956453825 0.2554700663413542 846
0.1872507961712139 0.2558670817237861 847
0.1871575817128203 0.2562760075676909 848
0.1870615708206749 0.2566972011869129 849
0.186962679601765 0.2571310306147114 850
0.186860821646288 0.257577874925344 851
0.1867559079521466 0.2580381245652956 852
0.1687006592266146 0.2392482216896243 853
0.1685720630257521 0.2394095686828338 854
0.1684396089388639 0.2395757560858396 855
0.168303181229369 0.2397469291109355 856
0.1681626606885893 0.2399232373267843 857
0.1680179245315861 0.2401048347891085 858
0.1678688462898729 0.2402918801753026 859
0.1677152957009083 0.2404845369230824 860
0.1675571385942747 0.2406829733732956 861
0.1673942367744421 0.2408873629170152 862
0.1672264479000145 0.2410978841470464 863
0.1670536253593542 0.2413147210139785 864
0.166875618142474 0.2415380629869186 865
0.1666922707090873 0.2417681052190469 866
0.1665034228526991 0.242005048718139 867
0.1663089095606193 0.242249100522204 868
0.1661085608697771 0.2425004738803908 869
0.1659022017182096 0.2427593884393233 870
0.165689651792095 0.2430260704350237 871
0.1654707253681971 0.2433007528905952 872
0.1652452311515822 0.2435836758198338 873
0.1650129721084688 0.2438750864369495 874
0.1647737452940621 0.2441752393725788 875
0.1645273416752231 0.2444843968962769 876
0.164273545947819 0.2448028291456859 877
0.1640121363485927 0.2451308143625772 878
0.1637428844613897 0.2454686391359753 879
0.1634655550175705 0.2458165986525753 880
0.1631799056904368 0.2461749969546733 881
0.1628856868834891 0.2465441472058342 882
0.1782189499936355 0.2452289453698255 883
0.1781294810516343 0.2454148624037712 884
0.178037328041373 0.2456063569487352 885
0.1779424104408038 0.2458035963300481 886
0.1778446453122176 0.2460067528928005 887
0.1777439472297738 0.2462160041524354 888
0.1776402282048567 0.2464315329498593 889
0.1775333976091921 0.246653527611206 890
0.1774233620956575 0.246882182112393 891
0.1773100255167169 0.2471176962486157 892
0.1771932888404081 0.2473602758089251 893
0.17707305006381 0.2476101327560437 894
0.1769492041239139 0.2478674854115759 895
0.176821642805821 0.2481325586467741 896
0.1766902546481853 0.2484055840790282 897
0.1765549248458206 0.24868680027425 898
0.1764155351493848 0.2489764529553284 899
0.1762719637620561 0.2492747952168391 900
0.1761240852331074 0.2495820877461951 901
0.1759717703482903 0.2498985990514319 902
0.1758148860169287 0.2502246056958257 903
0.1756532951556262 0.2505603925395514 904
0.1754868565684847 0.2509062529885888 905
0.1753154248237289 0.2512624892510974 906
0.1751388501266304 0.2516294126014812 907
0.174956978188619 0.2520073436523765 908
0.1747696500924673 0.2523966126347987 909
0.1745767021534309 0.2527975596866935 910
0.1743779657762236 0.2532105351501452 911
0.1741732673076999 0.2536358998775005 912
0.1547711031969018 0.2217811508562129 913
0.1545852361866852 0.2218707236735578 914
0.1543937931661621 0.2219629836754231 915
0.1541966068550232 0.2220580114773442 916
0.1539935049545502 0.2221558901133231 917
0.1537843099970631 0.2222567051083813 918
0.1535688391908513 0.2223605445532913 919
0.1533469042604532 0.2224674991815486 920
0.153118311282143 0.2225776624486535 921
0.1528828605144836 0.2226911306137717 922
0.1526403462237944 0.2228080028238434 923
0.1523905565043846 0.2229283812002172 924
0.1521332730933924 0.2230523709278822 925
0.1518682711800705 0.2231800803473772 926
0.151595319209349 0.2233116210494571 927
0.1513141786795057 0.2234471079725993 928
0.1510246039337672 0.2235866595034358 929
0.1507263419456565 0.2237303975801974 930
0.1504191320979026 0.2238784477992618 931
0.150102705954716 0.2240309395248982 932
0.1497767870272337 0.2241880060023037 933
0.149441090531927 0.2243497844740313 934
0.1490953231417612 0.2245164162999108 935
0.1487391827298903 0.2246880470805666 936
0.1483723581056633 0.2248648267846422 937
0.1479945287427096 0.22504690987984 938
0.1476053644988672 0.2252344554678937 939
0.1472045253277094 0.225427627423589 940
0.146791660981417 0.2256265945379552 941
0.1463664107047359 0.2258315306657524 942
0.1574941485983525 0.1732918694913427 943
0.1573194179149123 0.1731821470079654 944
0.1571394453109688 0.1730691328500868 945
0.1569540735289071 0.1729527282674718 946
0.1567631405933835 0.1728328315473784 947
0.1565664796697941 0.1727093379256822 948
0.1563639189184971 0.1725821394953351 949
0.1561552813446613 0.1724511251120776 950
0.1559403846436103 0.1723161802973223 951
0.1557190410415278 0.1721771871381244 952
0.1554910571313828 0.1720340241841506 953
0.1552562337039334 0.1718865663415575 954
0.1550143655736606 0.1717346847636866 955
0.1547652413994796 0.1715782467384797 956
0.1545086435000732 0.1714171155725165 957
0.1542443476636846 0.1712511504715744 958
0.1539721229522043 0.1710802064176041 959
0.1536917314993795 0.1709041340420146 960
0.1534029283029701 0.1707227794951575 961
0.1531054610106685 0.1705359843118947 962
0.1527990696995977 0.1703435852731339 963
0.1524834866491948 0.1701454142632104 964
0.1521584361072797 0.1699412981229891 965
0.1518236340491074 0.1697310584985612 966
0.1514787879291898 0.1695145116854005 967
0.1511235964256746 0.1692914684678449 968
0.150757749177054 0.1690617339537627 969
0.1503809265109748 0.168825107404258 970
0.1499927991649133 0.1685813820582682 971
0.1495930279984699 0.1683303449518986 972
0.2489416759616996 0.1888293244292743 973
0.2491428147248863 0.188783356690177 974
0.2493499876509685 0.1887360099189069 975
0.2495633757648332 0.1886872427444986 976
0.249783165522114 0.1886370125548581 977
0.250009548972113 0.1885852754595284 978
0.2502427239256121 0.1885319862513387 979
0.2504828941277162 0.1884770983669034 980
0.2507302694358833 0.1884205638459351 981
0.2509850660032955 0.1883623332893376 982
0.2512475064677301 0.1883023558160423 983
0.2515178201460976 0.1882405790185481 984
0.2517962432348162 0.188176948917129 985
0.2520830190161965 0.1881114099126674 986
0.252378398071018 0.188043904738072 987
0.2526826384974842 0.1879743744082387 988
0.2529960061367444 0.1879027581685103 989
0.2533187748051824 0.1878289934415902 990
0.2536512265336736 0.1877530157728624 991
0.2539936518140194 0.1876747587740728 992
0.2543463498527757 0.1875941540653195 993
0.2547096288326947 0.1875111312153036 994
0.2550838061820112 0.1874256176797873 995
0.2554692088518072 0.1873375387382054 996
0.2558661736016971 0.1872468174283761 997
0.2562750472940837 0.1871533744792519 998
0.2566961871972419 0.187057128241654 999
0.2571299612974949 0.1869579946169281 1000
0.2575767486207553 0.1868558869834605 1001
0.2580369395637137 0.1867507161209889 1002
0.2498846598137757 0.1943792924012833 1003
0.2500896806124628 0.1943561340939254 1004
0.2503008520351105 0.1943322810373468 1005
0.2505183586004377 0.1943077123890709 1006
0.2507423903627247 0.1942824066813466 1007
0.2509731430778802 0.1942563418023907 1008
0.2512108183744904 0.194229494977066 1009
0.251455623929999 0.1942018427469817 1010
0.2517077736521728 0.1941733609499948 1011
0.2519674878660118 0.1941440246990982 1012
0.252234993506266 0.1941138083606748 1013
0.2525105243157277 0.1940826855320987 1014
0.2527943210494734 0.1940506290186653 1015
0.2530866316852315 0.1940176108098289 1016
0.2533877116400622 0.1939836020547274 1017
0.2536978239935379 0.1939485730369729 1018
0.2540172397176178 0.1939124931486857 1019
0.2543462379134203 0.1938753308637499 1020
0.2546851060550966 0.1938370537102661 1021
0.2550341402410233 0.1937976282421777 1022
0.2553936454525279 0.1937570200100467 1023
0.2557639358203775 0.1937151935309517 1024
0.2561453348992627 0.1936721122574839 1025
0.2565381759505144 0.1936277385458121 1026
0.2569428022333037 0.1935820336227901 1027
0.2573595673045765 0.1935349575520774 1028
0.2577888353279877 0.1934864691992434 1029
0.2582309813921011 0.1934365261958244 1030
0.258686391838138 0.1933850849023027 1031
0.2591554645975559 0.1933321003699755 1032
0.1501153276534932 0.194379403632347 1033
0.1499102939460932 0.1943563598929847 1034
0.1496991092274712 0.1943326248414416 1035
0.1494815889672906 0.1943081777383522 1036
0.1492575430993045 0.1942829972221701 1037
0.1490267758552789 0.1942570612905025 1038
0.1487890855939324 0.1942303472808849 1039
0.1485442646247457 0.1942028318509788 1040
0.1482920990264833 0.1941744909581755 1041
0.148032368460273 0.1941452998385881 1042
0.1477648459770764 0.194115232985413 1043
0.147489297819384 0.1940842641266428 1044
0.1472054832169607 0.1940523662021094 1045
0.1469131541764648 0.19401951133984 1046
0.146612055264754 0.1939856708317025 1047
0.1463019233856918 0.1939508151083209 1048
0.1459824875502578 0.1939149137132379 1049
0.1456534686397607 0.1938779352763023 1050
0.1453145791619488 0.1938398474862587 1051
0.1449655229998025 0.1938006170625138 1052
0.1446059951527918 0.1937602097260566 1053
0.1442356814703708 0.1937185901695056 1054
0.1438542583774771 0.1936757220262581 1055
0.1434613925917967 0.1936315678387132 1056
0.1430567408325457 0.1935860890255419 1057
0.1426399495205174 0.1935392458479754 1058
0.1422106544691282 0.193490997375082 1059
0.1417684805661972 0.1934413014480018 1060
0.1413130414461783 0.1933901146431092 1061
0.1408439391525589 0.1933373922340698 1062
0.1645030563324122 0.2354970228175055 1063
0.1643572035859038 0.2356429570884289 1064
0.1642069752570002 0.23579326938748 1065
0.1640522400782295 0.2359480910555026 1066
0.1638928628440955 0.2361075573735659 1067
0.1637287042929377 0.2362718076811711 1068
0.1635596209852451 0.2364409854980044 1069
0.1633854651783218 0.2366152386493428 1070
0.1632060846971907 0.2367947193952213 1071
0.1630213228016256 0.2369795845634761 1072
0.1628310180491936 0.2371699956867786 1073
0.1626350041541887 0.2373661191437802 1074
0.1624331098423336 0.2375681263044918 1075
0.1622251587011229 0.2377761936800248 1076
0.1620109690256758 0.2379905030768237 1077
0.1617903536599653 0.2382112417555267 1078
0.1615631198332835 0.2384386025945907 1079
0.1613290689918013 0.2386727842588266 1080
0.1610879966250747 0.2389139913729896 1081
0.1608396920873462 0.2391624347005775 1082
0.1605839384134857 0.2394183313279931 1083
0.1603205121294096 0.2396819048542311 1084
0.1600491830568112 0.2399533855862562 1085
0.1597697141120348 0.2402330107402421 1086
0.159481861098915 0.2405210246488476 1087
0.1591853724954018 0.2408176789747112 1088
0.1588799892337831 0.2411232329303508 1089
0.1585654444743158 0.2414379535046595 1090
0.1582414633720646 0.2417621156961975 1091
0.1579077628367457 0.2420960027534816 1092
0.1782188491437871 0.1547711031969018 1093
0.1781292763264422 0.1545852361866852 1094
0.1780370163245769 0.154393793166162 1095
0.1779419885226557 0.1541966068550232 1096
0.1778441098866769 0.1539935049545502 1097
0.1777432948916187 0.153784309997063 1098
0.1776394554467087 0.1535688391908512 1099
0.1775325008184514 0.1533469042604531 1100
0.1774223375513464 0.153118311282143 1101
0.1773088693862283 0.1528828605144836 1102
0.1771919971761566 0.1526403462237944 1103
0.1770716187997828 0.1523905565043845 1104
0.1769476290721177 0.1521332730933924 1105
0.1768199196526228 0.1518682711800705 1106
0.1766883789505429 0.1515953192093489 1107
0.1765528920274007 0.1513141786795057 1108
0.1764133404965642 0.1510246039337672 1109
0.1762696024198026 0.1507263419456565 1110
0.1761215522007381 0.1504191320979025 1111
0.1759690604751017 0.1501027059547159 1112
0.1758119939976963 0.1497767870272337 1113
0.1756502155259686 0.149441090531927 1114
0.1754835837000892 0.1490953231417612 1115
0.1753119529194334 0.1487391827298903 1116
0.1751351732153578 0.1483723581056633 1117
0.17495309012016 0.1479945287427095 1118
0.1747655445321062 0.1476053644988671 1119
0.1745723725764109 0.1472045253277094 1120
0.1743734054620447 0.146791660981417 1121
0.1741684693342476 0.1463664107047359 1122
0.1607518481006361 0.2312994282876041 1123
0.1605905729913949 0.2314281146281115 1124
0.1604244596288763 0.2315606615588341 1125
0.1602533628654823 0.2316971848974785 1126
0.1600771331991864 0.2318378039362821 1127
0.1598956166429015 0.2319826415462498 1128
0.1597086545899282 0.2321318242845166 1129
0.1595160836753657 0.2322854825049313 1130
0.1593177356333663 0.2324437504719585 1131
0.159113437150107 0.2326067664779966 1132
0.1589030097123497 0.2327746729642157 1133
0.1586862694514598 0.2329476166450214 1134
0.1584630269827433 0.2331257486362514 1135
0.1582330872399652 0.2333092245872181 1136
0.1579962493049037 0.233498204816714 1137
0.1577523062317905 0.2336928544530947 1138
0.1575010448664839 0.2338933435785668 1139
0.1572422456602179 0.234099847377803 1140
0.1569756824777642 0.2343125462910164 1141
0.1567011223998367 0.2345316261716262 1142
0.1564183255195714 0.2347572784486542 1143
0.1561270447328982 0.2349897002939931 1144
0.1558270255226247 0.2352290947946921 1145
0.1555180057360431 0.2354756711304122 1146
0.155199715355864 0.2357296447562038 1147
0.1548718762642796 0.2359912375907692 1148
0.1545342019999476 0.2362606782103715 1149
0.1541863975076856 0.2365382020485619 1150
0.1538281588806558 0.2368240516018981 1151
0.153459173094815 0.2371184766418343 1152
0.1943794036323471 0.2498846723465068 1153
0.1943563598929848 0.2500897060539068 1154
0.1943326248414416 0.2503008907725288 1155
0.1943081777383522 0.2505184110327094 1156
0.1942829972221701 0.2507424569006954 1157
0.1942570612905026 0.2509732241447211 1158
0.194230347280885 0.2512109144060675 1159
0.1942028318509789 0.2514557353752543 1160
0.1941744909581755 0.2517079009735167 1161
0.1941452998385881 0.251967631539727 1162
0.1941152329854131 0.2522351540229235 1163
0.1940842641266428 0.252510702180616 1164
0.1940523662021094 0.2527945167830393 1165
0.1940195113398401 0.2530868458235352 1166
0.1939856708317026 0.2533879447352461 1167
0.1939508151083209 0.2536980766143082 1168
0.1939149137132379 0.2540175124497422 1169
0.1938779352763024 0.2543465313602392 1170
0.1938398474862588 0.2546854208380512 1171
0.1938006170625138 0.2550344770001975 1172
0.1937602097260566 0.2553940048472082 1173
0.1937185901695057 0.2557643185296292 1174
0.1936757220262582 0.2561457416225228 1175
0.1936315678387132 0.2565386074082033 1176
0.193586089025542 0.2569432591674542 1177
0.1935392458479755 0.2573600504794826 1178
0.1934909973750821 0.2577893455308718 1179
0.1934413014480019 0.2582315194338028 1180
0.1933901146431093 0.2586869585538216 1181
0.1933373922340699 0.259156060847441 1182
0.2056207075987168 0.2498846598137758 1183
0.2056438659060746 0.2500896806124629 1184
0.2056677189626532 0.2503008520351106 1185
0.2056922876109292 0.2505183586004378 1186
0.2057175933186534 0.2507423903627247 1187
0.2057436581976093 0.2509731430778803 1188
0.205770505022934 0.2512108183744905 1189
0.2057981572530184 0.251455623929999 1190
0.2058266390500053 0.2517077736521728 1191
0.2058559753009018 0.2519674878660118 1192
0.2058861916393252 0.252234993506266 1193
0.2059173144679013 0.2525105243157278 1194
0.2059493709813347 0.2527943210494734 1195
0.2059823891901711 0.2530866316852315 1196
0.2060163979452726 0.2533877116400622 1197
0.2060514269630271 0.2536978239935379 1198
0.2060875068513143 0.2540172397176179 1199
0.20612466913625 0.2543462379134203 1200
0.2061629462897339 0.2546851060550966 1201
0.2062023717578223 0.2550341402410234 1202
0.2062429799899533 0.2553936454525279 1203
0.2062848064690482 0.2557639358203775 1204
0.2063278877425161 0.2561453348992627 1205
0.2063722614541879 0.2565381759505144 1206
0.2064179663772099 0.2569428022333037 1207
0.2064650424479225 0.2573595673045766 1208
0.2065135308007565 0.2577888353279877 1209
0.2065634738041756 0.2582309813921012 1210
0.2066149150976972 0.258686391838138 1211
0.2066678996300245 0.259155464597556 1212
0.1510583240383004 0.2111706755707257 1213
0.1508571852751137 0.211216643309823 1214
0.1506500123490315 0.2112639900810931 1215
0.1504366242351668 0.2113127572555014 1216
0.150216834477886 0.2113629874451419 1217
0.149990451027887 0.2114147245404717 1218
0.1497572760743879 0.2114680137486613 1219
0.1495171058722838 0.2115229016330966 1220
0.1492697305641167 0.211579436154065 1221
0.1490149339967045 0.2116376667106624 1222
0.1487524935322699 0.2116976441839577 1223
0.1484821798539024 0.211759420981452 1224
0.1482037567651838 0.211823051082871 1225
0.1479169809838036 0.2118885900873326 1226
0.147621601928982 0.211956095261928 1227
0.1473173615025158 0.2120256255917614 1228
0.1470039938632556 0.2120972418314897 1229
0.1466812251948176 0.2121710065584098 1230
0.1463487734663265 0.2122469842271376 1231
0.1460063481859806 0.2123252412259272 1232
0.1456536501472243 0.2124058459346805 1233
0.1452903711673054 0.2124888687846964 1234
0.1449161938179888 0.2125743823202128 1235
0.1445307911481928 0.2126624612617946 1236
0.144133826398303 0.2127531825716239 1237
0.1437249527059163 0.2128466255207481 1238
0.1433038128027582 0.212942871758346 1239
0.1428700387025053 0.2130420053830719 1240
0.1424232513792447 0.2131441130165395 1241
0.1419630604362864 0.2132492838790112 1242
0.1834198341839441 0.1526167778622169 1243
0.1833516350840977 0.1524220505711811 1244
0.183281390011256 0.1522214814614143 1245
0.183209037586229 0.1520148952783545 1246
0.1831345145884511 0.1518021115098029 1247
0.1830577559007399 0.1515829442281947 1248
0.1829786944523975 0.1513572019281383 1249
0.1828972611606047 0.1511246873590802 1250
0.182813384870058 0.1508851973529504 1251
0.1827269922907951 0.1506385226466367 1252
0.1826380079341542 0.1503844476991335 1253
0.1825463540468142 0.1501227505032053 1254
0.1824519505428539 0.1498532023913992 1255
0.1823547149337748 0.1495755678362389 1256
0.1822545622564233 0.1492896042444238 1257
0.1821514049987514 0.1489950617448543 1258
0.1820451530233491 0.1486916829702977 1259
0.181935713488685 0.1483792028325044 1260
0.1818229907679808 0.1480573482905772 1261
0.1817068863656555 0.1477258381123923 1262
0.1815872988312605 0.1473843826288618 1263
0.1814641236708335 0.1470326834808254 1264
0.1813372532555938 0.146670433358348 1265
0.181206576727897 0.1462973157321961 1266
0.1810719799043692 0.1459130045772598 1267
0.1809333451761356 0.1455171640876753 1268
0.1807905514060549 0.1451094483834033 1269
0.1806434738228718 0.1446895012080032 1270
0.1804919839121932 0.144256955617341 1271
0.1803359493041944 0.143811433658959 1272
0.1607517783103757 0.1687006592266145 1273
0.1605904313171662 0.1685720630257521 1274
0.1604242439141604 0.1684396089388638 1275
0.1602530708890646 0.1683031812293689 1276
0.1600767626732157 0.1681626606885892 1277
0.1598951652108914 0.1680179245315861 1278
0.1597081198246975 0.1678688462898728 1279
0.1595154630769177 0.1677152957009082 1280
0.1593170266267044 0.1675571385942746 1281
0.1591126370829848 0.167394236774442 1282
0.1589021158529537 0.1672264479000145 1283
0.1586852789860215 0.1670536253593541 1284
0.1584619370130814 0.1668756181424739 1285
0.1582318947809531 0.1666922707090873 1286
0.1579949512818609 0.1665034228526991 1287
0.1577508994777961 0.1663089095606193 1288
0.1574995261196092 0.166108560869777 1289
0.1572406115606767 0.1659022017182095 1290
0.1569739295649762 0.165689651792095 1291
0.1566992471094049 0.165470725368197 1292
0.1564163241801663 0.1652452311515821 1293
0.1561249135630505 0.1650129721084687 1294
0.1558247606274212 0.164773745294062 1295
0.1555156031037231 0.164527341675223 1296
0.1551971708543142 0.1642735459478189 1297
0.1548691856374228 0.1640121363485927 1298
0.1545313608640247 0.1637428844613896 1299
0.1541834013474247 0.1634655550175705 1300
0.1538250030453268 0.1631799056904368 1301
0.1534558527941658 0.1628856868834891 1302
0.2111705664422803 0.1510582991304449 1303
0.2112164217790787 0.150857134712167 1304
0.2112636527759811 0.1506499353613408 1305
0.2113123007027905 0.1504365200299898 1306
0.2113624080674043 0.1502167022386983 1307
0.2114140186529564 0.149990289913668 1308
0.2114671775560751 0.1497570852188868 1309
0.2115219312262875 0.1495168843832622 1310
0.2115783275066061 0.1492694775225688 1311
0.2116364156753343 0.1490146484560547 1312
0.2116962464891243 0.1487521745175451 1313
0.2117578722273281 0.1484818263608802 1314
0.2118213467376779 0.1482033677595154 1315
0.2118867254833383 0.1479165554001096 1316
0.2119540655913685 0.1476211386699217 1317
0.2120234259026396 0.1473168594378281 1318
0.2120948670232489 0.1470034518287717 1319
0.2121684513774763 0.1466806419914436 1320
0.2122442432623306 0.1463481478589957 1321
0.2123223089037306 0.1460056789025744 1322
0.2124027165143725 0.1456529358774604 1323
0.2124855363533337 0.145289610561593 1324
0.2125708407874638 0.1449153854862495 1325
0.2126587043546176 0.1445299336586458 1326
0.2127492038287863 0.1441329182762139 1327
0.2128424182871799 0.1437239924323092 1328
0.2129384291793253 0.1433027988130872 1329
0.2130373203982351 0.1428689693852886 1330
0.2131391783537122 0.142422125074656 1331
0.2132440920478536 0.1419618754347045 1332
0.1943792924012833 0.1501153401862242 1333
0.1943561340939254 0.1499103193875371 1334
0.1943322810373468 0.1496991479648894 1335
0.1943077123890709 0.1494816413995623 1336
0.1942824066813467 0.1492576096372753 1337
0.1942563418023907 0.1490268569221198 1338
0.194229494977066 0.1487891816255095 1339
0.1942018427469816 0.148544376070001 1340
0.1941733609499947 0.1482922263478272 1341
0.1941440246990982 0.1480325121339882 1342
0.1941138083606748 0.147765006493734 1343
0.1940826855320987 0.1474894756842722 1344
0.1940506290186653 0.1472056789505266 1345
0.1940176108098289 0.1469133683147686 1346
0.1939836020547274 0.1466122883599378 1347
0.1939485730369729 0.1463021760064621 1348
0.1939124931486857 0.1459827602823821 1349
0.19387533086375 0.1456537620865798 1350
0.1938370537102662 0.1453148939449034 1351
0.1937976282421777 0.1449658597589766 1352
0.1937570200100467 0.1446063545474721 1353
0.1937151935309518 0.1442360641796225 1354
0.1936721122574839 0.1438546651007373 1355
0.1936277385458122 0.1434618240494856 1356
0.1935820336227901 0.1430571977666963 1357
0.1935349575520775 0.1426404326954234 1358
0.1934864691992435 0.1422111646720123 1359
0.1934365261958244 0.1417690186078989 1360
0.1933850849023028 0.141313608161862 1361
0.1933321003699755 0.140844535402444 1362
0.1834199398374179 0.2473832591075326 1363
0.1833518495606494 0.2475780244774102 1364
0.1832817165755779 0.2477786328083842 1365
0.1832094796009542 0.2479852593892873 1366
0.1831350755170918 0.2481980847676176 1367
0.1830584393107135 0.2484172949072978 1368
0.182979504018144 0.2486430813511684 1369
0.1828982006667973 0.2488756413883551 1370
0.1828144582149102 0.2491151782266574 1371
0.1827282034894665 0.2493619011701087 1372
0.1826393611222594 0.2496160258018636 1373
0.1825478534840362 0.2498777741725711 1374
0.1824536006166663 0.2501473749943999 1375
0.1823565201632752 0.2504250638408836 1376
0.1822565272962825 0.2507110833527617 1377
0.1821535346432799 0.2510056834499962 1378
0.1820474522106873 0.2513091215501477 1379
0.1819381873051169 0.2516216627933038 1380
0.1818256444523794 0.2519435802737546 1381
0.1817097253140597 0.2522751552786189 1382
0.1815903286015905 0.2526166775336291 1383
0.1814673499877473 0.2529684454562896 1384
0.1813406820154886 0.2533307664166299 1385
0.1812102140040622 0.2537039570057805 1386
0.1810758319522932 0.2540883433126055 1387
0.1809374184389709 0.2544842612086353 1388
0.180794852520249 0.2548920566415461 1389
0.1806480096239654 0.2553120859374441 1390
0.1804967614407934 0.2557447161122191 1391
0.1803409758121262 0.2561903251922373 1392
0.2165801658160559 0.2473832221377831 1393
0.2166483649159023 0.2475779494288189 1394
0.216718609988744 0.2477785185385857 1395
0.216790962413771 0.2479851047216455 1396
0.2168654854115489 0.2481978884901971 1397
0.2169422440992601 0.2484170557718053 1398
0.2170213055476026 0.2486427980718617 1399
0.2171027388393953 0.2488753126409198 1400
0.217186615129942 0.2491148026470496 1401
0.2172730077092049 0.2493614773533634 1402
0.2173619920658458 0.2496155523008665 1403
0.2174536459531858 0.2498772494967947 1404
0.2175480494571461 0.2501467976086008 1405
0.2176452850662253 0.2504244321637611 1406
0.2177454377435767 0.2507103957555762 1407
0.2178485950012488 0.2510049382551457 1408
0.2179548469766509 0.2513083170297024 1409
0.2180642865113152 0.2516207971674956 1410
0.2181770092320192 0.2519426517094228 1411
0.2182931136343446 0.2522741618876077 1412
0.2184127011687396 0.2526156173711382 1413
0.2185358763291665 0.2529673165191746 1414
0.2186627467444062 0.2533295666416521 1415
0.218793423272103 0.2537026842678038 1416
0.2189280200956308 0.2540869954227402 1417
0.2190666548238644 0.2544828359123247 1418
0.2192094485939451 0.2548905516165967 1419
0.2193565261771282 0.2553104987919969 1420
0.2195080160878068 0.255743044382659 1421
0.2196640506958056 0.256188566341041 1422
0.2111706755707257 0.2489416759616996 1423
0.2112166433098229 0.2491428147248863 1424
0.2112639900810931 0.2493499876509685 1425
0.2113127572555014 0.2495633757648333 1426
0.2113629874451419 0.2497831655221139 1427
0.2114147245404716 0.250009548972113 1428
0.2114680137486612 0.2502427239256121 1429
0.2115229016330966 0.2504828941277162 1430
0.2115794361540649 0.2507302694358833 1431
0.2116376667106623 0.2509850660032955 1432
0.2116976441839576 0.25124750646773 1433
0.211759420981452 0.2515178201460976 1434
0.2118230510828709 0.2517962432348163 1435
0.2118885900873325 0.2520830190161964 1436
0.2119560952619279 0.252378398071018 1437
0.2120256255917613 0.2526826384974842 1438
0.2120972418314896 0.2529960061367444 1439
0.2121710065584098 0.2533187748051824 1440
0.2122469842271375 0.2536512265336736 1441
0.2123252412259271 0.2539936518140194 1442
0.2124058459346805 0.2543463498527757 1443
0.2124888687846963 0.2547096288326947 1444
0.2125743823202126 0.2550838061820112 1445
0.2126624612617946 0.2554692088518072 1446
0.2127531825716238 0.2558661736016971 1447
0.2128466255207481 0.2562750472940837 1448
0.2129428717583459 0.2566961871972419 1449
0.2130420053830718 0.2571299612974948 1450
0.2131441130165395 0.2575767486207554 1451
0.2132492838790111 0.2580369395637137 1452
0.2217810500063645 0.1547710546301745 1453
0.2218705189483657 0.1545851375962289 1454
0.2219626719586271 0.1543936430512648 1455
0.2220575895591962 0.1541964036699519 1456
0.2221553546877825 0.1539932471071996 1457
0.2222560527702262 0.1537839958475646 1458
0.2223597717951433 0.1535684670501407 1459
0.222466602390808 0.153346472388794 1460
0.2225766379043426 0.153117817887607 1461
0.2226899744832831 0.1528823037513843 1462
0.2228067111595919 0.1526397241910749 1463
0.22292694993619 0.1523898672439563 1464
0.2230507958760861 0.1521325145884241 1465
0.223178357194179 0.1518674413532259 1466
0.2233097453518147 0.1515944159209718 1467
0.2234450751541794 0.1513131997257501 1468
0.2235844648506152 0.1510235470446717 1469
0.2237280362379439 0.1507252047831609 1470
0.2238759147668926 0.1504179122538049 1471
0.2240282296517098 0.1501014009485681 1472
0.2241851139830713 0.1497753943041743 1473
0.2243467048443738 0.1494396074604486 1474
0.2245131434315153 0.1490937470114112 1475
0.2246845751762712 0.1487375107489026 1476
0.2248611498733696 0.1483705873985188 1477
0.225043021811381 0.1479926563476235 1478
0.2252303499075328 0.1476033873652013 1479
0.2254232978465691 0.1472024403133065 1480
0.2256220342237765 0.1467894648498548 1481
0.2258267326923001 0.1463641001224995 1482
0.1510582991304449 0.1888294335577198 1483
0.150857134712167 0.1887835782209214 1484
0.1506499353613407 0.188736347224019 1485
0.1504365200299898 0.1886876992972095 1486
0.1502167022386982 0.1886375919325958 1487
0.149990289913668 0.1885859813470436 1488
0.1497570852188868 0.1885328224439249 1489
0.1495168843832622 0.1884780687737126 1490
0.1492694775225688 0.188421672493394 1491
0.1490146484560546 0.1883635843246658 1492
0.1487521745175451 0.1883037535108757 1493
0.1484818263608801 0.188242127772672 1494
0.1482033677595154 0.1881786532623221 1495
0.1479165554001096 0.1881132745166617 1496
0.1476211386699217 0.1880459344086316 1497
0.1473168594378281 0.1879765740973605 1498
0.1470034518287717 0.1879051329767513 1499
0.1466806419914436 0.1878315486225238 1500
0.1463481478589957 0.1877557567376694 1501
0.1460056789025743 0.1876776910962695 1502
0.1456529358774604 0.1875972834856276 1503
0.145289610561593 0.1875144636466664 1504
0.1449153854862495 0.1874291592125363 1505
0.1445299336586457 0.1873412956453824 1506
0.1441329182762139 0.1872507961712138 1507
0.1437239924323092 0.1871575817128202 1508
0.1433027988130872 0.1870615708206748 1509
0.1428689693852886 0.186962679601765 1510
0.142422125074656 0.186860821646288 1511
0.1419618754347045 0.1867559079521466 1512
0.1888293244292744 0.1510583240383004 1513
0.1887833566901771 0.1508571852751138 1514
0.1887360099189069 0.1506500123490315 1515
0.1886872427444987 0.1504366242351668 1516
0.1886370125548581 0.1502168344778861 1517
0.1885852754595284 0.149990451027887 1518
0.1885319862513388 0.1497572760743879 1519
0.1884770983669034 0.1495171058722839 1520
0.1884205638459351 0.1492697305641167 1521
0.1883623332893377 0.1490149339967045 1522
0.1883023558160424 0.14875249353227 1523
0.1882405790185481 0.1484821798539024 1524
0.1881769489171291 0.1482037567651838 1525
0.1881114099126675 0.1479169809838036 1526
0.1880439047380721 0.147621601928982 1527
0.1879743744082387 0.1473173615025158 1528
0.1879027581685104 0.1470039938632556 1529
0.1878289934415902 0.1466812251948176 1530
0.1877530157728625 0.1463487734663264 1531
0.1876747587740729 0.1460063481859806 1532
0.1875941540653195 0.1456536501472243 1533
0.1875111312153037 0.1452903711673053 1534
0.1874256176797874 0.1449161938179888 1535
0.1873375387382055 0.1445307911481928 1536
0.1872468174283762 0.1441338263983029 1537
0.187153374479252 0.1437249527059163 1538
0.1870571282416541 0.1433038128027581 1539
0.1869579946169282 0.1428700387025052 1540
0.1868558869834606 0.1424232513792447 1541
0.1867507161209889 0.1419630604362863 1542
0.2312993407733854 0.1607517783103757 1543
0.2314279369742479 0.1605904313171662 1544
0.2315603910611361 0.1604242439141604 1545
0.231696818770631 0.1602530708890645 1546
0.2318373393114107 0.1600767626732157 1547
0.2319820754684139 0.1598951652108914 1548
0.2321311537101272 0.1597081198246975 1549
0.2322847042990918 0.1595154630769176 1550
0.2324428614057253 0.1593170266267044 1551
0.2326057632255579 0.1591126370829848 1552
0.2327735520999855 0.1589021158529536 1553
0.2329463746406458 0.1586852789860215 1554
0.233124381857526 0.1584619370130814 1555
0.2333077292909127 0.1582318947809531 1556
0.2334965771473009 0.1579949512818609 1557
0.2336910904393807 0.157750899477796 1558
0.2338914391302229 0.1574995261196092 1559
0.2340977982817904 0.1572406115606767 1560
0.234310348207905 0.1569739295649763 1561
0.234529274631803 0.1566992471094048 1562
0.2347547688484178 0.1564163241801662 1563
0.2349870278915313 0.1561249135630505 1564
0.2352262547059379 0.1558247606274212 1565
0.2354726583247769 0.1555156031037231 1566
0.2357264540521811 0.1551971708543141 1567
0.2359878636514073 0.1548691856374228 1568
0.2362571155386103 0.1545313608640247 1569
0.2365344449824295 0.1541834013474247 1570
0.2368200943095632 0.1538250030453267 1571
0.2371143131165109 0.1534558527941658 1572
0.221781150856213 0.2452288968030982 1573
0.2218707236735579 0.2454147638133148 1574
0.2219629836754231 0.245606206833838 1575
0.2220580114773443 0.2458033931449768 1576
0.2221558901133232 0.2460064950454498 1577
0.2222567051083814 0.246215690002937 1578
0.2223605445532914 0.2464311608091488 1579
0.2224674991815486 0.2466530957395469 1580
0.2225776624486536 0.246881688717857 1581
0.2226911306137718 0.2471171394855164 1582
0.2228080028238434 0.2473596537762056 1583
0.2229283812002172 0.2476094434956154 1584
0.2230523709278823 0.2478667269066076 1585
0.2231800803473772 0.2481317288199295 1586
0.2233116210494571 0.2484046807906511 1587
0.2234471079725994 0.2486858213204943 1588
0.2235866595034358 0.2489753960662328 1589
0.2237303975801974 0.2492736580543435 1590
0.2238784477992619 0.2495808679020975 1591
0.2240309395248983 0.2498972940452841 1592
0.2241880060023037 0.2502232129727663 1593
0.2243497844740314 0.250558909468073 1594
0.2245164162999108 0.2509046768582389 1595
0.2246880470805667 0.2512608172701097 1596
0.2248648267846423 0.2516276418943367 1597
0.22504690987984 0.2520054712572904 1598
0.2252344554678938 0.2523946355011328 1599
0.2254276274235891 0.2527954746722905 1600
0.2256265945379553 0.253208339018583 1601
0.2258315306657525 0.2536335892952641 1602
0.2267082252866349 0.2425057918486971 1603
0.2268180453913289 0.2426804611925986 1604
0.2269311600991637 0.2428603706168172 1605
0.2270476682482335 0.2430456773237623 1606
0.2271676716417754 0.2432365432319158 1607
0.2272912751371237 0.2434331351173138 1608
0.2274185867373323 0.2436356247592738 1609
0.2275497176855471 0.2438441890904926 1610
0.2276847825622085 0.244059010351648 1611
0.2278238993851697 0.244280276250638 1612
0.2279671897128197 0.2445081801265977 1613
0.2281147787502992 0.2447429211188362 1614
0.228266795458903 0.2449847043408419 1615
0.2284233726687651 0.2452337410595078 1616
0.228584647194923 0.2454902488797336 1617
0.2287507599568656 0.2457544519345662 1618
0.2289218561016665 0.2460265810810437 1619
0.2290980851308114 0.2463068741019157 1620
0.2292796010308307 0.2465955759134137 1621
0.2294665624078505 0.2468929387792567 1622
0.2296591326261809 0.247199222531075 1623
0.2298574799510613 0.2475146947954478 1624
0.230061777695688 0.2478396312277518 1625
0.2302722043726536 0.248174315753025 1626
0.2304889438499281 0.2485190408140563 1627
0.2307121855115208 0.2488741076269186 1628
0.2309421244229615 0.2492398264441668 1629
0.2311789615017452 0.2496165168259323 1630
0.2314229036928924 0.2500045079191509 1631
0.2316741641497742 0.250404138745166 1632
0.1501153401862242 0.2056207075987167 1633
0.1499103193875371 0.2056438659060746 1634
0.1496991479648894 0.2056677189626532 1635
0.1494816413995622 0.2056922876109291 1636
0.1492576096372752 0.2057175933186534 1637
0.1490268569221197 0.2057436581976093 1638
0.1487891816255095 0.205770505022934 1639
0.1485443760700009 0.2057981572530183 1640
0.1482922263478271 0.2058266390500052 1641
0.1480325121339882 0.2058559753009017 1642
0.1477650064937339 0.2058861916393251 1643
0.1474894756842722 0.2059173144679013 1644
0.1472056789505265 0.2059493709813347 1645
0.1469133683147684 0.2059823891901711 1646
0.1466122883599377 0.2060163979452725 1647
0.146302176006462 0.2060514269630271 1648
0.1459827602823821 0.2060875068513142 1649
0.1456537620865797 0.20612466913625 1650
0.1453148939449033 0.2061629462897339 1651
0.1449658597589766 0.2062023717578223 1652
0.1446063545474721 0.2062429799899533 1653
0.1442360641796224 0.2062848064690483 1654
0.1438546651007372 0.2063278877425161 1655
0.1434618240494855 0.2063722614541879 1656
0.1430571977666962 0.2064179663772099 1657
0.1426404326954234 0.2064650424479225 1658
0.1422111646720122 0.2065135308007566 1659
0.1417690186078988 0.2065634738041756 1660
0.1413136081618619 0.2066149150976972 1661
0.140844535402444 0.2066678996300245 1662
0.2392481518993639 0.1687005717123959 1663
0.2394094270086051 0.1685718853718885 1664
0.2395755403711237 0.1684393384411659 1665
0.2397466371345177 0.1683028151025216 1666
0.2399228668008137 0.168162196063718 1667
0.2401043833570985 0.1680173584537502 1668
0.2402913454100718 0.1678681757154835 1669
0.2404839163246343 0.1677145174950687 1670
0.2406822643666338 0.1675562495280415 1671
0.2408865628498931 0.1673932335220035 1672
0.2410969902876503 0.1672253270357843 1673
0.2413137305485402 0.1670523833549786 1674
0.2415369730172567 0.1668742513637487 1675
0.2417669127600348 0.1666907754127819 1676
0.2420037506950963 0.1665017951832861 1677
0.2422476937682095 0.1663071455469054 1678
0.2424989551335162 0.1661066564214332 1679
0.2427577543397821 0.165900152622197 1680
0.2430243175222359 0.1656874537089836 1681
0.2432988776001633 0.1654683738283739 1682
0.2435816744804287 0.1652427215513458 1683
0.2438729552671018 0.1650102997060069 1684
0.2441729744773753 0.1647709052053079 1685
0.2444819942639569 0.1645243288695878 1686
0.2448002846441361 0.1642703552437962 1687
0.2451281237357205 0.1640087624092308 1688
0.2454657980000524 0.1637393217896285 1689
0.2458136024923144 0.1634617979514381 1690
0.2461718411193442 0.163175948398102 1691
0.246540826905185 0.1628815233581657 1692
0.1732918694913427 0.2425058514016475 1693
0.1731821470079654 0.2426805820850877 1694
0.1730691328500867 0.2428605546890312 1695
0.1729527282674718 0.243045926471093 1696
0.1728328315473784 0.2432368594066165 1697
0.1727093379256822 0.2434335203302059 1698
0.1725821394953351 0.2436360810815029 1699
0.1724511251120775 0.2438447186553388 1700
0.1723161802973223 0.2440596153563898 1701
0.1721771871381244 0.2442809589584723 1702
0.1720340241841506 0.2445089428686172 1703
0.1718865663415575 0.2447437662960666 1704
0.1717346847636866 0.2449856344263394 1705
0.1715782467384797 0.2452347586005204 1706
0.1714171155725165 0.2454913564999268 1707
0.1712511504715744 0.2457556523363155 1708
0.171080206417604 0.2460278770477957 1709
0.1709041340420147 0.2463082685006204 1710
0.1707227794951575 0.2465970716970299 1711
0.1705359843118947 0.2468945389893316 1712
0.1703435852731339 0.2472009303004024 1713
0.1701454142632104 0.2475165133508053 1714
0.1699412981229891 0.2478415638927202 1715
0.1697310584985612 0.2481763659508927 1716
0.1695145116854004 0.2485212120708102 1717
0.1692914684678449 0.2488764035743254 1718
0.1690617339537627 0.249242250822946 1719
0.1688251074042579 0.2496190734890252 1720
0.1685813820582681 0.2500072008350868 1721
0.1683303449518986 0.2504069720015302 1722
0.1547710546301745 0.1782189499936355 1723
0.1545851375962288 0.1781294810516342 1724
0.1543936430512648 0.1780373280413729 1725
0.1541964036699519 0.1779424104408038 1726
0.1539932471071995 0.1778446453122176 1727
0.1537839958475646 0.1777439472297738 1728
0.1535684670501407 0.1776402282048566 1729
0.1533464723887941 0.177533397609192 1730
0.1531178178876069 0.1774233620956575 1731
0.1528823037513843 0.1773100255167168 1732
0.152639724191075 0.177193288840408 1733
0.1523898672439563 0.1770730500638099 1734
0.1521325145884241 0.1769492041239139 1735
0.1518674413532259 0.176821642805821 1736
0.1515944159209718 0.1766902546481853 1737
0.1513131997257501 0.1765549248458205 1738
0.1510235470446717 0.1764155351493848 1739
0.150725204783161 0.176271963762056 1740
0.1504179122538049 0.1761240852331074 1741
0.1501014009485682 0.1759717703482903 1742
0.1497753943041743 0.1758148860169286 1743
0.1494396074604486 0.1756532951556262 1744
0.1490937470114112 0.1754868565684846 1745
0.1487375107489026 0.1753154248237288 1746
0.1483705873985188 0.1751388501266304 1747
0.1479926563476235 0.1749569781886189 1748
0.1476033873652013 0.1747696500924672 1749
0.1472024403133065 0.1745767021534309 1750
0.1467894648498548 0.1743779657762234 1751
0.1463641001224996 0.1741732673076998 1752
0.1645029771824945 0.1645030563324122 1753
0.1643570429115712 0.1643572035859038 1754
0.16420673061252 0.1642069752570002 1755
0.1640519089444974 0.1640522400782294 1756
0.1638924426264341 0.1638928628440956 1757
0.163728192318829 0.1637287042929377 1758
0.1635590145019956 0.1635596209852451 1759
0.1633847613506573 0.1633854651783217 1760
0.1632052806047788 0.1632060846971906 1761
0.1630204154365239 0.1630213228016256 1762
0.1628300043132214 0.1628310180491936 1763
0.1626338808562199 0.1626350041541887 1764
0.1624318736955083 0.1624331098423336 1765
0.1622238063199752 0.1622251587011229 1766
0.1620094969231763 0.1620109690256758 1767
0.1617887582444734 0.1617903536599653 1768
0.1615613974054093 0.1615631198332836 1769
0.1613272157411734 0.1613290689918013 1770
0.1610860086270104 0.1610879966250746 1771
0.1608375652994225 0.1608396920873461 1772
0.160581668672007 0.1605839384134858 1773
0.160318095145769 0.1603205121294096 1774
0.1600466144137438 0.1600491830568112 1775
0.159766989259758 0.1597697141120347 1776
0.1594789753511524 0.159481861098915 1777
0.1591823210252888 0.1591853724954017 1778
0.1588767670696493 0.158879989233783 1779
0.1585620464953406 0.1585654444743158 1780
0.1582378843038025 0.1582414633720645 1781
0.1579039972465184 0.1579077628367457 1782
0.2267081305086573 0.1574941485983525 1783
0.2268178529920346 0.1573194179149123 1784
0.2269308671499133 0.1571394453109688 1785
0.2270472717325283 0.1569540735289071 1786
0.2271671684526216 0.1567631405933835 1787
0.2272906620743178 0.1565664796697941 1788
0.2274178605046649 0.1563639189184972 1789
0.2275488748879225 0.1561552813446613 1790
0.2276838197026777 0.1559403846436103 1791
0.2278228128618757 0.1557190410415278 1792
0.2279659758158494 0.1554910571313828 1793
0.2281134336584425 0.1552562337039334 1794
0.2282653152363134 0.1550143655736606 1795
0.2284217532615204 0.1547652413994796 1796
0.2285828844274835 0.1545086435000732 1797
0.2287488495284257 0.1542443476636846 1798
0.228919793582396 0.1539721229522043 1799
0.2290958659579854 0.1536917314993796 1800
0.2292772205048426 0.1534029283029701 1801
0.2294640156881054 0.1531054610106684 1802
0.2296564147268662 0.1527990696995977 1803
0.2298545857367896 0.1524834866491948 1804
0.2300587018770109 0.1521584361072798 1805
0.2302689415014388 0.1518236340491074 1806
0.2304854883145996 0.1514787879291898 1807
0.2307085315321551 0.1511235964256746 1808
0.2309382660462374 0.1507577491770541 1809
0.2311748925957421 0.1503809265109749 1810
0.2314186179417319 0.1499927991649133 1811
0.2316696550481014 0.1495930279984699 1812
0.1526167408924675 0.1834199398374179 1813
0.1524219755225898 0.1833518495606494 1814
0.1522213671916159 0.1832817165755779 1815
0.1520147406107127 0.1832094796009542 1816
0.1518019152323824 0.1831350755170918 1817
0.1515827050927023 0.1830584393107136 1818
0.1513569186488317 0.1829795040181439 1819
0.151124358611645 0.1828982006667972 1820
0.1508848217733427 0.1828144582149102 1821
0.1506380988298913 0.1827282034894664 1822
0.1503839741981364 0.1826393611222594 1823
0.1501222258274288 0.1825478534840362 1824
0.1498526250056001 0.1824536006166662 1825
0.1495749361591164 0.1823565201632752 1826
0.1492889166472383 0.1822565272962824 1827
0.1489943165500038 0.1821535346432799 1828
0.1486908784498523 0.1820474522106873 1829
0.1483783372066962 0.1819381873051169 1830
0.1480564197262455 0.1818256444523794 1831
0.1477248447213811 0.1817097253140597 1832
0.147383322466371 0.1815903286015905 1833
0.1470315545437104 0.1814673499877472 1834
0.1466692335833701 0.1813406820154886 1835
0.1462960429942196 0.1812102140040622 1836
0.1459116566873945 0.1810758319522931 1837
0.1455157387913647 0.1809374184389708 1838
0.145107943358454 0.180794852520249 1839
0.144687914062556 0.1806480096239654 1840
0.1442552838877811 0.1804967614407934 1841
0.1438096748077629 0.1803409758121261 1842
0.205620596367653 0.1501153276534932 1843
0.2056436401070152 0.1499102939460933 1844
0.2056673751585584 0.1496991092274713 1845
0.2056918222616478 0.1494815889672906 1846
0.2057170027778299 0.1492575430993046 1847
0.2057429387094974 0.149026775855279 1848
0.2057696527191151 0.1487890855939326 1849
0.2057971681490212 0.1485442646247458 1850
0.2058255090418245 0.1482920990264834 1851
0.2058547001614119 0.1480323684602731 1852
0.2058847670145869 0.1477648459770765 1853
0.2059157358733572 0.147489297819384 1854
0.2059476337978906 0.1472054832169608 1855
0.2059804886601599 0.1469131541764648 1856
0.2060143291682974 0.146612055264754 1857
0.2060491848916791 0.1463019233856918 1858
0.2060850862867621 0.1459824875502578 1859
0.2061220647236977 0.1456534686397608 1860
0.2061601525137412 0.1453145791619488 1861
0.2061993829374862 0.1449655229998025 1862
0.2062397902739435 0.1446059951527918 1863
0.2062814098304944 0.1442356814703708 1864
0.2063242779737419 0.1438542583774771 1865
0.2063684321612869 0.1434613925917967 1866
0.206413910974458 0.1430567408325458 1867
0.2064607541520245 0.1426399495205174 1868
0.2065090026249179 0.1422106544691282 1869
0.2065586985519982 0.1417684805661972 1870
0.2066098853568907 0.1413130414461784 1871
0.2066626077659302 0.140843939152559 1872
0.1526167778622168 0.2165801658160559 1873
0.1524220505711811 0.2166483649159023 1874
0.1522214814614143 0.2167186099887441 1875
0.1520148952783544 0.2167909624137711 1876
0.1518021115098028 0.2168654854115489 1877
0.1515829442281947 0.2169422440992601 1878
0.1513572019281383 0.2170213055476026 1879
0.1511246873590802 0.2171027388393954 1880
0.1508851973529504 0.2171866151299419 1881
0.1506385226466366 0.2172730077092049 1882
0.1503844476991335 0.2173619920658457 1883
0.1501227505032052 0.2174536459531858 1884
0.1498532023913991 0.2175480494571461 1885
0.1495755678362388 0.2176452850662252 1886
0.1492896042444238 0.2177454377435767 1887
0.1489950617448542 0.2178485950012487 1888
0.1486916829702977 0.2179548469766508 1889
0.1483792028325043 0.2180642865113151 1890
0.1480573482905772 0.2181770092320192 1891
0.1477258381123923 0.2182931136343445 1892
0.1473843826288618 0.2184127011687395 1893
0.1470326834808254 0.2185358763291664 1894
0.146670433358348 0.2186627467444061 1895
0.1462973157321961 0.218793423272103 1896
0.1459130045772598 0.2189280200956308 1897
0.1455171640876752 0.2190666548238644 1898
0.1451094483834033 0.2192094485939451 1899
0.1446895012080032 0.2193565261771281 1900
0.144256955617341 0.2195080160878067 1901
0.143811433658959 0.2196640506958056 1902
0.2425057918486971 0.1732917747133651 1903
0.2426804611925987 0.1731819546086711 1904
0.2428603706168172 0.1730688399008364 1905
0.2430456773237623 0.1729523317517665 1906
0.2432365432319158 0.1728323283582246 1907
0.2434331351173138 0.1727087248628764 1908
0.2436356247592738 0.1725814132626678 1909
0.2438441890904927 0.1724502823144529 1910
0.244059010351648 0.1723152174377915 1911
0.244280276250638 0.1721761006148304 1912
0.2445081801265977 0.1720328102871804 1913
0.2447429211188362 0.1718852212497008 1914
0.244984704340842 0.1717332045410969 1915
0.2452337410595078 0.1715766273312349 1916
0.2454902488797336 0.1714153528050771 1917
0.2457544519345661 0.1712492400431345 1918
0.2460265810810437 0.1710781438983336 1919
0.2463068741019157 0.1709019148691887 1920
0.2465955759134136 0.1707203989691694 1921
0.2468929387792567 0.1705334375921495 1922
0.247199222531075 0.1703408673738191 1923
0.2475146947954479 0.1701425200489387 1924
0.2478396312277518 0.169938222304312 1925
0.248174315753025 0.1697277956273464 1926
0.2485190408140563 0.1695110561500719 1927
0.2488741076269185 0.1692878144884791 1928
0.2492398264441668 0.1690578755770386 1929
0.2496165168259323 0.1688210384982548 1930
0.2500045079191509 0.1685770963071075 1931
0.250404138745166 0.1683258358502258 1932
0.2646030057858579 0.2041514772864234 1933
0.2600979896084281 0.2246629328434326 1934
0.2626774900486155 0.1813835056505959 1935
0.4662680452179215 0.02172560013876909 1936
0.4474682170050543 0.3894786756839153 1937
0.5419101785591848 0.3880148911614213 1938
0.6291152969147458 0.01652928923120031 1939
0.7110460852799556 0.3910118163157592 1940
0.7851629243034512 0.0214161789728563 1941
0.855569969454296 0.3925783375492159 1942
0.9407138436610414 0.01873544912429573 1943
1.025593856814475 0.3913955892639288 1944
1.100807027892009 0.01746680636806 1945
0.2531328999497633 0.1622291122569346 1946
1.119077732686589 0.3890442558489261 1947
0.2482344581939544 0.2440004976113276 1948
1.194754519777121 0.0250422216065693 1949
0.3810796162753708 0.01592905092370131 1950
0.1508537332832603 0.157893677751951 1951
1.287741947310238 0.3840970934938932 1952
0.1518818907242316 0.2445675289169422 1953
0.2376396696499687 0.1468652118063399 1954
0.3778253709003154 0.386423619017678 1955
1.97744651046116 0.0263054527456251 1956
1.856591131676822 0.02826818237909204 1957
1.73708333055993 0.02831101734196309 1958
1.617581546678634 0.02835050201756764 1959
1.498103230677353 0.02837338268607781 1960
1.378707233506209 0.02839658062459283 1961
0.2315496336244137 0.2570787330423795 1962
1.916929559979401 0.3818720580324244 1963
1.79621364880945 0.3840970934938933 1964
1.676573248456694 0.3840970934938932 1965
1.437292447751182 0.3840970934938933 1966
1.556932848103938 0.3840970934938933 1967
0.1689031182272696 0.2568819328201442 1968
2.172426789845367 0.2175338465561033 1969
0.1685518615819563 0.1431046567977386 1970
0.1404750070012368 0.1755682145357006 1971
0.139660383894895 0.2256806278156647 1972
0.2109784411008221 0.2642712853428554 1973
0.2179581161284281 0.1377593963352406 1974
0.1892602562007615 0.2642386882688914 1975
1.197365349897392 0.3869434506469442 1976
0.1890215588991782 0.1357287146571445 1977
0.13466797541394 0.1966163736874778 1978
0.949955503216422 0.3887056142497999 1979
0.7813037592317078 0.3889257837227901 1980
0.6364498297544212 0.3904627996760233 1981
1.010196947910828 0.01638397672600797 1982
0.8541478319133661 0.01796016495300198 1983
0.694959893687642 0.0210565009123356 1984
0.5584575467242907 0.01875630168517811 1985
1.288140230716012 0.02592325640616819 1986
2.000939603290689 0.3843609390995629 1987
0.309214146743327 0.01619435872106897 1988
0.3003238629712843 0.388703451256797 1989
0.02162166500744189 0.310636173727743 1990
0.02120515923302291 0.09837324148591595 1991
2.065341433227455 0.02730982749435579 1992
0.1274790781202215 0.3867342340766243 1993
0.1269349643054801 0.02138194425978848 1994
0.2445250757012474 0.01937478542472248 1995
0.2286821066137672 0.3891625507661984 1996
0.01989697938807233 0.2414711816909287 1997
0.02017784120666066 0.1694784674095987 1998
0.2036565412732094 0.1348892502685497 1999
0.1357394807842858 0.2109212774830271 2000
2.172552723467684 0.1300421798515078 2001
2.095314649691339 0.3840970934938932 2002
1.150496985606611 0.02077012475910733 2003
0.1735487079875675 0.01990524256300338 2004
0.1810748546774703 0.3878305392441429 2005
0.5883383406545228 0.3908576452686737 2006
0.4951984010189201 0.3880088446594199 2007
1.070606517317362 0.3888593165060502 2008
0.9038670033016665 0.3902863520010696 2009
0.7398624360611902 0.0181104293010256 2010
1.058692559170786 0.01694366325684568 2011
0.8988876012165787 0.01808083791239259 2012
0.5157048531554271 0.01841670681969676 2013
0.4241173368997367 0.01845873967156672 2014
2.173721609413542 0.3072803642780467 2015
1.347562147486616 0.3840970934938932 2016
1.438386235570972 0.02837461243564329 2017
1.616753048280316 0.3840970934938933 2018
1.49711264792756 0.3840970934938933 2019
1.737823203137417 0.3817548307932692 2020
1.856033848985827 0.3840970934938932 2021
1.677330893792615 0.02833179359397567 2022
1.916342738241013 0.02825080583916864 2023
1.557837469756712 0.02836487365051246 2024
1.796837250628418 0.02828919592148568 2025
2.125475743260169 0.02863040784684592 2026
0.07491311936233935 0.02463562943698244 2027
0.07477585170070755 0.3862246646192316 2028
2.174001702335968 0.07409699651368051 2029
2.153913305667216 0.3848171187780287 2030
0.02407649263668299 0.04666612147588262 2031
0.02308455723599279 0.3675753338766925 2032
0.1960515242228646 0.1349225746232802 2033
0.1993927050001981 0.1288458562453949 2034
0.2068921695606638 0.1286476725309134 2035
0.2029240189597599 0.1222277246532706 2036
0.2103281163214279 0.1217416070426543 2037
0.2065211116316727 0.1152552451032598 2038
0.2144948929831627 0.1150125780042664 2039
0.1986339388403244 0.1159606276517925 2040
0.2103261112658195 0.1082457863580338 2041
0.2183821020053922 0.108029495401397 2042
0.2141250937211158 0.1011868305926132 2043
0.222195718574288 0.100991108181521 2044
0.2264006989085761 0.107812623979224 2045
0.2302116524105324 0.1008883945847358 2046
0.2343977379256958 0.1076145202935091 2047
0.2382118661329604 0.1006940381754199 2048
0.2423953293652832 0.1074048587056666 2049
0.2462065640615057 0.100372120299561 2050
0.2503920937129682 0.107172010159182 2051
0.2542031651165017 0.1001344894844261 2052
0.2583898504754618 0.1069500117532552 2053
0.2622020591553642 0.09991346891831555 2054
0.2663914764150155 0.1067330322157123 2055
0.2702030792322357 0.09969327813707929 2056
0.2744145793115549 0.1065134218721067 2057
0.2782269609509413 0.0994579780723219 2058
0.2824500168009649 0.1062887735201935 2059
0.2862789418140465 0.09934352699029404 2060
0.2904870596151894 0.1060813844912173 2061
0.2866509363274692 0.1131148220298394 2062
0.2946548685033121 0.1129140800739767 2063
0.2984856689240487 0.1058891512471031 2064
0.3026532318420879 0.112718221379979 2065
0.2988239098396177 0.1197423613215283 2066
0.3068137523850818 0.1195512921685778 2067
0.3029902618196458 0.1265712622769166 2068
0.3109801335168687 0.1263805620993075 2069
0.3071576977753561 0.1333999375506291 2070
0.3151552236014303 0.1332046385380759 2071
0.3113267659631067 0.140227710256216 2072
0.3193245637942662 0.1400322608973075 2073
0.3154951478266554 0.1470559235898568 2074
0.3234928313052688 0.1468605476786548 2075
0.3196632365578046 0.1538843211179447 2076
0.3276608711808862 0.1536889759061378 2077
0.3238312384942689 0.1607127729196543 2078
0.3317725136407434 0.1605518286911121 2079
0.3279898263956639 0.1675469711933735 2080
0.3359295325362937 0.1673869847101674 2081
0.3321544080304965 0.1743775110847754 2082
0.3401514581375307 0.1741825229336398 2083
0.3363308064051824 0.1812008382798613 2084
0.3443298259688595 0.181004648012672 2085
0.3405019146081928 0.1880273945014871 2086
0.3485000524765896 0.1878317424053887 2087
0.352329783835031 0.1808078850234752 2088
0.3564983056077204 0.1876360199551017 2089
0.3357207140987304 0.1537625269003583 2090
0.3603295763804262 0.1806810641906249 2091
0.3644962293251898 0.1874521387808044 2092
0.368327605730946 0.180499058574511 2093
0.3724939648098975 0.1872609357008132 2094
0.3759191796190173 0.1804846881997254 2095
0.3804239263454032 0.1870964515100944 2096
0.3838413700458106 0.1796204794994694 2097
0.388397694979162 0.1867947807466751 2098
0.3922347587987186 0.1802197639197373 2099
0.3964572978503154 0.1867141610745608 2100
0.4002972733758826 0.1797094757633132 2101
0.4044760607317441 0.1864854544882164 2102
0.3954372457286214 0.1728635037849422 2103
0.4083092295923572 0.179456088024596 2104
0.4124795905547705 0.1862748834857837 2105
0.4163102205723164 0.1792485396194815 2106
0.4204787539953099 0.1860749749696022 2107
0.4243086562824416 0.179050408184343 2108
0.4284767638271297 0.1858784130294597 2109
0.4323064738461413 0.1788544040068738 2110
0.4364744783664256 0.1856827633949359 2111
0.4281420230449456 0.1721679904015375 2112
0.440304139170016 0.1786589064232857 2113
0.4444721183169964 0.1854873502436613 2114
0.4483018582794043 0.1784672827128292 2115
0.4524697548003657 0.1852926221517833 2116
0.4562994941849063 0.1782726687975173 2117
0.4604673768385534 0.1850975098689956 2118
0.464297022225292 0.1780737424559682 2119
0.4684649784916914 0.1849016148166835 2120
0.4597975086690106 0.1710703563551061 2121
0.4722946204809217 0.1778777169420687 2122
0.4764625884498616 0.184706072774059 2123
0.4802922318232641 0.1776822337343918 2124
0.4844602019733226 0.1845106799507525 2125
0.4882898459409406 0.177486865780972 2126
0.4924578165535547 0.1843153312063754 2127
0.496287460697301 0.1772915243830837 2128
0.5004554314163622 0.1841199942344091 2129
0.4929125735304959 0.1707136400267009 2130
0.5042850756072046 0.1770961893731851 2131
0.5084530463518565 0.1839246602891755 2132
0.5122872208544273 0.1770863422883328 2133
0.5164514163556853 0.1837602415025712 2134
0.5202857167029784 0.1769270760281672 2135
0.5244493039711242 0.1835760720465199 2136
0.5282805789374829 0.1766190368658584 2137
0.5324465055861572 0.1833638153285369 2138
0.5249107552833414 0.1698955887723294 2139
0.5362776662191148 0.1764020989375535 2140
0.5404439637089771 0.1831620609392327 2141
0.5442735817764874 0.1761371865084518 2142
0.5484412692957183 0.1829540611879087 2143
0.552270861940549 0.175928145863458 2144
0.5564387768942278 0.1827543325069328 2145
0.560268403207687 0.1757297956942067 2146
0.5644363616785448 0.1825577640836384 2147
0.556100409558045 0.1689003869619733 2148
0.5682660008563054 0.175533753980526 2149
0.5724339687240763 0.1823621071125529 2150
0.5762636116120392 0.1753382489181421 2151
0.5804315816643301 0.182166691492051 2152
0.5842612255347461 0.175142873522738 2153
0.5884291961148658 0.1819713377078103 2154
0.5922588402369956 0.1749475300445409 2155
0.5964268109470383 0.1817759995491487 2156
0.588093702496761 0.1682350522603648 2157
0.6002564551327749 0.1747521944901413 2158
0.6044244258750727 0.181580665315382 2159
0.6082540700767861 0.1745568609105239 2160
0.6124220408271233 0.1813853320648944 2161
0.6162516850328388 0.1743615278239166 2162
0.6204196557851829 0.1811899990604555 2163
0.6242492999919 0.1741661948604859 2164
0.6284172707447453 0.1809946661175543 2165
0.6197530000787397 0.1672483783680299 2166
0.632246914951713 0.1739708619278408 2167
0.6364148857046836 0.1807993331900401 2168
0.6402205494484161 0.173523942344015 2169
0.6444085039208327 0.1805620691565602 2170
0.6482135015406005 0.1732796897928742 2171
0.652404675612264 0.1803515944442002 2172
0.6562429533189332 0.1736886011287186 2173
0.6604073561639338 0.1802544452665243 2174
0.6530754400397657 0.1673201943268653 2175
0.6642467186806427 0.1736103395401568 2176
0.668406840456206 0.1800949881905615 2177
0.6722426310268859 0.1733160608274092 2178
0.6764044832026677 0.1798891436108533 2179
0.6802399668490458 0.1731024849970767 2180
0.6844020562708136 0.1796890182609233 2181
0.6725734472159708 0.1868526968067662 2182
0.6405821903336849 0.1876208159342825 2183
0.6085923966196266 0.1884091362329323 2184
0.5766019373404907 0.1891904908966783 2185
0.5446115778830336 0.1899759326101212 2186
0.5126211429400076 0.190758283680587 2187
0.4806305576657796 0.1915344799624518 2188
0.4486400982213037 0.1923159043672506 2189
0.416649637575873 0.1930971262790001 2190
0.3846327764688324 0.1938762232635177 2191
0.3526685927019544 0.1946598660738361 2192
0.6882345524112155 0.1727814693580641 2193
0.6923991593492418 0.1794719394811765 2194
0.6837499338401862 0.1655302738571213 2195
0.6962315771580242 0.172561565006681 2196
0.7003965906268237 0.179268887011065 2197
0.7042262042201282 0.1722437962334833 2198
0.7083936769901471 0.1790518615222569 2199
0.7045639497859304 0.186072264712695 2200
0.7125614628136764 0.1858727495299302 2201
0.7163910900320078 0.1788482483002397 2202
0.7205590271319866 0.1856753395142101 2203
0.7243886628987454 0.1786511891456936 2204
0.7285566266362037 0.1854793727042445 2205
0.7323862682672804 0.1784554628700185 2206
0.7365542374217048 0.1852838685750478 2207
0.7403838809329952 0.1782600358542832 2208
0.7445518513036162 0.1850884914359675 2209
0.7362197367752508 0.1715882387827151 2210
0.7483814953309754 0.1780646798802241 2211
0.7525494659903071 0.1848931473021877 2212
0.7563791101517963 0.1778693412473277 2213
0.7605470808816016 0.1846978115594845 2214
0.7643767250771912 0.1776740069031379 2215
0.7685446958244256 0.1845024779300791 2216
0.7723740618203212 0.1774672828030757 2217
0.776542264412127 0.1843052463602463 2218
0.7682002262862093 0.1707855361003328 2219
0.7803716226821689 0.1772697349098367 2220
0.7845398626270942 0.1841092278348111 2221
0.7883659620548508 0.1769402879511062 2222
0.7925369288650782 0.1838914283058593 2223
0.7963629396300043 0.1767188582549026 2224
0.8005343461406436 0.1836880014867436 2225
0.8043558038877203 0.1763290149156259 2226
0.8085311363695662 0.1834589011787557 2227
0.8001240155130931 0.1690304591449159 2228
0.8123524896088692 0.1760956356928253 2229
0.8165284590012871 0.1832515993087011 2230
0.8203580544869477 0.1762258002977946 2231
0.8245280005391161 0.1831351472373893 2232
0.8283573155296413 0.1760978637718144 2233
0.8325255606297588 0.1829375677684582 2234
0.8363614417666488 0.1761691253654029 2235
0.8405242516577428 0.1827862928409774 2236
0.8318811734788045 0.16958038857779 2237
0.8443603212841898 0.1760255678614976 2238
0.8485222567220394 0.1826069321541565 2239
0.8523519659464627 0.1755857900071231 2240
0.8565189416498433 0.182373520449034 2241
0.8603484308515179 0.1753433697989503 2242
0.8645162099286956 0.1821639931818949 2243
0.8683457963555448 0.1751378232714752 2244
0.8725137255325511 0.1819645922678697 2245
0.8641778159724983 0.1683089577202111 2246
0.8763433531802342 0.1749401100829686 2247
0.8805113142440177 0.1817681846358578 2248
0.8843409540763026 0.1747442013312925 2249
0.8885089224853159 0.1815725766236532 2250
0.8923385655725727 0.1745487265890558 2251
0.8965065357482863 0.1813771742163231 2252
0.9003361796724886 0.1743533584492048 2253
0.9045041502821431 0.1811818238435361 2254
0.8961682088723344 0.1675248852551582 2255
0.9083337944181598 0.174158016748842 2256
0.9125017651354401 0.1809864865497546 2257
0.9163314093246968 0.1739626816348946 2258
0.9204993800687882 0.1807911525335433 2259
0.9243290242713866 0.173767348164945 2260
0.9284969950221702 0.1805958193375932 2261
0.9323266392281077 0.1735720151057051 2262
0.9364946099805631 0.180400486346805 2263
0.9281586684749095 0.166743543834197 2264
0.9403242541873358 0.1733766821491105 2265
0.944492224940209 0.180205153407318 2266
0.9483218691471904 0.1731813492181737 2267
0.9524898399001681 0.1800098204806575 2268
0.9563194841072018 0.172986016293651 2269
0.9604874548602056 0.1798144875572037 2270
0.9643170990672523 0.1727906833707316 2271
0.9684850698202626 0.1796191546345516 2272
0.9601491283142392 0.1659622121067929 2273
0.9723147140273126 0.1725953504482131 2274
0.9764826847803245 0.1794238217120999 2275
0.9803123289873753 0.1724000175257949 2276
0.9844802997403878 0.1792284887896984 2277
0.9806506555333367 0.1862522929759914 2278
0.9886482704934002 0.1860569600536035 2279
0.9486601956931111 0.1870336246667139 2280
0.9166697358602501 0.1878149566589606 2281
0.8846792778875983 0.1885963648146899 2282
0.8526891316011875 0.1893905344983287 2283
0.8206980352357705 0.1901458046151741 2284
0.7887077840008954 0.1909356773406309 2285
0.7567174366706825 0.1917216155871542 2286
0.7247269812598935 0.1925031289396495 2287
0.9924779147004512 0.1790331558673091 2288
0.9966458854534638 0.1858616271312174 2289
1.000475529660515 0.1788378229449232 2290
1.004643500413528 0.185666294208867 2291
1.008473144620578 0.1786424900225439 2292
1.012641115373592 0.1854709612864889 2293
1.016470759580642 0.1784471571001611 2294
1.020638730333655 0.1852756283640705 2295
1.012302788827629 0.1716186858362463 2296
1.024468374540705 0.1782518241777682 2297
1.028636345293718 0.1850802954416786 2298
1.032465989500769 0.1780564912553835 2299
1.036633960253782 0.1848849625192926 2300
1.040463604460833 0.1778611583329984 2301
1.044631575213845 0.1846896295969075 2302
1.048461219420896 0.1776658254106135 2303
1.052629190173909 0.1844942966745225 2304
1.044293248667884 0.1708373541467044 2305
0.9848186262863492 0.1930807642398968 2306
1.016809086126605 0.1922994325503838 2307
1.048799545966859 0.1915181008608157 2308
1.056797160926922 0.1913227679384314 2309
1.060626805133972 0.1842989637521375 2310
1.064794775886985 0.1911274350160466 2311
1.068624420094036 0.1841036308297526 2312
1.072792390847048 0.1909321020936616 2313
1.076622035054099 0.1839082979073676 2314
1.080790005807112 0.1907367691712766 2315
1.052967516719876 0.1983465721247635 2316
1.084619650014163 0.1837129649849827 2317
1.088787620767176 0.1905414362488917 2318
1.084957976560124 0.1975652404351857 2319
1.092955591520188 0.1973699075128007 2320
1.096792373013722 0.1902871806833926 2321
1.100953206480252 0.1971745745904157 2322
1.104834522362677 0.1901192309828667 2323
1.109286201606048 0.197163482732343 2324
1.089125947313137 0.2043937116990947 2325
1.11383224671261 0.1893987634605831 2326
1.119097374972091 0.1982118888393399 2327
1.124025096484043 0.1887211257260223 2328
1.129921848926046 0.1979942405162645 2329
1.124181217143246 0.2080267096327037 2330
1.116403785484603 0.1795091603954682 2331
1.13566686857424 0.2079694485810467 2332
1.142383879729235 0.1976807256257526 2333
1.08045167926115 0.1768844937210736 2334
1.149164556271161 0.2089106276439058 2335
1.156990827723845 0.1967605968096015 2336
0.3201379695721639 0.1260580462765613 2337
1.164692112184899 0.2100806358603358 2338
1.129722935328952 0.2183521868102938 2339
1.173182888570967 0.1956026965009018 2340
0.3065016010091764 0.1056960192434084 2341
1.182273041292321 0.210772024972029 2342
1.173429307825299 0.2251079256386746 2343
0.3325045884558601 0.1882225511409584 2344
1.19255458753918 0.1954379165382542 2345
1.203081318597637 0.2122113388086664 2346
1.21455676174533 0.1939335196649148 2347
1.226151574357206 0.2139981974814091 2348
0.3721552654765827 0.1733930441768062 2349
0.3200000375959301 0.1677375271684196 2350
1.238977287071058 0.1920689998116876 2351
0.3074975709415398 0.1472512329497228 2352
1.252515285834236 0.2151510116177757 2353
1.163994603441913 0.1804373625383826 2354
1.266421956407044 0.1912201359036451 2355
1.280477785463542 0.215495881124007 2356
1.294766796367274 0.1904041829068383 2357
1.308918183019575 0.2146827145900207 2358
1.323409934892893 0.1899569081750918 2359
1.338414680975472 0.2141505613400459 2360
1.352448499197399 0.1898786263389401 2361
1.36777006886535 0.214947962930811 2362
1.381670600549792 0.1898739357861484 2363
1.396367554454276 0.2143300299353746 2364
1.410889159593444 0.1899419293667126 2365
1.426544213187026 0.213737974643821 2366
1.440467303605778 0.1897646629839574 2367
1.456215209831147 0.2147917985278471 2368
1.470089397988775 0.1898148415346197 2369
1.484968364478325 0.215480989076956 2370
1.499536766442245 0.1899252416401599 2371
1.514474251568117 0.2155966765875673 2372
1.529247725174344 0.189849213990797 2373
1.544175167801695 0.2155749472389989 2374
1.558998235295197 0.1897754621121481 2375
1.573942918084801 0.2155309638052938 2376
1.588788025904391 0.1896731367680339 2377
1.603747233634918 0.215479886895524 2378
1.618603787096228 0.1895968759611866 2379
1.633573350655896 0.2154246187279436 2380
1.648432572258545 0.1895580391453272 2381
1.663411264486516 0.215371174859194 2382
1.678284663782618 0.1894918354621425 2383
1.693268389327179 0.2153140450033584 2384
1.708145585867784 0.1894218434936981 2385
1.723133995756081 0.2152558613828925 2386
1.738014385052149 0.1893558047292599 2387
1.753005419549438 0.2151954720368721 2388
1.767889350688738 0.1892905379916483 2389
1.782882552287983 0.2151343967233636 2390
1.79776802200208 0.1892262661335065 2391
1.812763548434001 0.2150729227412524 2392
1.827651508835886 0.189162699307477 2393
1.842648106970239 0.215010908502902 2394
1.857535974477656 0.1890997152501095 2395
1.872532611789359 0.2149474222963445 2396
1.887418718630676 0.1890366838975129 2397
1.902413917515685 0.2150573581992155 2398
1.917297677569616 0.1890059304723812 2399
1.932289536077563 0.2150241382263657 2400
1.947168776145496 0.1889562164971786 2401
1.962155102549883 0.2147497301916322 2402
1.977025132699632 0.1888839345151143 2403
1.992018438907043 0.2146123851783265 2404
0.274018448087247 0.09265815473134911 2405
0.2181598929227493 0.09388685693424154 2406
0.2093482248910641 0.09424003130923543 2407
0.2626004479600743 0.1137621400552773 2408
2.006854614742713 0.1888176962862179 2409
0.2137923882869844 0.08625481896327633 2410
0.242909597880159 0.09358340065652589 2411
0.2040851089392883 0.08656590090261464 2412
2.02181252368606 0.2145397282707133 2413
1.238158016600496 0.2368585371752149 2414
1.219934751368346 0.170349891187773 2415
0.2091433943349765 0.07758830730992153 2416
0.1987511128561414 0.07780196620635377 2417
1.337441243541426 0.1640769537041567 2418
2.03660264544179 0.188773171731709 2419
1.383322646562293 0.2362921993119031 2420
2.021686315542376 0.1630456283586657 2421
1.946939718577424 0.2429911572931998 2422
1.827758269997884 0.2409235335109166 2423
1.470774739931623 0.2389829772932915 2424
1.708250290989604 0.2411515946137906 2425
1.588880494898183 0.2413278932453008 2426
1.454944193998753 0.1640593839187526 2427
1.573833608865213 0.1638322710640565 2428
1.693168650427468 0.1636128966500164 2429
0.2466050871845791 0.1141911021754173 2430
1.294801788105401 0.2373061328450352 2431
1.812676319025697 0.1633541728938565 2432
1.932191315470773 0.163092267964963 2433
0.1939656267990681 0.08727497074857175 2434
0.1880485113786209 0.07813733058786351 2435
0.1831569592834671 0.08792806968916966 2436
0.1768310739246839 0.07862629694210194 2437
0.1714754908037976 0.08908711325059968 2438
0.1644349528156777 0.0789128070010873 2439
0.15841031364429 0.09248345618059596 2440
2.051533966049891 0.2144503963190267 2441
2.036745767743282 0.240214275601083 2442
2.051415318004202 0.1630056972782706 2443
1.872459813788178 0.1632248248460964 2444
1.887529013575095 0.2407942038143234 2445
1.752894404035904 0.163460301170594 2446
0.4761242599574093 0.170853716185816 2447
0.4966257872036508 0.1911437981852717 2448
0.656578086377781 0.1872371386074697 2449
0.3564672862146055 0.1738582299908792 2450
0.6040893904603772 0.1678631403225871 2451
0.3366731302518255 0.1950506738506679 2452
0.3286756586002104 0.1952459193002 2453
0.3328437484117885 0.2020743178929336 2454
0.3248461771795617 0.2022696241246472 2455
0.3290141750636408 0.2090980788282481 2456
0.3210165719133953 0.2092934045421364 2457
0.3251845491565544 0.216121871844578 2458
0.3171869372464855 0.2163172029053016 2459
0.3213549095895208 0.2231456731986901 2460
0.3293525248145879 0.2229503401145514 2461
0.3255228814250379 0.229974143801858 2462
0.3335204965655214 0.2297788107693484 2463
0.3296908525247877 0.2368026148541249 2464
0.3376884675426444 0.2366072818964659 2465
0.3338588233729419 0.2436310860599625 2466
0.3418564383488655 0.2434357531278983 2467
0.3258612084190958 0.2438264189785542 2468
0.3380267941506807 0.2504595573087809 2469
0.3460244091148653 0.2502642243838794 2470
0.3421947649099802 0.2572880285688518 2471
0.35019237987109 0.2570926956458274 2472
0.3463627356645744 0.2641164998317929 2473
0.3543603506249017 0.2639211669092474 2474
0.3383651207046013 0.2643118327541237 2475
0.3581899948319955 0.2568973627229271 2476
0.3623579655852094 0.2637258339867155 2477
0.3661876097922406 0.2567020298004326 2478
0.3703555805452836 0.2635305010643271 2479
0.3741852247523382 0.2565066968780295 2480
0.3783531955053547 0.2633351681419384 2481
0.3821828397124092 0.2563113639556417 2482
0.3863508104654202 0.2631398352195522 2483
0.3901804546724742 0.2561160310332579 2484
0.3943484254254843 0.2629445022971676 2485
0.398178069632537 0.2559206981108736 2486
0.4023460403855486 0.2627491693747833 2487
0.4061756845926008 0.2557253651884898 2488
0.4103436553456122 0.2625538364523997 2489
0.4065140111385599 0.2695776406386929 2490
0.4145116260986235 0.2693823077163098 2491
0.4183412703056758 0.2623585035300154 2492
0.4225092410586869 0.2691869747939266 2493
0.4263388852657395 0.2621631706076322 2494
0.4305068560187508 0.2689916418715437 2495
0.4343365002258031 0.2619678376852507 2496
0.4389669274370903 0.2704974844964569 2497
0.4424111912622458 0.2620560340207505 2498
0.4471266463206629 0.2691214758087238 2499
0.4504486695556245 0.2617111766804555 2500
0.4547774723084255 0.2684206136778181 2501
0.4583951302425238 0.2614066681536668 2502
0.4625545752833407 0.2682169434835091 2503
0.4663474674928687 0.2611917497518951 2504
0.4705078180021836 0.2680139286388948 2505
0.4743301407944425 0.2609918722625757 2506
0.4784955473122955 0.2678165579683176 2507
0.482323617869766 0.2607954422876717 2508
0.4864887445209525 0.2675355197910808 2509
0.4903198068904713 0.2605856423140553 2510
0.4944834811732337 0.2672476989628626 2511
0.4983167044760117 0.2603724835654944 2512
0.5024809334968702 0.2670496795250447 2513
0.5063141727675836 0.2601737319195129 2514
0.5104755152281988 0.2667312487109197 2515
0.5143112577447748 0.2599573128945673 2516
0.5185307673780556 0.2664763419772275 2517
0.5223183905726592 0.2597485366532075 2518
0.5265461786953685 0.2665392242183692 2519
0.5303205579035691 0.2595939990382501 2520
0.5344892873850533 0.266429269520071 2521
0.5383098472137107 0.2594196950377863 2522
0.5424751731774442 0.2662001977242096 2523
0.5463041197041749 0.259222243790142 2524
0.5504702761979627 0.2659988886020375 2525
0.5543007589293814 0.2590255617802515 2526
0.5584508895262509 0.2658441697350143 2527
0.562295377661673 0.258836773019175 2528
0.566442060925061 0.2655293382691676 2529
0.5702914193235661 0.2586226143664336 2530
0.5744560172755515 0.2653205897623869 2531
0.5782914956323391 0.2584219078915895 2532
0.5824598766101333 0.2652494835634375 2533
0.5862905615462737 0.2582463838310363 2534
0.5904587741249284 0.2650781565719327 2535
0.5942886320911039 0.2580583533741028 2536
0.5984566787749086 0.2648880417156055 2537
0.6022863712636148 0.2578651072069716 2538
0.6064543627186995 0.2646939262634415 2539
0.6102840184230411 0.257670324988852 2540
0.6144519945426112 0.2644988880368067 2541
0.6182816415603067 0.257475132966472 2542
0.6224496136761833 0.2643036277137168 2543
0.6262792585788224 0.2572798356273063 2544
0.63044308423582 0.2639385840056646 2545
0.6342761831485567 0.2570562235045157 2546
0.6384345111033356 0.2634898821721577 2547
0.6422726516948074 0.2568139492302118 2548
0.6464309155339318 0.263244984868376 2549
0.6502698738309903 0.2566025320189154 2550
0.6543822707211542 0.2633246504769841 2551
0.6582597133582671 0.2564503514702132 2552
0.6625402060072044 0.2631319674638701 2553
0.6662827524672015 0.2562626522616556 2554
0.6706652932305878 0.2629640127062831 2555
0.6743058501626312 0.256073154652341 2556
0.6784721410361525 0.2626599262162028 2557
0.6822759177195027 0.2558606686875495 2558
0.6864451108878632 0.2624364425855349 2559
0.6902648339276412 0.2556577851400883 2560
0.6944430955399254 0.2624778316932176 2561
0.6982610607110503 0.255500647451871 2562
0.7024217095756018 0.2620451735971439 2563
0.7062552774876071 0.255272126206235 2564
0.7104495178313414 0.2617840470048303 2565
0.7142573582996984 0.2550602962849764 2566
0.7184599998417046 0.2618653099619793 2567
0.7222578620768165 0.2549083131760372 2568
0.7264186095411048 0.2617643237434151 2569
0.7302494576296125 0.2547359296732115 2570
0.7344164251480771 0.2615682258403819 2571
0.738246102796283 0.2545442941573141 2572
0.7424138764284913 0.2613735169583395 2573
0.746243528844173 0.2543496814760702 2574
0.7504114642002419 0.2611782876933422 2575
0.7465818180052758 0.2682020994586897 2576
0.7545794272659696 0.2680067882655627 2577
0.7584090713597946 0.2609829845109651 2578
0.7625770401343689 0.2678114633178007 2579
0.7664066846711624 0.2607876578743544 2580
0.7705746551493891 0.2676161301858936 2581
0.7744042993656027 0.2605923259646807 2582
0.7785722700646213 0.2674207974344353 2583
0.782401914273924 0.2603969932395712 2584
0.7865698850172381 0.2672254645404455 2585
0.7903995292241227 0.2602016603548004 2586
0.7945674999746235 0.2670301316282758 2587
0.7983971441820958 0.2600063274403895 2588
0.802565114934757 0.2668347987056288 2589
0.8063947591418227 0.2598109945192923 2590
0.8105627298947637 0.2666394657834642 2591
0.8143923741018207 0.259615661597161 2592
0.8185510234311036 0.2660624810798961 2593
0.8223884354912528 0.2593567200446235 2594
0.8265439034595869 0.2656732834512954 2595
0.8303850023676146 0.2591184748995128 2596
0.8345498760074859 0.2658201394886402 2597
0.838383835578367 0.2589730214332976 2598
0.8425520093731581 0.2658098059399028 2599
0.8463824066478136 0.2588168349825512 2600
0.8505471995245708 0.2655151928464914 2601
0.8543797768246659 0.2586114797769373 2602
0.8585443695526573 0.2653016428483996 2603
0.8623772768321981 0.258411440294732 2604
0.8665330301979735 0.2652324761955911 2605
0.8703733802477153 0.2582363506573088 2606
0.8745045677245421 0.2651244608492421 2607
0.8783663970447719 0.2580589445450925 2608
0.8825412645353239 0.2648814694820802 2609
0.8863697592861205 0.2578586563502597 2610
0.8905294189038757 0.2643067957316688 2611
0.8943667553611464 0.257599274077798 2612
0.8985201466365965 0.2638243587228505 2613
0.9023631193024799 0.2573454155826662 2614
0.9065256742377835 0.2639509268610464 2615
0.9103618445329424 0.2571939785749226 2616
0.9145300003310188 0.2640297658246193 2617
0.9183607630602681 0.2570516569526528 2618
0.9225274177319835 0.2638261830130119 2619
0.9263585623550257 0.2568637842654189 2620
0.9305250304879797 0.2636307184816173 2621
0.9343562076701937 0.2566696727807266 2622
0.9386038247782087 0.263803610512487 2623
0.9423673575778022 0.2565359142568351 2624
0.946522184215833 0.2633188061030287 2625
0.9503540191087169 0.2563025984863559 2626
0.9545095793971655 0.2626913566288482 2627
0.9583481052008005 0.2560289156639917 2628
0.9625154878091469 0.2628443286112387 2629
0.9663465142581873 0.2558785752423746 2630
0.9705137609217147 0.2626794796384155 2631
0.9743443712598893 0.2556958217283805 2632
0.9785115259141355 0.2624913239423583 2633
0.9823420515656187 0.2555037815784849 2634
0.9865100332095721 0.2623328016378097 2635
0.9903398261391883 0.2553151325544895 2636
0.9945078234944489 0.2621447178014648 2637
0.9983374969223051 0.2551221217961785 2638
1.002505476979157 0.2619509800874344 2639
0.3825211662583654 0.2701636394058485 2640
0.3585283213781316 0.2707496381730254 2641
0.7229027851700265 0.2685848217518764 2642
0.6984094949398972 0.2688789192215302 2643
0.6745972965740115 0.2691810880408989 2644
0.6497825124450143 0.2707980407050757 2645
0.6269122481371797 0.2714719155790354 2646
0.6019351980655284 0.2717347831564949 2647
0.5786002928989714 0.2718764619882571 2648
0.5550630799051532 0.2730087050001114 2649
0.5307765865587334 0.2733867990061707 2650
0.5061306427129936 0.2733330709712068 2651
0.4827793577583772 0.2745179185444427 2652
0.4596627882428861 0.2754926303759117 2653
0.4329011941990756 0.2768168731352757 2654
0.4106819818915708 0.2764061119026031 2655
0.9818585556363726 0.2708242273807888 2656
0.9573503752510184 0.2687858287938542 2657
0.9345327522967715 0.2709341971783637 2658
0.9098050992465009 0.2707412597223743 2659
0.8880845791775719 0.2723085297394758 2660
0.8620942202935848 0.2717045804688503 2661
0.8391323420303571 0.2729767841981907 2662
0.8155200529707749 0.2738605315153606 2663
0.7909945997248061 0.2738246112943222 2664
0.7667397480280165 0.2744244542503547 2665
1.006335127606985 0.2549274417692006 2666
1.010503100980764 0.261756021849012 2667
1.006750801272778 0.2686556986327688 2668
1.014682820519998 0.2685170502171572 2669
1.018502676015584 0.2615495290273129 2670
1.02267097344772 0.2683761403080041 2671
1.026499040649383 0.2613614066239165 2672
1.030666660601767 0.2681918992130297 2673
1.034496125920733 0.2611691240926004 2674
1.038663919529543 0.2679986152207434 2675
1.04249359326063 0.260974641057079 2676
1.046661539410279 0.2678032539687999 2677
1.042831891102665 0.2748270817630606 2678
1.050818338481545 0.274625658990768 2679
1.054657289142937 0.2676069288924693 2680
1.05882712020268 0.2744364206398913 2681
1.062656454358612 0.2674124463730138 2682
1.066835553030159 0.2742344248058602 2683
1.018656247228541 0.2753597669738372 2684
1.046986832327534 0.2816484521367365 2685
1.030328125353043 0.2543408243396667 2686
0.9621787738788345 0.2490597791146639 2687
0.9301886277497502 0.2498571964975884 2688
0.8981973699592563 0.2506077544930519 2689
0.8662071938018061 0.2514124925013475 2690
0.834216584052662 0.2521739978578316 2691
0.8022267883888157 0.2529825232553318 2692
0.7702363286141216 0.2537638546949489 2693
0.6860929894973938 0.2488838864685112 2694
0.6221112879417457 0.2504513663799952 2695
0.5901206969646176 0.2512305489415521 2696
0.5581301198863207 0.2520125073522104 2697
0.5261433763174186 0.252778624275349 2698
0.46217337140694 0.2543630468970913 2699
0.4301685294727924 0.2551393664213382 2700
1.070656130672513 0.2672161446991783 2701
1.074824444984496 0.2740444545045135 2702
1.071005531106856 0.2810616020147946 2703
1.078992807551282 0.2808726831828324 2704
1.066486648825387 0.2603885941152025 2705
1.075163032173506 0.2878964517368294 2706
1.083159098658861 0.2877021770921652 2707
1.086988484786797 0.2806785492854925 2708
1.091156132585715 0.2875072203869102 2709
1.094985679953901 0.2804834789034724 2710
1.099181672728434 0.2873273107399682 2711
1.103106648727972 0.2800616767482783 2712
1.107559936409792 0.2874202487873333 2713
1.111765862924511 0.2796885562129151 2714
1.116511424402535 0.2874845318083162 2715
0.3133572954027934 0.2233410056490432 2716
0.6620998235740165 0.2494671695750201 2717
0.5021469956727378 0.2533783852435822 2718
0.3168486031286863 0.2024649320768111 2719
1.095138386547836 0.2938950270665534 2720
1.074484355495404 0.2601932531809013 2721
1.002167157924104 0.2480990148166328 2722
0.7420755594592683 0.2475212049961628 2723
0.7100850530750221 0.2483027141379749 2724
0.3700172539993257 0.2496782256141214 2725
0.4020077138395892 0.2488968939245803 2726
1.070316148178367 0.2533649340283263 2727
1.107014262553613 0.2721222758679209 2728
1.078313738996085 0.2531696251225142 2729
1.116250150134337 0.2715586843392581 2730
1.074145801724428 0.246344333096128 2731
1.082115556197634 0.2461654896740973 2732
0.3415181117593262 0.2295834777042932 2733
1.111011053703527 0.2634247039428251 2734
1.121092553401651 0.2619954266234998 2735
1.066148115412175 0.2465370460085564 2736
1.069971085490294 0.2395206033250744 2737
1.061979010076781 0.2397094622008119 2738
1.065801724460952 0.2326899203364604 2739
1.057810618513985 0.2328807702254783 2740
0.4781542192331749 0.2539673688870425 2741
0.5421355949123734 0.2524030262870284 2742
0.7000574788391891 0.1653843943590488 2743
1.000813856206484 0.192690098395239 2744
0.900674506051199 0.1882056270515678 2745
1.081128332353074 0.2045890446214797 2746
1.085300282391284 0.2114150870043578 2747
1.052290863627947 0.1706420212243195 2748
1.048122892874935 0.1638135499604104 2749
1.056120507834998 0.1636182170380255 2750
1.051952537081986 0.1567897457741165 2751
1.059950152042049 0.1565944128517316 2752
1.055782181289036 0.1497659415878225 2753
1.063779676875481 0.1495705435784166 2754
1.059611805600484 0.1427421265536918 2755
1.067609297870995 0.142546726736313 2756
1.05161420722009 0.1429374685159408 2757
1.063441442623012 0.1357183184501234 2758
1.071439056366883 0.1355229848863176 2759
1.067271104680782 0.1286945240003334 2760
1.075268722636886 0.1284991927771869 2761
1.071100755540111 0.1216707234496506 2762
1.079098371648581 0.1214753911982303 2763
1.063103141189421 0.1218660566947645 2764
1.074930401656649 0.114646920303848 2765
1.082900515567426 0.1144683738736786 2766
1.087091415226525 0.1212833073007057 2767
1.090829418150465 0.1141773419847738 2768
1.09507761509343 0.1211052760194634 2769
1.09886647327843 0.1138520286878625 2770
1.103144586177845 0.1208931655298952 2771
1.107248736738361 0.1137105065537176 2772
1.078727961433045 0.1076427004200599 2773
1.102787748873813 0.1063597033932335 2774
1.111691355388545 0.1060621227711555 2775
1.11652358640992 0.1141155644982945 2776
1.121549318231344 0.1053720579743606 2777
1.099293207069235 0.1279732015298494 2778
1.127044889423149 0.1147251640764355 2779
1.132795828942193 0.1042980514503399 2780
1.106882391631174 0.098620146186861 2781
1.139431147780728 0.115297007810165 2782
1.145842713025921 0.1025745820654096 2783
1.153418542492326 0.115785350446349 2784
1.075602597523107 0.14235429648575 2785
1.160761242005634 0.1012448323372511 2786
1.132665935208 0.1256067891080401 2787
1.043954922121922 0.1569850786965015 2788
0.6245876265376584 0.1880184703026957 2789
0.8801729825941621 0.1679157002143377 2790
0.8686840743961659 0.188988112742912 2791
1.079345440374346 0.2947350204845003 2792
1.071295576366522 0.2949202484500704 2793
1.075498544322039 0.301773878482987 2794
1.067406507208859 0.302003552228241 2795
1.07180897592101 0.3093431736720488 2796
1.062912953278825 0.3096437702111907 2797
1.067771302349634 0.3176623703143162 2798
1.057993892230884 0.3178694890216393 2799
1.077477523805149 0.3171627371129742 2800
0.4326448674960001 0.1927064604342325 2801
1.032804316046738 0.1919087667056633 2802
0.8182217593804261 0.252581255972506 2803
0.9861718801732726 0.2484876838077063 2804
0.8822015969570494 0.2510303502620497 2805
0.9768210113262856 0.1932760971622817 2806
0.9809889820792982 0.2001045684261898 2807
0.9729913671192346 0.2002999013485748 2808
0.9771593378722472 0.2071283726124838 2809
0.9691617229121836 0.2073237055348687 2810
0.9733296936651963 0.2141521767987778 2811
0.9653320787051327 0.2143475097211627 2812
0.9813273086252599 0.2139568438763928 2813
0.5720999820002297 0.1686875192013326 2814
0.7407222070328333 0.1921122930085633 2815
0.5925971667328243 0.1887998034422249 2816
0.8161920590330911 0.169478204709571 2817
0.7087317877850448 0.1928952898401849 2818
0.7007341676880519 0.1930904121165629 2819
0.7049021060095962 0.1999175529404916 2820
0.6969044942377951 0.2001130166581183 2821
0.7010724601169404 0.2069412879812407 2822
0.6930748448759412 0.2071366093793651 2823
0.6972428144001231 0.2139650302330902 2824
0.7052404295250797 0.2137697040750206 2825
0.6892451995581292 0.2141603679990682 2826
0.9963075589075021 0.1720093516810141 2827
0.9121634385687183 0.1671342102495578 2828
0.6061160495862485 0.2508418875435035 2829
0.9141929787276057 0.2502308015744156 2830
0.7522144994697366 0.1711784430712847 2831
0.932664965773419 0.1874242905292977 2832
0.667662187417665 0.1665377300339749 2833
0.5286164425012534 0.1903704691863368 2834
0.4461960953072669 0.254818289592881 2835
0.7727126588448731 0.1913306325954167 2836
0.8047027191173196 0.1905329411982546 2837
0.9441538983941662 0.1663528779537896 2838
0.8366937473070387 0.189774879729217 2839
1.070757083943622 0.1078217133253597 2840
1.074585836990671 0.1007984531866358 2841
1.066415968883127 0.1010433320720218 2842
1.070547417337093 0.09368065411037083 2843
1.061621324544245 0.09397689835092246 2844
1.066204364523834 0.08607740404384939 2845
1.056926021382054 0.08626429548797533 2846
1.052454002054557 0.0944205098554224 2847
1.047539551204566 0.08664863046656404 2848
1.043438126887829 0.09487574217097096 2849
1.038269116057357 0.08715236971748511 2850
1.034212243763755 0.09533894800830681 2851
1.029035558440358 0.08767747307968524 2852
1.024996572609231 0.09580936817684069 2853
1.019858757348591 0.08820685886562303 2854
1.015851464142432 0.09627564720417649 2855
1.010707825126761 0.08886141786312854 2856
1.006903631712807 0.09697374889473415 2857
1.011954880418813 0.1034487340025579 2858
1.003301235771642 0.104238330727792 2859
0.9984844179399245 0.09778530453633935 2860
0.9950625418165966 0.104939401359383 2861
0.9903195973493552 0.09863185961740352 2862
0.9866878653792451 0.1056059397921321 2863
0.9822079700797643 0.09946443719324927 2864
0.9855823134870514 0.09310878545333016 2865
0.9786444540974815 0.1066845481109239 2866
0.9741943887733351 0.1003741374276326 2867
0.9709012327073162 0.1072749759082835 2868
0.9662629478524002 0.1012025630409715 2869
0.9627728685896605 0.1090783989887187 2870
0.9582847311245875 0.1022148285246313 2871
0.9546673781154255 0.1093897570450009 2872
0.9503285161855506 0.1032561439731632 2873
0.9471525376370609 0.1103305365834909 2874
0.9424476481890111 0.1041604289158333 2875
0.9391796220337162 0.1110334147895216 2876
0.9344909645354142 0.1048911453335928 2877
0.9312302454012992 0.1119194317178255 2878
0.9265443699524202 0.1057971444026955 2879
0.9232654492745298 0.1126709703831232 2880
0.9185754414731468 0.1065118366757436 2881
0.9153074723446025 0.1134893313794211 2882
0.910615999532329 0.1073170003495904 2883
0.9073797115326798 0.1145879316353583 2884
0.9028251144357964 0.107951789782091 2885
0.8994098452083803 0.1150098483241094 2886
0.8947089310450435 0.1090389678698498 2887
0.8913670665983018 0.1158091216520461 2888
0.8867553968014009 0.1098999516299786 2889
0.8834463941373828 0.1171007911062174 2890
0.8785338695442343 0.1105089576278241 2891
0.8755707292444546 0.1180793899750356 2892
0.8707460283218513 0.1116220714277864 2893
0.867609578031432 0.1190275388789168 2894
0.8628812910130295 0.1125419487436697 2895
0.9994779800095533 0.1110186159817103 2896
0.8596601407526988 0.1198257259914693 2897
0.8549432390860086 0.1134022819884949 2898
0.8517098697226448 0.1206761352244514 2899
0.8469880126612376 0.114216901978461 2900
0.8437565973177458 0.1215276292683619 2901
0.8390342400271977 0.1150685768241927 2902
0.8422653806138 0.1077498586360364 2903
0.8660620708687937 0.1057185620739647 2904
0.889927756414853 0.1018446984018864 2905
0.9142711731518169 0.09989158713526811 2906
0.8343117949493555 0.1086086081708791 2907
0.8310806659672033 0.1159273291906079 2908
0.8263582584008061 0.1094694864668563 2909
0.8231271247033509 0.116787923474426 2910
0.8184613561499424 0.110355391723491 2911
0.8151830279551368 0.1176529959045874 2912
0.8105540508898614 0.1115465393123258 2913
0.8072387714579924 0.1185696884145059 2914
0.8025531342209306 0.1124468311822876 2915
0.7992788864345515 0.1194465083179049 2916
0.794559940088549 0.1130333671592126 2917
0.7913176837461531 0.1202643901380448 2918
0.7866004636792665 0.1138400029203358 2919
0.7833618810674445 0.1211091322416747 2920
0.778641047954537 0.1146475314289852 2921
0.8216971601925955 0.1032675424792984 2922
0.7977528316140137 0.10646388273298 2923
0.775406988504443 0.1219584998504738 2924
0.7706843611875442 0.1154990930004528 2925
0.7739160543072107 0.1081783569423905 2926
0.765961115529728 0.1090387826221826 2927
0.7627301230043372 0.1163577104660228 2928
0.7580076047507376 0.1098998452587969 2929
0.7547764753482094 0.1172183129898061 2930
0.7500608249262344 0.1108233126016022 2931
0.7468240479390091 0.1180896471409902 2932
0.742108600891522 0.1116964353573531 2933
0.7388709165359288 0.1189543791322321 2934
0.7341485827456834 0.1124975330126183 2935
0.730916368782014 0.1198060065800694 2936
0.7261937989332963 0.1133469763698881 2937
0.9752893058420624 0.1142135057358261 2938
0.7294285969475394 0.1060255612732313 2939
0.7214717723719267 0.1068868288284274 2940
0.753362182057748 0.103599370923606 2941
0.7182400906699614 0.1142053307125335 2942
0.7135176607363405 0.1077474216514874 2943
0.7102864311910462 0.1150658110802373 2944
0.7055640093881619 0.1086082563567007 2945
0.7023328565574358 0.1159266860991431 2946
0.6976216670834544 0.1095728277263105 2947
0.6943811809052878 0.1168049163373152 2948
0.6896703079282167 0.1104539505010271 2949
0.6864283189416283 0.1176721310128826 2950
0.6817060300579532 0.1112156986739899 2951
0.6784731061402123 0.1185176139943905 2952
0.6737504254502447 0.1120575597064878 2953
0.67699623994777 0.1047279039765423 2954
0.7009730653229209 0.102323914448103 2955
0.7247045140802546 0.09954563389309308 2956
0.6690380576121663 0.1056683021433954 2957
0.6657981717013629 0.1129262946451121 2958
0.6610839621023236 0.1065438135010613 2959
0.6578447573291476 0.1137909915345797 2960
0.6531223763773798 0.1073341395646707 2961
0.6498899011505264 0.1146408178668457 2962
0.6453165754853255 0.1082474021991988 2963
0.6419607688096522 0.1155086552013975 2964
0.6372133000144125 0.1090385973745209 2965
0.6339863446785925 0.1163591497931289 2966
0.6290342630242945 0.1100653519975077 2967
0.6259917449959675 0.1172460138356678 2968
0.6212692694034293 0.1108553919116758 2969
0.6180627899496243 0.1180994870018716 2970
0.6133512551297995 0.1117032999318238 2971
0.610119272233867 0.1189570397063494 2972
0.6053985407248426 0.1124989970389415 2973
0.6021675440513193 0.1198065705150344 2974
0.5974454441311632 0.113347190864994 2975
0.6006803220495611 0.1060257163709 2976
0.592723790411698 0.1068867669287801 2977
0.6243364924292063 0.1041681102878163 2978
0.6485953414267274 0.1011312041246387 2979
0.6718712990487299 0.0983295736980796 2980
0.5894921575326906 0.1142052326466673 2981
0.5847697978765467 0.1077472714921246 2982
0.5815385881813249 0.1150656462109223 2983
0.5768161813996993 0.1086080803534768 2984
0.5735850343808612 0.1159265057886089 2985
0.5689593609488934 0.109511721367046 2986
0.5656476158432211 0.1167945783939035 2987
0.5607623291815089 0.1105728200513446 2988
0.557656184629955 0.1176900961155875 2989
0.5526651650977978 0.1114302048587825 2990
0.5496723959180307 0.118556235710527 2991
0.5449951781899564 0.1125635947755591 2992
0.5417610771523079 0.119463479802565 2993
0.5370866795172455 0.1134844602369973 2994
0.5338220847501407 0.1203421539015624 2995
0.5290928492286929 0.1138944020864581 2996
0.525864258139259 0.1211309123997245 2997
0.5211444327822594 0.1146918050991288 2998
0.5179108614672776 0.1219692618249492 2999
0.5131927924341561 0.1155376752066526 3000
0.5958715567208409 0.09950871139834717 3001
0.5722510668794398 0.1026104152926987 3002
0.5469172107813773 0.105615439311531 3003
0.5243784250642711 0.10772749575848 3004
0.5099576658015017 0.1228239542538258 3005
0.5052363393015357 0.1163646904016063 3006
0.5020037015060069 0.1236782280312159 3007
0.4972812289003607 0.1172196388759592 3008
0.5005119502554557 0.109899395886974 3009
0.4925584846715148 0.1107606777144439 3010
0.4893273628014927 0.1180791819772615 3011
0.4846048817681703 0.1116213634072279 3012
0.4813737618053622 0.118939875949694 3013
0.4766513497496103 0.1124823568269448 3014
0.4734202168071523 0.1198008130218046 3015
0.4687390375811968 0.1137241458882014 3016
0.4654735511169532 0.120725256550784 3017
0.4607696101459964 0.1144383163025615 3018
0.4575185127669584 0.1215723480480918 3019
0.452843933734528 0.115556643311103 3020
0.4495693708109532 0.1224739069724847 3021
0.4448500672695004 0.1160450490525975 3022
0.4416098465783519 0.1232795569235507 3023
0.436889329226314 0.116834336403777 3024
0.4336541133699585 0.1241193689806749 3025
0.4289318625143433 0.1176579917677104 3026
0.448620091921714 0.1085795854126081 3027
0.4710832496603202 0.1063355466892495 3028
0.4957520243096359 0.1034254022108538 3029
0.4256995572208038 0.1249706027242684 3030
0.4209769859728805 0.1185115068967153 3031
0.4242086074687683 0.1111924037069965 3032
0.4162542608805301 0.1120519317862136 3033
0.4130231455996678 0.1193706243369129 3034
0.4083006876469679 0.1129128150201572 3035
0.40506955383611 0.1202312802893541 3036
0.4003471384014059 0.1137737301836993 3037
0.3971160075054954 0.1210921979821027 3038
0.3923936045606625 0.1146347161460728 3039
0.3891624713145077 0.1219531710980416 3040
0.3844400699141203 0.1154956977039545 3041
0.4038394293004652 0.1067672325387037 3042
0.3812202651566861 0.1228058681093502 3043
0.3764997522406509 0.1163470161597475 3044
0.3797198717454771 0.1090366159950994 3045
0.3717641347401384 0.1098992106392842 3046
0.374995635180391 0.10258048757368 3047
0.3667528445648214 0.1035279842464672 3048
0.9380220486696551 0.09700884830434164 3049
0.3703232868630471 0.09593595754145114 3050
0.3617233527173374 0.09692130151967276 3051
0.9615801158107112 0.09507138227753116 3052
0.9518749340153281 0.116788011435395 3053
0.3685192388979902 0.1172571277277675 3054
0.9287643797538945 0.1187241378421039 3055
0.538539755777397 0.1266888570809891 3056
0.6307455818071359 0.1236805192026713 3057
0.5783074330269447 0.1223839717551105 3058
0.7515455082570278 0.1245384312915327 3059
0.4018384088387313 0.127549671009147 3060
0.7801289017453169 0.1284147229813667 3061
0.8198975630718917 0.1241069916620818 3062
0.6546120784286067 0.1210963259778519 3063
0.9034806186041613 0.1217601474639398 3064
0.3654535008612365 0.08898658764287939 3065
0.3566337595265172 0.089809177583034 3066
0.3740092055095908 0.08841550841893871 3067
0.4781426177992979 0.1262582841149259 3068
0.7070552508851723 0.1223841444248101 3069
0.5067258516893076 0.1301348793634632 3070
0.4383758338764567 0.1305712694708021 3071
0.8484789512430531 0.1279838122106569 3072
0.879659636938992 0.1251981761377416 3073
0.6068899677549549 0.1262622278216949 3074
0.3530484762184835 0.09794152099215445 3075
0.3478326916108565 0.09107364846876397 3076
0.3512405223397103 0.08207833945090978 3077
0.3414071052130415 0.08357671938831719 3078
1.03026600860799 0.10279230683675 3079
0.6831952086364783 0.1249723282751016 3080
0.3451177133063259 0.07403287584578533 3081
0.3339844807508932 0.07569005466987874 3082
1.033049846642812 0.08037692100105898 3083
1.075377570375797 0.08601906079648192 3084
0.3446866461506111 0.09921968762689196 3085
1.070826253162455 0.07757169999800342 3086
1.080890267389797 0.07711688207976042 3087
0.4622362899847161 0.127987106582635 3088
0.803992621457176 0.125844390781641 3089
0.5623994170205862 0.1241140371869409 3090
0.7691382762388552 0.1016964885318302 3091
0.8374845595542824 0.1012646035706659 3092
0.7356385896039589 0.1262618139019557 3093
0.5226328560640051 0.1284198996732306 3094
0.9761443582343627 0.1655715462618839 3095
0.412147109664911 0.1725814324751375 3096
0.3425330914578908 0.2711403040178614 3097
0.3345354764978888 0.2713356369402098 3098
0.3387034472509568 0.2781641082040835 3099
0.3307058322909131 0.2783594411264564 3100
0.3348738030439369 0.2851879123903575 3101
0.3268761880838785 0.285383245312738 3102
0.3310441588368923 0.292211716576646 3103
0.3230458082567831 0.2923769306341488 3104
0.3188784505204778 0.2855735584243061 3105
0.3150480502594893 0.2925664071105843 3106
0.3108807912869839 0.2857670786372325 3107
0.3070488750205838 0.2926978567445648 3108
0.3028829089015417 0.2859514622266414 3109
0.2990509554431501 0.2928807175633866 3110
0.2948851986010217 0.286142891576269 3111
0.2910555385038955 0.2931660451671032 3112
0.2868879272906508 0.2863525771655311 3113
0.283058469076515 0.2933837141109579 3114
0.2907176382180288 0.2793312693741787 3115
0.339041773796958 0.2920163836542614 3116
0.3351591079458698 0.299072551257354 3117
0.3433211344675127 0.2988394954930109 3118
0.3114124130252931 0.2992340756993368 3119
0.2872959037716216 0.3002554655174428 3120
0.2792256830808781 0.3004260012875303 3121
0.2750353890603368 0.2935739429048954 3122
0.2711884544131948 0.3006272935237065 3123
0.339380100342916 0.3058686591044646 3124
0.3482384320934404 0.3057997405400412 3125
0.2670133855198318 0.2937624584615085 3126
0.2630363419076258 0.3008164010084292 3127
0.2675005000686456 0.3080554352197382 3128
0.2588929079801767 0.3079836331882244 3129
0.2544465942614071 0.3008585386752299 3130
0.2502117277906875 0.3079559949138799 3131
0.2457741977774409 0.3008298166143062 3132
0.241549345760342 0.3082724372745823 3133
0.263758999112517 0.3157054072835673 3134
0.343642144823438 0.3137567825428152 3135
0.3534548173292709 0.3135692964728562 3136
0.2371150773479966 0.3008869104674997 3137
0.2328919492166257 0.3083451919900487 3138
0.2284578276933125 0.3009176487369705 3139
0.224234359579511 0.3083735099148573 3140
0.2198926504363856 0.3013833037409029 3141
0.2155906143216851 0.3084668878779722 3142
0.211250428210914 0.3014856707976575 3143
0.2069348591932834 0.3085125326307227 3144
0.2025894464401776 0.3010399363581078 3145
0.1982456745251482 0.3083901623222428 3146
0.1936906427281783 0.3007150479011808 3147
0.1890912871729429 0.308652671111433 3148
0.184481682514648 0.3004288186937697 3149
0.1791131409786686 0.3092183093559781 3150
0.1737238371805966 0.2998997156435678 3151
0.1679196025377603 0.3094643307484377 3152
0.1616841827332625 0.2995353785146795 3153
0.1557865144877109 0.3097893972965595 3154
0.1491155862556437 0.2992278942242506 3155
0.1429677274858169 0.3100814084846016 3156
0.1360511903335853 0.2982854251988979 3157
0.203155018384596 0.3168958724547063 3158
0.2352661831313395 0.318001707178763 3159
0.1294393267605221 0.3103504537732191 3160
0.1220937254034385 0.2977628403501908 3161
0.3482720873102749 0.3224901596456947 3162
0.3586538264751598 0.3222480773218281 3163
0.3378029522570646 0.3223163492375802 3164
0.3636785587624272 0.31306506264107 3165
0.3691874583526354 0.321793241625005 3166
0.3737636777147809 0.3125541495679052 3167
0.3795975745324051 0.3212169035404298 3168
0.2412270039848526 0.2937493043319349 3169
0.1149885138078193 0.3107089121648022 3170
0.1078068351389012 0.2977354006607931 3171
0.1149997213116849 0.2851196086940649 3172
0.1009399274695861 0.2848634840458873 3173
0.1083871407153806 0.2727443066071477 3174
0.3841244161755032 0.3120265128075279 3175
0.3899729676020918 0.320617362124445 3176
0.09434800684211897 0.2724036980277477 3177
0.1016983672787772 0.2608081259732267 3178
0.3429145840190516 0.3319327664821929 3179
0.3311690167252432 0.3319168865203582 3180
0.2229908562557947 0.2938096146483435 3181
0.3944725024923342 0.3114952806679871 3182
0.4002846198204815 0.3200139564234074 3183
0.405203172286644 0.3099772911658806 3184
0.4112252030934646 0.3190845572356503 3185
0.4060416545548249 0.3292802432649371 3186
0.4173310859471822 0.3283694228057919 3187
0.4222771645504599 0.3181356308201392 3188
0.4286971484009465 0.3272066788728906 3189
0.4330723029646431 0.3170429346424438 3190
0.4397981434909664 0.32598093080049 3191
0.4438715607033347 0.3144065710201378 3192
0.4507179855888734 0.3243601065029705 3193
0.4553928259718342 0.3129932634804959 3194
0.4616315261916224 0.3230596718564293 3195
0.4659672739466755 0.3133817469070233 3196
0.472288768088762 0.3220349186356168 3197
0.4763517182940604 0.3125326908378823 3198
0.4827083709999296 0.3209039816209775 3199
0.4865215585747962 0.3100879278500645 3200
0.4930669797513885 0.3195953929762626 3201
0.4967766844038158 0.3102090085045055 3202
0.5031173223497236 0.3184619360285877 3203
0.5053256189651152 0.3087838328528558 3204
0.5132326234612524 0.3153331416150787 3205
0.5092733466901264 0.3269352362018934 3206
0.5201649063760279 0.325330491260456 3207
0.5241342207316846 0.3152812691265044 3208
0.5310721319266742 0.3237934155644598 3209
0.5347081981553992 0.3138427472472285 3210
0.5416649441323151 0.3220056039563283 3211
0.5449234275036366 0.310814557960842 3212
0.5521067407584984 0.3200715759991041 3213
0.5554307578169819 0.3103819300526858 3214
0.5622148010197504 0.3182565349754146 3215
0.5654866391837922 0.3089929872824535 3216
0.5719938287943136 0.316512070847417 3217
0.5752558664213305 0.3074804500881759 3218
0.5816083212989448 0.3148286970203595 3219
0.5591478686434871 0.3288716538905677 3220
0.5850146864174998 0.3056793854203136 3221
0.5909256796641411 0.3134761459372697 3222
0.5891631562233575 0.3229425945686311 3223
0.5985778284272856 0.3205700602847752 3224
0.6004099069595239 0.3102395633001204 3225
0.6082686640555282 0.3182389983899391 3226
0.6112721820005205 0.3086881769987979 3227
0.6189439527680083 0.3159473012724657 3228
0.6066120069697017 0.3294694833638391 3229
0.6204402658407976 0.3071076686837291 3230
0.6276490034922126 0.3135062179042013 3231
0.6289462008239783 0.3055074873002473 3232
0.6365012964186714 0.3113065829494761 3233
0.6341087256197042 0.3211610507447663 3234
0.6438652569833184 0.3183460688570524 3235
0.6462589983568399 0.3084154244728203 3236
0.6540344176647175 0.3154095398528528 3237
0.6513563590038554 0.3255048054296856 3238
0.6617366677879324 0.3223785489809681 3239
0.6634657067148828 0.3124738291417326 3240
0.6716407852955057 0.3186721406532707 3241
0.6700835622521484 0.3301595375831298 3242
0.6805453401755126 0.3256440175794074 3243
0.6815477702844548 0.3134716090161978 3244
0.6906055452282257 0.3209620138411947 3245
0.6923021373560749 0.3104425818578478 3246
0.7002643290466155 0.3167856464879434 3247
0.701107344091688 0.3069831585513085 3248
0.7100513735753703 0.3113256005358901 3249
0.7085851216023974 0.322566835625108 3250
0.7179191590291997 0.3182070172958053 3251
0.719487332661048 0.3082983290838662 3252
0.7268883941334408 0.3137781889110078 3253
0.7265243122779177 0.3243261119317252 3254
0.7359341695567037 0.3192035654693863 3255
0.7358826842454731 0.330525138765129 3256
0.745764706555293 0.3249558717290719 3257
0.7270935655794436 0.3041658231035265 3258
0.7453595423949093 0.3123583244210903 3259
0.7553450772896173 0.3191785172893568 3260
0.09923613004361442 0.310708572711163 3261
0.1733714575000935 0.3190459999360567 3262
0.2708644399399771 0.2867355675047287 3263
0.3147105777551433 0.2787490991199289 3264
0.8641591595755869 0.1263560596314771 3265
0.6381060970058703 0.2500434565069723 3266
0.8502123472715298 0.2518051671340436 3267
0.8473435518803241 0.1682559291603696 3268
0.5401051796379167 0.169291052806742 3269
0.7841565088966428 0.170013753183355 3270
0.9461864134699942 0.2494753933173579 3271
0.7199620304740014 0.1712583839795073 3272
0.6360765591586809 0.166947057738127 3273
0.7507497826143675 0.2750305941467254 3274
0.7260816875235004 0.2479066934286077 3275
0.7862315584710855 0.2533731890909582 3276
0.3686640009660054 0.194271428431095 3277
0.5606067154244675 0.1895814844575144 3278
0.4646353318702018 0.1919253191857767 3279
0.5741250367558186 0.2516187393941874 3280
0.5089297766438831 0.1705212342287907 3281
0.443984914550083 0.1717303742759533 3282
0.3860124839194647 0.2492875597693464 3283
0.4194604616008173 0.104722555321203 3284
0.400654407655745 0.1934877921237673 3285
0.3091893247786718 0.2165125343064609 3286
0.3053596811644524 0.2235363381308988 3287
0.3011917639216137 0.2167078961088292 3288
0.2973621287317271 0.2237317051084519 3289
0.3015300474202545 0.2305601479676398 3290
0.2935324342039995 0.2307554818317617 3291
0.2977003965702293 0.2375839485185097 3292
0.2897027805030039 0.237779280834985 3293
0.2938707496736879 0.2446077512350533 3294
0.285873134265377 0.2448030839124745 3295
0.3859332257021399 0.1292702428453084 3296
0.3779778032875111 0.1301326068738105 3297
0.3827005189130139 0.1365898476538813 3298
0.3747482328654059 0.1374649761711509 3299
0.3270660010891442 0.1403673318275192 3300
0.2991616295966794 0.1335942975449365 3301
1.633479064207155 0.1637193098957466 3302
1.767995278646887 0.2410413151378837 3303
1.64853718753511 0.2412501214683049 3304
0.3023286639538516 0.09883008567776187 3305
1.52932348168896 0.2413690941112627 3306
1.514281831237584 0.1639947424638634 3307
1.395847145655012 0.1639467804748994 3308
0.1427748678092178 0.2881719034755178 3309
1.280038208615485 0.1655349546778445 3310
1.137886729310842 0.09208911076229002 3311
0.1510403933997669 0.07995390984757836 3312
0.1445969354914964 0.09201719553027657 3313
0.13715957014939 0.08045720610777791 3314
0.1305766701583772 0.09291395046831828 3315
0.1383772739934923 0.1058649749467134 3316
0.1244937941068349 0.1061946282326924 3317
0.1162756951327046 0.09397494667457321 3318
0.1107472078419371 0.1074133973349578 3319
0.1188309853260935 0.118725973818287 3320
0.1055749821846801 0.1203362492149636 3321
0.1137212584452336 0.1307442929205024 3322
0.1007230806886885 0.1326529464657254 3323
0.1086430342351625 0.1426906655317919 3324
0.09596269589170925 0.1446010090072461 3325
0.1035949145757262 0.1538623785858744 3326
0.09118462545565897 0.1562176057060905 3327
0.09997675289138552 0.1657454609631185 3328
0.08658050913009108 0.1678744285597184 3329
0.09430485108535658 0.1776757647129592 3330
0.08172630374960677 0.1797295500292768 3331
0.09129291514742777 0.1903316012144282 3332
0.1016258184864786 0.09552463193323105 3333
0.08262579111061763 0.1466367459292705 3334
0.07696783346177294 0.1907973953609253 3335
0.08510366660238122 0.2016995054340188 3336
2.066416787736896 0.2401455824392117 3337
2.05163917453774 0.2658774958196103 3338
0.08884746875804472 0.2592820163477252 3339
0.2893603304778408 0.223924922894579 3340
1.073066907087266 0.3265764827798959 3341
1.084428426867446 0.3259754158063914 3342
0.7557269960985804 0.3304139755382809 3343
0.7653129897366595 0.3243792428298682 3344
0.4677129412274218 0.3325167555596909 3345
0.4122165718834327 0.339440318571044 3346
0.2038817685358332 0.06777470953917011 3347
0.3518995670079257 0.2983054997769319 3348
0.215602200253746 0.06790651937157938 3349
0.7648449222463916 0.3136497520098541 3350
0.7747883022793508 0.3182502883193949 3351
0.7754953347364864 0.3295830425445958 3352
0.7850129716540855 0.3227949317001378 3353
0.7863018309428609 0.3348003813532844 3354
0.7957995597191236 0.3275596862854473 3355
0.794396014582339 0.3169034742822281 3356
0.8050844009707572 0.3207215722164636 3357
0.8066902332333941 0.3318023082900667 3358
0.815567513937606 0.3244833152991122 3359
0.8138677310197712 0.3137029895845701 3360
0.8239793075835584 0.3173159192038926 3361
0.8262348580274343 0.3282865069227244 3362
0.8346522156122208 0.3207001582049638 3363
0.8372493203636551 0.3316102071255985 3364
0.8455594355269386 0.3237618308384596 3365
0.8419686247158311 0.3123396849117466 3366
0.8535348036776939 0.3159816809272423 3367
0.8563824351480752 0.3267861622112859 3368
0.8644480545821117 0.3187369145816782 3369
0.8674169857278625 0.3293503506165176 3370
0.8750220776867638 0.3211534647051153 3371
0.8721442207592534 0.3111358485463824 3372
0.8824474310235283 0.3132829620688403 3373
0.8856407486306511 0.3234077607927738 3374
0.8928929584851413 0.3152430948696221 3375
0.896346071295315 0.3252581672835446 3376
0.9036620317297321 0.3171011845353148 3377
0.9072220543240945 0.3274711942213851 3378
0.9146991707897663 0.3190383987021531 3379
0.918272597018729 0.3294915650308463 3380
0.9253539248829988 0.3207925093740866 3381
0.921897451524877 0.3109823213137738 3382
0.9322631318855905 0.3125359876549871 3383
0.9360163006288542 0.3223450403133864 3384
0.9426835234524087 0.313877783290728 3385
0.9466793397991184 0.3235226023933783 3386
0.9529763108113738 0.3150997272226613 3387
0.957344473556309 0.324768436735597 3388
0.9638677343601231 0.3145006671927587 3389
0.9682291000758336 0.3260440668286221 3390
0.9747096494139769 0.3172750863489274 3391
0.9792858979237044 0.3276384598164891 3392
0.9859571272745667 0.3169854900130887 3393
0.9905436595487187 0.3290165758640645 3394
0.9969300018817425 0.3196627336857342 3395
1.001818078791603 0.3305955069199656 3396
0.9938155450776692 0.3095000157114682 3397
1.003213004272102 0.3113079081407625 3398
0.970454718713242 0.3077476400140994 3399
0.2575389384298792 0.09292449126089772 3400
0.3638415450126605 0.3316928829903411 3401
0.1687814974670834 0.1008166312001207 3402
0.9947495078333042 0.3408570342881201 3403
0.08640498860679902 0.2853691569991577 3404
0.8218678873034893 0.3070021794476787 3405
0.1987580941820142 0.2919913123663834 3406
0.9402037622841759 0.3311898398116428 3407
1.093242654761003 0.2112534731227329 3408
0.8999667468565893 0.3068989586742647 3409
0.7738781828577561 0.3081319249484609 3410
0.9487951497270344 0.3062395081582054 3411
0.8891281424515473 0.3339158032498928 3412
0.6893026165262424 0.3317175437393956 3413
0.8596000908682637 0.3384043657047659 3414
0.4358477225971508 0.3376297515887222 3415
0.6941196812249473 0.3012788895851434 3416
0.7016621989998391 0.298263081385541 3417
0.8281445954008162 0.3403973332637812 3418
0.8128571051028737 0.3040574558760455 3419
0.775911668416846 0.342163909317697 3420
0.725281568431582 0.3362230492642329 3421
0.7360350177161328 0.3433088787391793 3422
0.1077685518003739 0.08063356176075893 3423
0.1502223325226253 0.3227474151511426 3424
2.036523152946721 0.1372752958431353 3425
0.3794693838356075 0.1439108130614857 3426
0.3715158492979466 0.1447722152920609 3427
0.3667949587606103 0.1383287672655344 3428
0.38742270975256 0.1430478903122777 3429
2.066233449135526 0.137261398311717 3430
0.09743362137497602 0.201084825150336 3431
0.09287475898998343 0.2114909966198529 3432
0.08020124894256342 0.2137187977503965 3433
0.9995626451073675 0.3025936132005049 3434
1.008538631239196 0.30356502747018 3435
1.012314948924684 0.3119360177866188 3436
1.017320242767158 0.3040859027815752 3437
1.021465145333069 0.3123739412517278 3438
0.1146846427464502 0.2613340832365174 3439
0.8507200017698513 0.3061986739371659 3440
0.516068685028843 0.3367212448186754 3441
1.169101816638435 0.1159286095091022 3442
1.177649555306618 0.1009535258083082 3443
1.168049099685421 0.08536464750473356 3444
0.3377596408653567 0.34334242224085 3445
0.1274174971512451 0.1290739675167072 3446
0.2835471178265125 0.3073822264623752 3447
0.5377901914638796 0.3327159354189271 3448
0.2305727680700848 0.1146391344106666 3449
0.356036763820846 0.07229948473032313 3450
0.3483741622028329 0.06235156666235181 3451
0.3881456910748948 0.304011160641662 3452
0.3635623583617751 0.1456337366863049 3453
0.3588399646493502 0.1391763554671893 3454
0.09201790802249676 0.1222739747124442 3455
0.4890234148825688 0.3296304713591838 3456
1.088425960376692 0.1766764383024275 3457
1.052277411274279 0.07785038092297655 3458
1.12678690058138 0.2715874876780701 3459
1.132321163300169 0.2607797293215925 3460
1.138944499193952 0.2721008324307669 3461
1.054430204183257 0.3095568720368658 3462
0.9287662504634913 0.3036473775002145 3463
0.3853770808225013 0.3303211902663704 3464
2.081096280675176 0.1629392885171169 3465
1.075252500977934 0.06730285140995232 3466
1.087495863885002 0.06713200168071945 3467
1.089460372474305 0.2182483684813832 3468
1.061640192586075 0.2258569292539488 3469
1.053643650772367 0.2260515088732302 3470
0.9774976644182088 0.2209806480626868 3471
0.9854952793782894 0.2207853151403283 3472
0.7014107850938833 0.2207934990662933 3473
0.7094084000440709 0.2205981657387903 3474
1.049814185423039 0.2330751875090058 3475
1.045646411648215 0.2262465636386193 3476
1.084277553867733 0.1698586342057567 3477
1.092251087342912 0.1696501711452528 3478
1.014848877151085 0.07992428294335685 3479
0.448867151233586 0.3062478388396335 3480
0.219798257685435 0.3170420825582184 3481
1.115246602756633 0.2543099469277201 3482
0.8794349697863 0.3041512960247064 3483
0.4266478423404086 0.3082286810053972 3484
0.07212910156033603 0.1695376763345476 3485
0.1227414135811338 0.3236726291167188 3486
0.1086605225803517 0.2505295309595373 3487
0.1822669823094515 0.06813029803047085 3488
0.9614600879457148 0.3355596227758239 3489
0.9105869411876606 0.3390434727402967 3490
0.5687548266084901 0.3003585617907928 3491
0.1042916578318789 0.1763226993169873 3492
1.111852992661835 0.2957855701214485 3493
1.121691412001983 0.2961594995051918 3494
1.116399611545148 0.3050058030584193 3495
1.127353100039383 0.3053335155734896 3496
1.121512315231803 0.314852374037106 3497
1.133588999254982 0.3153723577568446 3498
1.127348256985596 0.325943821872261 3499
1.140383404947843 0.3267214628125075 3500
1.147392607709446 0.3145619826291312 3501
1.155249859522794 0.3271156797074806 3502
1.163589699287026 0.3128685921194464 3503
0.7649756147260566 0.3039081527846083 3504
0.09043439413260179 0.08284797793926786 3505
0.5283681977537299 0.306176608265465 3506
0.6143264658794144 0.3000001958084089 3507
0.4705830492212782 0.3046408341501114 3508
0.3104534815387794 0.09857101550766764 3509
0.3060064644932284 0.09133976425954596 3510
0.549252884603657 0.302090988593319 3511
1.097415493496439 0.2180789730614972 3512
0.3239784067251545 0.3430641996157688 3513
0.1146209945231241 0.1510074597066946 3514
2.080717221670284 0.2654540968576966 3515
0.2900411046799554 0.2516315549915856 3516
0.2820434895887803 0.2518268878423395 3517
0.2980387195836141 0.2514362220384079 3518
0.2778755188139196 0.2449984165664913 3519
0.2740458744906352 0.2520222206893077 3520
1.186283319232192 0.08471251694762583 3521
1.197205236080144 0.1005645551326288 3522
1.207651511207292 0.08349421354359185 3523
1.22022366959671 0.1011844288967887 3524
1.079131213836532 0.3365484210960985 3525
1.066740527193159 0.336776100326265 3526
0.3497496407781399 0.1056877453645426 3527
0.3416994537918447 0.1068550184474226 3528
0.3466772542852735 0.1131559959284561 3529
0.1674906813616676 0.2897508034496487 3530
0.1201135158617087 0.2507224730975443 3531
0.1154793350377745 0.2414819630053457 3532
0.7728607316424687 0.2991370184603577 3533
0.1043658511115212 0.2092233639766489 3534
1.007845653823001 0.3426072328971355 3535
0.2096813791239475 0.05675889614014312 3536
0.2628563956390447 0.2869090937331357 3537
0.2667079163855783 0.2798955116800577 3538
0.2586579275630319 0.2800963131189097 3539
1.172450273644782 0.3278152286116507 3540
1.181733453410278 0.31140957323229 3541
2.065748927017523 0.291078784007987 3542
2.036712161331044 0.2915604160871739 3543
0.3183578349756921 0.3315022874881992 3544
0.3105658385024539 0.3422443779200735 3545
0.4912916549598561 0.3023125874763666 3546
0.3841915414241259 0.1503664402028064 3547
0.3921450351107982 0.1495051491620954 3548
0.3353451094759595 0.1006990161413894 3549
1.091869820879156 0.3358840311680609 3550
1.147107348424426 0.3399120131126429 3551
1.026222247825878 0.3046488496342855 3552
0.8197044061148793 0.2981890210135718 3553
1.191135482907293 0.3283369431009661 3554
1.201437442807244 0.3105270469600242 3555
1.214505797041684 0.3289728372263784 3556
1.190772300476879 0.2913715649576625 3557
1.22536941367188 0.3087847675094117 3558
2.006780500189394 0.13730213110621 3559
2.021630162765434 0.1115089590480154 3560
1.991855151694053 0.1115263913771514 3561
1.093616555115387 0.2251273602738043 3562
1.101653836086366 0.2249112217072194 3563
0.3828102911996452 0.1021764058609647 3564
0.5989367383170441 0.1271210005035596 3565
0.6036591938438873 0.1335778005622922 3566
0.5957057195006177 0.134438304015032 3567
0.6004281395137688 0.1408955829942559 3568
0.6083816769378791 0.1400345672598646 3569
0.5924746184339906 0.14175645472889 3570
0.4100053287996523 0.2487015610021953 3571
0.4058373580466398 0.2418730897382865 3572
0.413834973006703 0.2416777568159011 3573
0.4096670022536908 0.2348492855519923 3574
0.4176646172137537 0.234653952629607 3575
0.4134966464607419 0.2278254813656989 3576
0.4054990315006783 0.2280208142880835 3577
0.4214942614208054 0.2276301484433143 3578
0.4093286757077277 0.2209970101017893 3579
0.4013310607476644 0.2211923430241747 3580
0.425662232173819 0.2344586197072218 3581
0.4294918763808688 0.2274348155209293 3582
0.4253239056278557 0.2206063442570208 3583
0.4333215205879188 0.2204110113346346 3584
0.4374894913409331 0.2272394825985419 3585
0.441319135547982 0.2202156784122482 3586
0.4454871063009963 0.2270441496761565 3587
0.4493167505080451 0.2200203454898619 3588
0.4534847212610602 0.2268488167537706 3589
0.4573143654681089 0.2198250125674756 3590
0.4614823362211234 0.2266534838313833 3591
0.4653119804281736 0.2196296796450891 3592
0.4694799511811867 0.2264581509089971 3593
0.4733095953882379 0.2194343467227033 3594
0.4774775661412496 0.2262628179866122 3595
0.4813072103483009 0.2192390138003193 3596
0.4854751811013132 0.2260674850642273 3597
0.4893048253083643 0.2190436808779344 3598
0.4934727960613777 0.2258721521418433 3599
0.497302440268428 0.218848347955549 3600
0.501470411021441 0.2256768192194577 3601
0.505300055228491 0.2186530150331632 3602
0.5094680259815052 0.2254814862970717 3603
0.5132976701885543 0.2184576821107765 3604
0.517465640941569 0.2252861533746841 3605
0.5212952851486174 0.218262349188389 3606
0.5254632559016325 0.2250908204522964 3607
0.5292929001086806 0.2180670162660011 3608
0.5334608708616962 0.2248954875299077 3609
0.5372905150687436 0.2178716833436126 3610
0.5414584858217601 0.22470015460752 3611
0.5452881300288068 0.2176763504212234 3612
0.5494561007818243 0.2245048216851312 3613
0.5532857449888708 0.2174810174988349 3614
0.5574537157418873 0.2243094887627411 3615
0.5612833599489345 0.2172856845764458 3616
0.5654513307019502 0.2241141558403519 3617
0.5692809749089979 0.2170903516540566 3618
0.5734489456620135 0.2239188229179636 3619
0.5772785898690612 0.2168950187316674 3620
0.5814465606220772 0.2237234899955741 3621
0.5852762048291243 0.2166996858092774 3622
0.589444175582141 0.223528157073184 3623
0.5932738197891876 0.2165043528868869 3624
0.5974417905422045 0.2233328241507937 3625
0.6012714347492509 0.2163090199644969 3626
0.6054394055022678 0.2231374912284035 3627
0.6092690497093146 0.2161136870421067 3628
0.6134370204623316 0.222942158306013 3629
0.6172666646693779 0.2159183541197162 3630
0.6214346354223952 0.2227468253836219 3631
0.6252642796294412 0.2157230211973254 3632
0.6294322503824585 0.2225514924612311 3633
0.6332618945895045 0.2155276882749347 3634
0.6374298653425221 0.2223561595388407 3635
0.641259509549568 0.215332355352544 3636
0.6454274803025857 0.2221608266164497 3637
0.6492571245096315 0.2151370224301529 3638
0.653425095262649 0.2219654936940591 3639
0.6572547394696946 0.2149416895077621 3640
0.6614227102227128 0.2217701607716682 3641
0.6495954510556033 0.2289892978803562 3642
0.6652523544297581 0.2147463565853711 3643
0.5136359967345207 0.2323099575609788 3644
0.4896431518543263 0.2328959563281369 3645
0.498772203979183 0.130994608211042 3646
0.5034945442072674 0.1374517333016588 3647
0.4955409809355023 0.1383124502873305 3648
0.5002633669107771 0.1447698190273576 3649
0.5082168986619118 0.1439088182531001 3650
0.4923098253366036 0.1456307413109469 3651
0.3498540533226031 0.2432404201971693 3652
0.7772644445254739 0.1008539496204681 3653
0.7723466307060567 0.09410874100022305 3654
0.7812771898352456 0.09327948433394193 3655
0.7755496853378632 0.08584410462513477 3656
0.7855067549651795 0.08487616744653254 3657
0.7790933070867889 0.07660894096093682 3658
0.7687098637193194 0.07801759075906781 3659
0.7896053319976696 0.07543455243088057 3660
0.772500322692405 0.06756210392904241 3661
0.7608275667776419 0.06930664742220891 3662
0.96116410795212 0.2075190384572536 3663
0.9573344637450691 0.2145428426435477 3664
0.9615024344980817 0.2213713139074567 3665
0.9535048195380186 0.2215666468298579 3666
0.9493368487850056 0.2147381755659354 3667
0.9455072045779551 0.2217619797522461 3668
0.941339233824942 0.2149335084883214 3669
0.9375095896178911 0.2219573126746156 3670
0.9333416188648783 0.2151288414107028 3671
0.9295119746578275 0.2221526455969975 3672
0.9253440039048147 0.215324174333088 3673
0.921514359697764 0.2223479785193822 3674
0.9173463889447513 0.215519507255473 3675
0.9135167447377004 0.222543311441767 3676
0.9093487739846877 0.2157148401778579 3677
0.9055191297776369 0.2227386443641581 3678
0.9013511590246241 0.215910173100244 3679
0.8975215148175734 0.2229339772865444 3680
0.8933535440645606 0.2161055060226294 3681
0.8895238998575098 0.2231293102089258 3682
0.8853559291044971 0.2163008389450138 3683
0.8815262848974462 0.2233246431313101 3684
0.8773583141444334 0.2164961718673984 3685
0.8735286699373825 0.2235199760536919 3686
0.8693606991843699 0.216691504789783 3687
0.865531054977319 0.2237153089760763 3688
0.8613630842243063 0.2168868377121679 3689
0.8575334400172554 0.223910641898462 3690
0.8533654692642427 0.2170821706345531 3691
0.8495358250571918 0.2241059748208473 3692
0.8453678543041792 0.2172775035569383 3693
0.8415382100971283 0.2243013077432324 3694
0.8373702393441157 0.2174728364793234 3695
0.8335405951370648 0.2244966406656174 3696
0.829372624384052 0.2176681694017086 3697
0.8255429801770013 0.2246919735880027 3698
0.8213750094239884 0.2178635023240939 3699
0.8175453652169379 0.2248873065103881 3700
0.8133773944639249 0.2180588352464793 3701
0.8095477502568742 0.2250826394327736 3702
0.8053797795038611 0.2182541681688648 3703
0.8015501352968106 0.225277972355159 3704
0.7973821645437975 0.2184495010912503 3705
0.7935525203367473 0.2254733052775447 3706
0.7893845495837341 0.218644834013636 3707
0.7855549053766837 0.2256686381999303 3708
0.7813869346236706 0.2188401669360216 3709
0.7775572904166221 0.225863971122317 3710
0.7733893196636075 0.2190354998584072 3711
0.7695596754565631 0.2260593040447179 3712
0.7653917047035447 0.2192308327807953 3713
0.7615620604964987 0.2262546369671053 3714
0.7573940897434812 0.2194261657031817 3715
0.7535644455364312 0.226449969889476 3716
0.7493964747834171 0.219621498625565 3717
0.7455668305763682 0.2266453028118744 3718
0.7413988598233523 0.2198168315479528 3719
0.7375692156162997 0.2268406357342666 3720
0.7577324162894495 0.2332784411534341 3721
1.082191065570119 0.2599342152819277 3722
1.039000074760846 0.2818497056153761 3723
1.041816853098824 0.2332703039421648 3724
1.037648906433445 0.2264418141199649 3725
1.041478554655104 0.2194180068406245 3726
1.033480958655024 0.2196133255073252 3727
1.029651317607967 0.2266371273176708 3728
1.025483351210721 0.219808652766314 3729
1.021653708256294 0.2268324560087076 3730
1.017485738438016 0.2200039840395726 3731
0.337011794545547 0.2089027431458099 3732
1.028298018747756 0.1712280199914744 3733
1.013656094714369 0.2270277878613731 3734
1.0178240654291 0.2338562591541733 3735
0.7132380442494755 0.2135743614849785 3736
0.4274689982282315 0.1038723191157754 3737
0.4227110296532881 0.09736287030417823 3738
0.4310961551466772 0.09633181376352196 3739
0.4258256081177241 0.08935932415438408 3740
0.4350614717336529 0.08824257280151063 3741
0.4292157851157219 0.08052439275313791 3742
0.4392001180508101 0.07940645643714536 3743
0.4193784419812111 0.08189558979675977 3744
0.4230135730476481 0.07194473936538551 3745
0.4117043987622828 0.07363240628842438 3746
0.9893249235853635 0.2137615109541013 3747
0.8405254528050293 0.1288429997043318 3748
0.8452478518687991 0.135299956504305 3749
0.837294323281665 0.1361605552158874 3750
0.8420167248436603 0.1426178761951248 3751
0.8498470188533476 0.1417023475698289 3752
0.8340631916480453 0.1434787708062356 3753
0.7721750598335366 0.1292735627672894 3754
0.7768973282042752 0.13573046831407 3755
0.7689437205893428 0.1365910005321614 3756
0.7736660871978667 0.1430483018869517 3757
0.7816196157212066 0.1421872898818212 3758
0.7657125350053733 0.1439091821450729 3759
0.7427521675802126 0.2752259273515852 3760
0.7469131818973735 0.2817696241148754 3761
0.7388338376456125 0.282628842415756 3762
0.727684856423872 0.1271209610262174 3763
0.7324071941800714 0.1335778484945534 3764
0.7244536162513314 0.1344384289226273 3765
0.7291759993717977 0.1408957352993405 3766
0.7212224548789935 0.141756624429446 3767
0.7371295306471274 0.1400347241311965 3768
1.088105816934568 0.1628340769694788 3769
1.096103082330976 0.1626385534517426 3770
1.091938591220098 0.155811711081924 3771
1.099971988760462 0.1556361117938386 3772
0.8456211911324857 0.1004247685265268 3773
0.8404567545053284 0.09370001676728584 3774
0.849356890322602 0.09266330130721903 3775
0.8432731332124874 0.0851092914224281 3776
0.853502124271976 0.08413645389951736 3777
0.8473312013854295 0.07621711343460372 3778
0.8579555070022089 0.07485154367771948 3779
0.8363441355172709 0.07724103513801342 3780
0.840256897841551 0.06723938518281972 3781
0.8293472022460633 0.06887635676141088 3782
0.3303675057448818 0.2645071656763007 3783
0.6752413448941944 0.1258302691481126 3784
0.679963641169081 0.1322867734010441 3785
0.6720100345664231 0.1331470889180086 3786
0.6767324059943508 0.1396042872736362 3787
0.6846859353209256 0.1387432581019801 3788
0.6687788547738034 0.140465114248375 3789
0.4026843669315071 0.2766014448249859 3790
0.3975014165406154 0.2282161472104701 3791
0.3933334457876012 0.2213876759465621 3792
0.32450771173194 0.1884174334574808 3793
0.5038032973551511 0.1025791758075093 3794
0.4984972465550215 0.09580084711808748 3795
0.5074091510556097 0.09492453572534622 3796
0.5013314305492502 0.0875404062440564 3797
0.511403838051558 0.08666018233138026 3798
0.5055322678180075 0.07915884368685502 3799
0.4943179221949252 0.08007723345060563 3800
0.5157479993550163 0.07773353651755444 3801
0.4990139620318669 0.07009206462204198 3802
0.4870529630556033 0.07188832983754298 3803
0.3895038015805541 0.2284114801328577 3804
0.3853358308275379 0.2215830088689497 3805
0.3815061866204905 0.2286068130552451 3806
0.3773382158674747 0.2217783417913368 3807
0.3735085716604261 0.2288021459776323 3808
0.3693406009074116 0.2219736747137232 3809
0.6850772288247884 0.2073318975423897 3810
0.6694203251827671 0.2215748278492819 3811
0.2782149565533927 0.2588500136479059 3812
0.2625452683500999 0.2730621799992726 3813
0.2544981707985235 0.2732621614148307 3814
0.2583907196656001 0.2662286569563561 3815
1.004542262181683 0.2957551720818596 3816
0.996438206134708 0.2946601583057656 3817
0.732861951795566 0.09866728992958221 3818
0.7277643608103458 0.09181463461903257 3819
0.6040998795854177 0.0986610281450761 3820
0.5991726969438903 0.09213234736809284 3821
0.6082805303723267 0.0909859830382331 3822
0.6025380065929047 0.0834320777307422 3823
0.6126982360483216 0.08227716165053189 3824
0.6060506684940041 0.07369686108757301 3825
0.5945957485702114 0.07642708127423226 3826
0.6169335655683084 0.07245033389686126 3827
0.5990658143598032 0.06449582271555218 3828
0.5870756111978241 0.06604366232415315 3829
0.5915287241290847 0.05408662624425337 3830
1.097812689364747 0.2320802647816397 3831
0.3145499905443496 0.1055224983062223 3832
0.6803004714108873 0.09735060058194764 3833
0.6748350504957157 0.09040198689081924 3834
0.6843499807586935 0.08938359390674999 3835
0.6786126246264534 0.08167983046803096 3836
0.68849998009274 0.08062642238177656 3837
0.6684965553485451 0.0830244456414035 3838
0.6725119855898318 0.07320751121089125 3839
0.6613745150666499 0.07486169183830013 3840
0.6657021672196521 0.06383045564074205 3841
0.6769311927650574 0.06265495130050638 3842
0.6531888566966104 0.06601055675727932 3843
0.6581343326806199 0.05337316050379798 3844
0.6953889768943112 0.2930108546288739 3845
0.6877959804363238 0.2957418698127605 3846
0.7023104706004679 0.2906718775192866 3847
1.048411997885302 0.102438660015526 3848
0.491918854338208 0.06032098108565245 3849
0.4794859966995866 0.06243411052893758 3850
0.5047924502500341 0.05894621406515252 3851
0.4749485234267754 0.07416050613252309 3852
0.8120082553419303 0.2953180005371608 3853
1.047770920616672 0.3169183030782196 3854
0.4068523376845181 0.2834299160888959 3855
0.4148499526445812 0.2832345831665134 3856
0.7363713998177721 0.09087540962760972 3857
0.731116257034389 0.08329762743702419 3858
0.7215845272744338 0.08459666324529813 3859
0.7251238910023089 0.07518390588963711 3860
0.3610751735316837 0.06133022880245165 3861
0.4897604357030177 0.09671107590342234 3862
0.1083661747791254 0.2001999070932708 3863
0.725944851132827 0.1482140520745604 3864
0.4671027119924267 0.0649122633361956 3865
1.08244248601522 0.1006554960910225 3866
0.3310871553503281 0.3062099054881742 3867
1.106113156422806 0.2317857778298456 3868
0.1558580198809525 0.06765346456674903 3869
0.7651646150418222 0.05795801667574482 3870
0.1263557194654189 0.2617242202860852 3871
0.6447009089811117 0.05587996069232534 3872
0.2920266808470848 0.3074152469343607 3873
0.2878274375770484 0.3153179823453495 3874
0.7179913144015736 0.1490750128664055 3875
0.7132689130566321 0.1426175382135586 3876
0.3303827714515321 0.3558402773471514 3877
0.7523229314394829 0.05944132040708089 3878
0.5911034009864584 0.09246567559840087 3879
0.2698779037489424 0.2451937494315784 3880
0.8331868604991149 0.0570667312437072 3881
0.8196135915088938 0.06098656078617393 3882
0.6892394434071469 0.2878253984594529 3883
0.6816925076663602 0.2904609093718888 3884
1.159707686772582 0.1333078273774554 3885
0.1044572669072318 0.2382491701093334 3886
0.35355689233344 0.05033989172500519 3887
0.9195742411070078 0.3019253038461046 3888
0.9254854099791252 0.2955009651457088 3889
0.9174056276725957 0.2937075518329351 3890
0.7881083833188952 0.3480717086988541 3891
1.231813706921599 0.08084985783201254 3892
0.273707547957881 0.2381699452463144 3893
0.4160209881470702 0.06243371027165737 3894
0.4306856973989874 0.06169836651022786 3895
0.4036252130728685 0.06458660390347615 3896
0.5781867564032714 0.05615251462930837 3897
0.5748788351549153 0.07028691186827785 3898
0.5651090680885827 0.05898974870239129 3899
0.5607841726266217 0.07135668801204592 3900
0.5520739326564384 0.06145921617087372 3901
2.050930056656749 0.3168382545303418 3902
0.3387561563133152 0.1143243246648839 3903
0.3437202603004231 0.1205931095011555 3904
0.2232878627168933 0.05711567362957845 3905
1.17737385651006 0.1309194397527659 3906
0.5484475736043448 0.07373156991596433 3907
1.144714738978777 0.2605874054263323 3908
0.398854722724455 0.2836252490112786 3909
1.004638520329303 0.08064987104806159 3910
1.009342629246681 0.07092566607125497 3911
0.9985126157918403 0.07175973622300549 3912
1.245358610529245 0.1017680548909685 3913
0.9996281407232913 0.3536764265765745 3914
1.128908863423308 0.1788963734539393 3915
1.122699929728074 0.1694809018243669 3916
1.134527405820654 0.1685569614694479 3917
0.2503928753543634 0.2663960776763812 3918
0.2466195377980021 0.273587644909619 3919
0.8702934445736213 0.3019423362209807 3920
0.8765987465176328 0.2958280608527603 3921
0.8685775510713675 0.2936014419162658 3922
2.095908079527255 0.1372356008094146 3923
2.081060978781343 0.1115749243185829 3924
2.110723660878194 0.1628549840252163 3925
1.081601250276468 0.05635860551156149 3926
1.06784173071298 0.05640552124708331 3927
1.094926581519769 0.05674294878676978 3928
1.100172475993979 0.06983644227469465 3929
1.108383443921365 0.05723345009068434 3930
2.095252965291896 0.2394501857347394 3931
0.8419502981237332 0.302890899754109 3932
0.8482805610435216 0.2975598051687369 3933
0.8405183933568116 0.294922660686193 3934
0.3391142306072936 0.05184030318566032 3935
0.6234214376888622 0.08156522897176008 3936
0.7440304881157869 0.2889374137198687 3937
2.09561237655678 0.2873655648385026 3938
1.043167683491395 0.2886779801569576 3939
1.105182916110095 0.2562785455533888 3940
1.085828949022596 0.3477862273575896 3941
1.099729447202923 0.3469677916104225 3942
0.922437138277729 0.2878996979685716 3943
0.9299167469411578 0.2895069391691957 3944
0.7652755749342351 0.2951335978194874 3945
0.8634110181077992 0.08405448126703187 3946
0.8698124454151533 0.07591991419996363 3947
0.8625642523983515 0.06433032045116024 3948
0.8749239369158439 0.06345869590059366 3949
0.8821908905473489 0.07409510978582215 3950
0.8873848718413118 0.06284082663430429 3951
0.894262584486745 0.07343860171533245 3952
0.899787216074042 0.06214743982200027 3953
0.9069683981325019 0.07488412289308127 3954
0.9127325737140171 0.0620699765078111 3955
0.9194883641581739 0.07291596408058143 3956
0.9255034206962263 0.06155916362742497 3957
0.7959743560190543 0.0841432549608378 3958
0.5205870440586068 0.08660950035207794 3959
0.4445420549685852 0.08675951872334409 3960
0.9324355256250789 0.07230556463764259 3961
0.9383445311554852 0.06121397466191073 3962
1.003692060467192 0.05958514129097633 3963
0.9904303815856784 0.06307958530061752 3964
1.014877004416736 0.06039079409426279 3965
0.7783884581761041 0.1495056062983824 3966
0.7863419927572936 0.1486446247615517 3967
0.3682844323538094 0.1520882281658592 3968
0.3603309332624101 0.1529495367920181 3969
1.240064176410343 0.3300906176647853 3970
1.252284854963144 0.3068369973844046 3971
1.126409780994829 0.1582714191229466 3972
2.021880378131529 0.3173387539342986 3973
0.8737858336310496 0.287973678715406 3974
0.881785132334576 0.2889240190503991 3975
1.057473462147986 0.2190275730055483 3976
1.037310606691176 0.2125895184295781 3977
1.021315382800859 0.2129801797357429 3978
1.01331776823132 0.213175512363681 3979
0.9816656351712245 0.2278091193266003 3980
0.9896632501312934 0.2276137864042485 3981
0.9576727902910308 0.2283951180937507 3982
0.6655906809757297 0.2285986320355747 3983
0.6735882959357835 0.2284032991131885 3984
0.9416775603708901 0.2287857839385788 3985
0.9256823304507623 0.2291764497833218 3986
0.9096871005306351 0.2295671156280914 3987
0.893691870610515 0.2299577814728443 3988
0.8776966406903913 0.2303484473176037 3989
0.8617014107702644 0.230739113162374 3990
0.6336002211354759 0.2293799637251373 3991
0.8457061808501409 0.2311297790071415 3992
0.8297109509300142 0.2315204448519123 3993
0.6176049912153488 0.229770629569919 3994
0.813715721009887 0.2319111106966829 3995
0.7977204910897605 0.2323017765414533 3996
0.6016097612952207 0.2301612954147 3997
0.7817252611696364 0.2326924423862258 3998
0.585614531375094 0.2305519612594812 3999
0.7055787557817657 0.2276219676583835 4000
0.6975811408287453 0.2278173008696631 4001
0.7135763707472232 0.2274266349573739 4002
0.5696193014549661 0.2309426271042596 4003
0.5536240715348414 0.2313332929490375 4004
1.085613671161979 0.2252965969329996 4005
0.5376288416147128 0.231723958793816 4006
1.077298688146023 0.2116128488077737 4007
0.4736479219341988 0.2332866221729069 4008
0.4576526920140754 0.2336772880176778 4009
0.3811678600745233 0.2147545376050423 4010
0.7452285040304037 0.212793027361656 4011
0.7372308890703392 0.2129883602840411 4012
0.7612237339505286 0.2124023615168829 4013
0.3056980101324964 0.237388614833269 4014
0.4416574620939485 0.2340679538624517 4015
0.7772189638706559 0.2120116956721115 4016
0.7932141937907841 0.2116210298273417 4017
0.8092094237109114 0.2112303639825704 4018
0.2942090752360493 0.2584600261479424 4019
0.3022066901632895 0.2582646932076376 4020
0.3971630899946499 0.2143638717602668 4021
0.825204653631039 0.2108396981377997 4022
0.8411998835511667 0.210449032293029 4023
0.8571951134712934 0.210058366448259 4024
0.8731903433914208 0.2096677006034889 4025
0.889185573311548 0.2092770347587192 4026
0.905180803231675 0.208886368913949 4027
0.921176033151802 0.2084957030691789 4028
0.9371712630719291 0.2081050372244093 4029
1.058150289127485 0.2467321873793303 4030
1.076283083571441 0.1700558158201671 4031
0.7895731261268558 0.1413261705471729 4032
0.7942955230841952 0.1477836187762191 4033
0.4291535498349051 0.2135825400707259 4034
0.4451487797550304 0.2131918742259534 4035
0.4611440096751587 0.2128012083811804 4036
0.365510956700362 0.2289974789000179 4037
0.3613429859473498 0.2221690076361089 4038
0.3651726301543964 0.2151452034498145 4039
0.3571750151943353 0.2153405363722018 4040
0.4771392395952896 0.2124105425364098 4041
0.4931344695154147 0.2120198766916432 4042
0.5091296994355398 0.2116292108468683 4043
0.5251249293556663 0.2112385450020973 4044
0.5411201592757899 0.2108478791573164 4045
0.5571153891959184 0.2104572133125383 4046
0.5731106191160453 0.2100665474677632 4047
0.5891058490361699 0.2096758816229807 4048
0.6051010789562994 0.2092852157782065 4049
0.6210963088764301 0.2088945499334233 4050
0.6370915387965509 0.208503884088638 4051
0.6530867687166773 0.2081132182438561 4052
0.5402073663067287 0.06437348381454672 4053
1.107393157820443 0.127885620963467 4054
0.7775738252748664 0.05618514541516734 4055
0.9453052901932325 0.0719216938261085 4056
0.9512133470050035 0.06069766878462945 4057
2.007102142993013 0.2916935741849141 4058
1.995340528065561 0.3206376009240098 4059
0.8387855928583315 0.1499362017986049 4060
0.8307943361905821 0.150448692503905 4061
0.8261033708349947 0.1442816110612218 4062
1.095765890481253 0.1487467383126272 4063
1.103767871049418 0.1485939440535126 4064
1.022430616339767 0.2967127211770394 4065
1.063288211480273 0.2950830368036857 4066
0.5971970247387747 0.1482138749085115 4067
0.5892434935848504 0.1490748315568616 4068
0.5845210931694659 0.1426173562134321 4069
0.5812899613526809 0.1499357970857632 4070
0.5765675611019089 0.1434783200780025 4071
0.5733364278069655 0.1507967744914275 4072
0.5686140270556982 0.1443393020351354 4073
0.846289709700879 0.2897846967451218 4074
0.2165371621201196 0.04470757132793615 4075
0.2230758961410879 0.08643069920063022 4076
0.3687119632819623 0.3049605657294467 4077
0.6735012479575898 0.1469225135307478 4078
0.6655477095933697 0.1477834592362397 4079
0.6608253079762693 0.1413259820690005 4080
0.1252448711574072 0.2414644280042919 4081
0.1212383065740872 0.2330398999925264 4082
0.6575941725706486 0.1486444173306782 4083
0.6528717711771316 0.1421869422282629 4084
0.6496406374379102 0.1495053928797135 4085
0.6449182363593906 0.1430479206863976 4086
0.8228334671146871 0.1512419035040387 4087
0.8181475663577423 0.145121608777161 4088
0.8149160546721701 0.1524365656880575 4089
0.8250705870806754 0.04606803435984266 4090
0.5653828937125498 0.1516577568919794 4091
0.5606604928070815 0.1452002858405826 4092
0.6507969518479882 0.07746482786833397 4093
0.7150037270276428 0.07683534967787573 4094
0.7185811987648656 0.06594399049527228 4095
1.00139141471692 0.2883189802846036 4096
0.9935273791106698 0.2873822692004634 4097
0.9884196028727936 0.2933535632502356 4098
0.3459900013112146 0.3557474183117882 4099
0.4003359007828629 0.07646013377199576 4100
2.110697801362222 0.111547223285286 4101
0.114620485734195 0.2075643762261813 4102
0.8252262257712573 0.08018783838882164 4103
0.8050431385796225 0.3004485716436763 4104
0.8045824333888921 0.2920831565563318 4105
0.7980136601364594 0.2966803064776913 4106
1.110574403083024 0.3142911539243942 4107
0.314524618445249 0.09108150218764957 4108
0.3100919085772922 0.08322515971792373 4109
0.3004064093678624 0.08362731561047579 4110
0.3047582973254478 0.0744501435967527 4111
0.2932735331176048 0.07518089849330661 4112
0.2987610959989537 0.064508364378879 4113
0.2858734358229804 0.06541146037000606 4114
0.292095147161734 0.05384606649158843 4115
0.2785166774372078 0.05449851656697499 4116
0.2725518626222785 0.06673972487223914 4117
0.2648378729767525 0.0557963194495146 4118
0.7239680353835691 0.3495495129040922 4119
0.7360542876903922 0.3576580279868485 4120
0.4110203084375283 0.2902583873528063 4121
0.4190179233975924 0.2900630544304232 4122
0.3059199699877968 0.05312510972493889 4123
0.2595217700697019 0.06804592296224468 4124
0.7205053775117618 0.2994342873555282 4125
0.9577647254170473 0.07154441036733183 4126
1.137532788572326 0.2495577494266251 4127
0.8107617376256322 0.04802670828916344 4128
0.4970322225526757 0.1520881848755286 4129
0.4890786864682334 0.1529491538461968 4130
0.4843562852310962 0.146491680556486 4131
0.2864117008598611 0.03975523965269415 4132
1.152477686918724 0.272175060701252 4133
1.175524980310764 0.06883216331610015 4134
1.11462981916654 0.06908517299988745 4135
1.122191498182412 0.05775441335795861 4136
0.4811570488198109 0.1541047916691358 4137
0.4764080661096795 0.1474017659079838 4138
0.4732097165290762 0.155023068038293 4139
0.4684564513785595 0.1482804820348447 4140
0.9192029845962398 0.04846841469163968 4141
0.6050862189543079 0.05238434624652796 4142
0.5561112019691037 0.08239773590700614 4143
0.5452994273936687 0.08474869086432986 4144
0.543289508369642 0.05137486534887789 4145
0.7720354727085157 0.2904973153145172 4146
0.9853550866158221 0.3517467446198153 4147
0.557429359492949 0.1525187404330646 4148
0.5527069585674966 0.1460612695637416 4149
0.5494758252539894 0.1533797241505241 4150
0.5447534243245282 0.1469222533177295 4151
1.143178707644789 0.157152928446019 4152
0.408359662698119 0.05180998516048105 4153
0.3946396603633889 0.05400591304376001 4154
0.7792322740340891 0.2943201644351349 4155
0.6417146031988212 0.1506204142170243 4156
0.6369692853541573 0.1439512431590572 4157
0.6337664161623396 0.1515307940254386 4158
0.629017406184776 0.144827516045989 4159
0.09807168940111199 0.06601013426825841 4160
0.0791772330929037 0.06752650531515525 4161
0.0713432165178447 0.08601822357250917 4162
0.2970868983556036 0.3149612820160939 4163
0.2919364267513154 0.3237243255429531 4164
2.006727241146231 0.08732372649524434 4165
1.976913825075019 0.08573336151256972 4166
0.7100377784802095 0.1499359811358184 4167
0.7053153772702496 0.1434785077292334 4168
0.7574669150628228 0.2991128772489945 4169
0.8807086501118869 0.05143509322434733 4170
2.095863315074244 0.08590229959506335 4171
0.2542218940690079 0.2594021486877447 4172
0.9855545414606212 0.2848474125910965 4173
0.9805181394016056 0.2919311971280751 4174
0.9776478596664974 0.2846362931892025 4175
0.9726155925875163 0.2908264631027059 4176
1.093306694733558 0.3603828749177617 4177
0.1893898064168845 0.0968365238596775 4178
0.8184598624299217 0.2901709486164545 4179
0.705831898955912 0.06974518598216653 4180
0.7105628547088257 0.05600228457773795 4181
0.7261666987209325 0.05392169589435578 4182
1.159444048759565 0.2591418944439622 4183
0.8993471544966826 0.08408780390031025 4184
0.3358052375127145 0.1217563899355528 4185
0.3407428964361036 0.128017677170483 4186
0.3305900054682435 0.1162567768038329 4187
0.3516367508317917 0.1194338689090129 4188
0.3889138892021466 0.1568235684178615 4189
0.396867414587069 0.155962527556107 4190
0.4000985464239166 0.1486440634542397 4191
0.4048209435325039 0.1551015172877518 4192
0.4080520759627708 0.1477830582847853 4193
0.4127744761089795 0.1542405255413639 4194
0.4160056090487175 0.1469220691803707 4195
0.4207280098818117 0.1533795395594772 4196
0.423959143069642 0.1460610843848857 4197
0.4286815440098664 0.1525185552564964 4198
0.9905578964944909 0.3663568191581847 4199
1.15636591907188 0.0709847548791207 4200
0.4652256379840078 0.1556018920142275 4201
0.460495680958002 0.1490746200919916 4202
0.4572658069939748 0.156404708193159 4203
0.4525423566059056 0.1499375427714919 4204
0.4973501572171812 0.04772237716944103 4205
1.009540176004246 0.2891959419264298 4206
1.258753473025812 0.07748853216411714 4207
1.272949145572541 0.09724357411205849 4208
1.100969224576629 0.1696554130741962 4209
0.757018583986333 0.08071499297679925 4210
0.7910643891087245 0.1551020695951889 4211
0.9697198894388895 0.2835475126124082 4212
0.9647092489108156 0.2896284961009498 4213
1.133427710052028 0.2940428067644918 4214
0.727436684488872 0.2958252445605631 4215
0.7206449746352586 0.29108500719763 4216
0.5964386136227648 0.04018187088905822 4217
0.2805416214042707 0.3229884867627538 4218
0.2870000655200616 0.3339589759636296 4219
0.2739093792617168 0.3339988073724974 4220
0.2810000956999114 0.3452070074025058 4221
0.2664832816868684 0.3452030191223344 4222
0.2743890272246254 0.3587327981062592 4223
0.2589511297245964 0.3579932117575852 4224
0.2515431984994335 0.3444742704000525 4225
0.2901370467773621 0.3571567124617224 4226
0.7787538849055579 0.2861612391344494 4227
0.6257865487171823 0.1521485188187182 4228
1.266606565243493 0.3306801062743354 4229
1.280377187781967 0.3059998798517502 4230
1.294960873064378 0.3306581657036125 4231
1.309108893424576 0.3054536662935085 4232
0.5415217295390489 0.1542355211748493 4233
0.536799796502352 0.14778237262175 4234
0.5335680861204339 0.1550954964029919 4235
0.5288462284664585 0.1486430442171939 4236
1.323899437360019 0.3304515733166697 4237
1.338211221365156 0.3049963223285924 4238
1.353094295301375 0.3301983598669688 4239
1.367519003794963 0.3045790310294241 4240
1.38255319177951 0.3299902682486513 4241
1.397042055526349 0.3041733508278542 4242
1.412148569801871 0.3296091977572762 4243
1.426671560822031 0.3037601287207364 4244
1.4418236290867 0.3292735503871844 4245
1.456358515908921 0.3033684278466471 4246
1.47155818132162 0.3292026199991878 4247
1.486116015110496 0.3030250411589039 4248
1.501333123261222 0.3289012841431726 4249
1.515907557654105 0.3026562668415421 4250
1.531138676309512 0.3286617403955379 4251
1.545723989291336 0.3022964746427435 4252
1.560967331629802 0.3283215453232884 4253
1.575560487927287 0.3019234764038382 4254
1.590814440442401 0.3280699500660795 4255
1.60541364482105 0.3015646695342897 4256
1.620674239652827 0.327723062137788 4257
1.635277562009002 0.3011938302087249 4258
1.650544592826808 0.3274676794191187 4259
1.665150453286928 0.3008363083412867 4260
1.680421538226271 0.3271180566378605 4261
1.695029820490904 0.3004659244042258 4262
1.710305214552025 0.3268590962677 4263
1.72491460494119 0.3001090148532134 4264
1.740192124261691 0.3265074634362384 4265
1.754802731813039 0.2997394089165979 4266
1.770083164587203 0.3262459041215391 4267
1.784693766735032 0.2993828010854187 4268
1.79997539801438 0.3258930118977835 4269
1.814585666421786 0.2990137626480616 4270
1.829869563491076 0.3256293495523871 4271
1.844478900930506 0.2986582789067862 4272
1.85976242513807 0.3252751924263939 4273
1.874370767648707 0.2982903686988193 4274
1.889654809794484 0.3250100632650001 4275
1.904259223050876 0.2979381931226013 4276
1.919538899740369 0.3246501505876417 4277
1.932903454428271 0.2983054204802211 4278
0.1180433806923589 0.1986584070972019 4279
1.013895174706855 0.3558825590863445 4280
1.022388971064689 0.3416806525878842 4281
1.0293648961575 0.3567970219188566 4282
1.088758687650413 0.3154046639549066 4283
0.2434553822766412 0.3572526010215171 4284
0.2367703007901295 0.3436969275282187 4285
0.2282026630345915 0.3563637786726461 4286
0.221753243950718 0.3414230186095873 4287
0.2129416088943505 0.3552322975998654 4288
0.2065213986469611 0.3418421746635528 4289
0.1979129445903225 0.3544889791246152 4290
1.105839953277959 0.2180029604515688 4291
0.2657024450042978 0.2389143871763587 4292
0.2180589072828404 0.1229029716394342 4293
0.9645080377962231 0.06046926388670262 4294
0.3690147401795579 0.04958090033789145 4295
0.2827200848559359 0.2795294146223141 4296
0.6697586517287472 0.2354271032994808 4297
0.6777562666888006 0.2352317703770957 4298
0.7500731431619871 0.2473259912446387 4299
0.7017491115720773 0.2346457717364173 4300
0.6937514966115672 0.2348411046407573 4301
0.3809603528592793 0.1576845462897996 4302
0.3060363343648749 0.2512408890183559 4303
0.310204305076047 0.2580693602594192 4304
0.3063746608740532 0.2650931644484736 4305
0.3610046594013805 0.2083167321859088 4306
0.3690022743614459 0.2081213992635186 4307
0.5479845576378815 0.1396037987323515 4308
0.6617610367686846 0.2356224362218717 4309
0.7990179225892158 0.1542410815031992 4310
0.3441299040249231 0.1672205197649916 4311
0.5718451603360976 0.1370208477507063 4312
0.7975266557447094 0.1404651604870902 4313
0.3467010622110304 0.2779687752816926 4314
1.010164775683292 0.2479037980953757 4315
0.9646554256132112 0.1866429588208307 4316
1.045308222289422 0.2123941850252875 4317
1.041140257552775 0.2055657092336382 4318
1.03314264148362 0.205761042990961 4319
0.9736680202111585 0.2280044522489816 4320
0.9778359909641714 0.2348329235128908 4321
0.9698383760041073 0.2350282564352751 4322
1.005996805575158 0.2410753535835428 4323
0.9979991907225739 0.2412706909646041 4324
1.001828835760333 0.2342469212580842 4325
1.045984815109767 0.2400987820821993 4326
1.037987266437632 0.2402940643203369 4327
1.090500243452927 0.2733690786335852 4328
1.068962746639997 0.1979559062799556 4329
1.064456449341023 0.1772751595658436 4330
1.062139041390685 0.1081539636669852 4331
0.6885688378525601 0.1864679044603605 4332
0.988986597039383 0.1999092355038675 4333
0.7609901310835592 0.1374516940699387 4334
0.7577589885598988 0.1447701002844749 4335
0.7624813879551779 0.1512275630475426 4336
0.7545278514220535 0.1520885345272612 4337
1.067947518349799 0.1563993466769934 4338
0.9841419731944261 0.165376213339491 4339
0.9799740024414135 0.1585477420755824 4340
0.9879716174014771 0.158352409153196 4341
0.9838036466484645 0.151523937889287 4342
0.9918012616085281 0.1513286049669019 4343
0.975806031688401 0.1517192708116719 4344
0.9876332908555157 0.1445001337029928 4345
0.9956309058155791 0.1443048007806079 4346
0.9914629350625667 0.1374763295166988 4347
0.9994605500226302 0.1372809965943139 4348
1.003628520775643 0.1441094678582231 4349
1.007458164982694 0.1370856636719291 4350
1.011626135735706 0.1439141349358382 4351
1.015455779942757 0.1368903307495443 4352
0.9834653201025031 0.1376716624390837 4353
1.01962375069577 0.1437188020134534 4354
1.023453394902821 0.1366949978271594 4355
1.019285424149808 0.1298665265632503 4356
1.027283039109872 0.1296711936408655 4357
0.9872949643095541 0.1306478582527897 4358
1.031451009862884 0.1364996649047746 4359
1.035280654069936 0.1294758607184806 4360
1.007796491528655 0.1509379391221321 4361
1.02311506835686 0.1228427223769564 4362
0.9792973493494905 0.1308431911751746 4363
1.015117453396796 0.1230380552993412 4364
1.003290194229681 0.13025719240802 4365
0.9959692323615406 0.158157076230811 4366
0.9754677051424395 0.1378669953614686 4367
0.971299734389427 0.1310385240975594 4368
0.967470090182376 0.1380623282838535 4369
0.9633021194293634 0.1312338570199443 4370
0.9594724752223124 0.1382576612062383 4371
0.9553048384671327 0.1314428649850796 4372
0.9514749159285543 0.1384552733024149 4373
0.9473072884510921 0.1316408569435548 4374
0.9434773210702121 0.1386514292597801 4375
0.9556428402929791 0.1452818452548309 4376
0.9393093536674866 0.1318230951683677 4377
0.9354796561565117 0.1388447169050663 4378
0.9396476180255369 0.1456728244273762 4379
0.9316499932592027 0.1458677558466447 4380
0.9274820208718119 0.1390392176655495 4381
0.9236523732773212 0.1460628831581931 4382
0.9194844016873394 0.1392343776258111 4383
0.9156547567762199 0.1462581529850845 4384
0.9114867857663678 0.1394296712052596 4385
0.9076571413991653 0.1464534688343975 4386
0.9034891705766543 0.1396249947249761 4387
0.8996595263313283 0.1466487973441589 4388
0.8954915555603535 0.1398203253448124 4389
0.8916619113439297 0.1468441291473483 4390
0.8874939405863612 0.1400156576969065 4391
0.8836642963769888 0.147039461788152 4392
0.87949632562283 0.1402109904773125 4393
0.875666681415201 0.1472347946399434 4394
0.9153241075881853 0.1327202154962324 4395
0.8714989609005342 0.1404165690115967 4396
0.8676691081611445 0.1474318351525457 4397
0.8878322671296144 0.1538679330362198 4398
0.8718370441587673 0.1542588834088975 4399
0.8638394303571397 0.1544542637617255 4400
0.9038274970779614 0.1534772683468831 4401
0.9358179608971722 0.1526960995697679 4402
0.943815575338062 0.1525007453905854 4403
0.9198227274118875 0.1530866194444903 4404
1.083941892058623 0.1560079712440642 4405
0.7128997250140781 0.1997223859210229 4406
0.7549673332880279 0.2807659589987539 4407
0.7080550937992527 0.1651890614366641 4408
0.4716824406551682 0.1409145082534757 4409
0.5320774703625432 0.1413255926902625 4410
0.7530365855959217 0.1383126185228876 4411
0.2865497572464021 0.2725064910740214 4412
0.6401965991817411 0.1365975052019355 4413
0.4112832081518181 0.1404645985045832 4414
0.3620303840281299 0.1318697457549653 4415
0.5241239305472697 0.1421865249811125 4416
0.5208927963053592 0.1495049709878273 4417
0.4557733150095893 0.1426174724204204 4418
0.4478197865962674 0.143478510039418 4419
0.3978397430865779 0.2420684226606721 4420
0.4211559348748412 0.2137778729931117 4421
0.4249855790818919 0.2067540688068161 4422
0.4169879641218285 0.206949401729202 4423
0.3776765424134397 0.2356306172415405 4424
0.4445771111205084 0.1506903412609462 4425
0.3050213634796846 0.2096840675892329 4426
0.2970228141625109 0.2098801589467265 4427
0.3008532311346606 0.2028557194334049 4428
0.292854599742471 0.2030518013441887 4429
0.2966851928384744 0.1960272876310709 4430
0.2886875666212142 0.1962226271303862 4431
0.2925174424219067 0.1891986488508494 4432
0.3005150206592293 0.1890033438478505 4433
0.2963470805085024 0.1821748493177861 4434
0.2883494706488183 0.1823701783624768 4435
0.2921791146858599 0.1753463743054399 4436
0.2840149119966994 0.1756289046438756 4437
0.2879833801047246 0.1685324353410088 4438
0.2798145492891497 0.1688173883540974 4439
0.2838053833879365 0.1617092119560337 4440
0.2759311790006376 0.1618290720831858 4441
0.2796831750517146 0.1548549745041126 4442
0.2718629574861291 0.1549423884404376 4443
0.2755394562412525 0.148012506812394 4444
0.2675905720299003 0.1481782298171394 4445
0.2713581250281292 0.1411924215839515 4446
0.2633582833247131 0.1413891521789123 4447
0.2960041323816172 0.1683249915658646 4448
0.2848569310378414 0.2032471608832213 4449
0.2804740679492643 0.1963002635113778 4450
0.30434469444849 0.1819795171709412 4451
0.2876678486524482 0.1546679260162677 4452
0.2793429587726955 0.1410049249885026 4453
0.2751730637544438 0.134177653783576 4454
0.2720159152028093 0.1689085679814995 4455
0.2595120029437786 0.1484231541897696 4456
0.2556442822305942 0.1414114086984098 4457
0.259226490766772 0.1345386333975651 4458
0.2515323828500658 0.1345487171436859 4459
0.2831673919490698 0.1339843427014289 4460
0.28035185670883 0.1825655105093164 4461
0.3085126650314882 0.1888079885641073 4462
0.3123423141405719 0.1817841806509216 4463
0.3081743442045671 0.1749557087658642 4464
0.432983194041955 0.2065587358844332 4465
0.3530070444413219 0.2085120651082881 4466
0.3575133417402999 0.2291928118223982 4467
0.3616813124933094 0.2360212830863085 4468
0.4319126773039046 0.1452001005810977 4469
0.3491774002342717 0.2155358692945799 4470
0.3143722758270714 0.2648978315222501 4471
0.3182019200329601 0.2578740273353182 4472
1.069630352704358 0.2256559397337127 4473
0.681585910895835 0.2282079661908395 4474
0.2873356507097493 0.1408126351843859 4475
0.2705496890005389 0.2728802162892763 4476
0.2789985505250032 0.1271564087085085 4477
2.036488979265652 0.08484876582079451 4478
0.2710018413163326 0.1273600297459911 4479
0.2514554677459699 0.05742631874450263 4480
0.2473748701789965 0.07005416423667246 4481
1.962036179790484 0.111545568979609 4482
1.947860173483515 0.08484886486386023 4483
0.4151821061188863 0.2968341114115544 4484
0.9949639614576247 0.04741788792226356 4485
1.932310240668984 0.1114183051324227 4486
1.917368591883615 0.08527590012664778 4487
1.902317372583025 0.1116674533929365 4488
1.88737449591307 0.08541002002949438 4489
1.872450224857442 0.1115853410881363 4490
1.857481413576605 0.08544092010129045 4491
1.842572742198781 0.1116052466470606 4492
1.82760129070516 0.08547307831214185 4493
1.812678804535195 0.1116918297265382 4494
1.797720268709385 0.08551595943198521 4495
1.782768791319579 0.1117182149131865 4496
1.767836611807211 0.08555234100784083 4497
1.752884841748237 0.1117582559550548 4498
1.737957899230639 0.08558710153528477 4499
1.723008621826686 0.1117999949422264 4500
1.708082695420124 0.08562525327768047 4501
1.693148130971445 0.1118361873792342 4502
1.678213473378045 0.08565728548762527 4503
1.663302124941066 0.1118708928026789 4504
1.648350943306518 0.0856943855619431 4505
1.633451089996413 0.1119084041615767 4506
1.618492723782863 0.0857225431305487 4507
1.60359534989191 0.1119390931498849 4508
1.588639345250658 0.0857591945094961 4509
1.573745758589192 0.1119675843494519 4510
1.558796666582919 0.08577830112113639 4511
1.543911292559756 0.1119938454788196 4512
1.528968695802692 0.08581437980184699 4513
1.514090955239022 0.1120167244245625 4514
1.499158384417548 0.08582089567996257 4515
1.484286253487572 0.1120259898097055 4516
1.469369833114965 0.08585581706191832 4517
1.454511873205731 0.1120323905700164 4518
1.439620869450653 0.08584007709677517 4519
1.424792324051466 0.1120334741549962 4520
1.409924908834278 0.08588396646802983 4521
1.395130274092275 0.1120117890444809 4522
1.380318223856278 0.08585343109694894 4523
1.365596873981067 0.1119620530862692 4524
1.350863196574729 0.08596231583948502 4525
1.336262800983115 0.1118760910320776 4526
0.2550744298673311 0.1277226858977139 4527
0.7227137141378933 0.1555324726665429 4528
0.7306672481825317 0.1546714870689695 4529
1.037353657558128 0.3444065354921685 4530
1.045309750756289 0.3583114990922101 4531
0.2470795496767088 0.127923509632494 4532
1.286174769679787 0.07321173486406465 4533
0.2463779274924993 0.2598978697781649 4534
0.1999478369981386 0.04245516502408395 4535
0.7762532895965257 0.3554779329485787 4536
0.7020781463925152 0.1507406346704168 4537
0.6801658519477123 0.2983157348425353 4538
0.6741123945564427 0.2930596929966662 4539
0.4149129531818843 0.09850067607074482 4540
0.9146483812014523 0.2861310904785442 4541
0.9088825717208896 0.2930037466388993 4542
0.906718920980278 0.2846071573159886 4543
0.9014203158797287 0.2903111581012443 4544
0.8989495812459101 0.2827375397889614 4545
0.3448808815899697 0.03824142623964477 4546
0.6497711038034681 0.04184047654765538 4547
0.8003522601965265 0.07459823302753749 4548
0.6648813357427503 0.0396929977133299 4549
0.3367619230105054 0.3709668891746941 4550
0.7973318075933398 0.2887392658632026 4551
2.019511046308461 0.06160998304608326 4552
0.3650522771375594 0.1593972496548033 4553
0.9572544384985895 0.04834849781710929 4554
0.7642805913231268 0.09515498628060937 4555
0.1919781044603129 0.3411128493178663 4556
0.1828906985441054 0.3535379167331483 4557
0.1111327558007175 0.216892064400898 4558
0.1197069933390085 0.214192000980052 4559
1.075842437463924 0.04458576633885189 4560
1.108395087310023 0.1553310236085668 4561
1.112457300935241 0.1479664967977974 4562
0.8314560598598784 0.09517366052036608 4563
0.8914460123612877 0.1325510376683243 4564
0.4710413457020809 0.05234907161148902 4565
0.4577244209183265 0.05459904944164459 4566
0.756452397137785 0.04703134682485213 4567
0.2620817546876716 0.2453533416648445 4568
0.7160413088488945 0.04262848787540879 4569
1.098270587820037 0.09915496281859934 4570
1.102353703764816 0.09035653484376924 4571
1.110940665592527 0.09055682331554887 4572
1.093177718556376 0.09224991894292763 4573
1.169372318769003 0.1478261978445734 4574
1.186893770317753 0.1469939159223448 4575
0.08892838494417954 0.2245594335384907 4576
0.07516486069549622 0.2265551451932944 4577
0.06624896280412695 0.2156285000506083 4578
0.06163341901915342 0.2294058146248799 4579
0.05140442184722582 0.2186833335338479 4580
0.711301936690346 0.08712535596174346 4581
0.4614646276735273 0.07783008648493742 4582
0.4703547794560523 0.08520044035114832 4583
0.6832015157413296 0.2826132477623493 4584
0.7344203431532748 0.3001057609421198 4585
0.8037239477412942 0.2846342506539315 4586
0.8389231239805464 0.2872861875612207 4587
0.9278084793820313 0.08354694836361132 4588
0.9702185709958129 0.07202137912395765 4589
1.26534606478229 0.2825011624670643 4590
0.9750715423308965 0.3637263444108192 4591
1.108765546562759 0.3591772509208558 4592
0.2037650359809183 0.3694138406032463 4593
0.7592713032689524 0.1583065743951712 4594
0.7672307384066921 0.1575107655525853 4595
1.16536149645899 0.05361830383267416 4596
1.102159512026069 0.2391233534329067 4597
1.110593714631618 0.238897114602333 4598
1.238944515776099 0.05402415643413319 4599
1.035070114655461 0.2891006562482749 4600
1.039340572621454 0.2957031661211498 4601
0.9982075923030069 0.2816387125917232 4602
0.2316103527928677 0.04503523639512011 4603
0.9198225557295557 0.2804059272992219 4604
0.2434670377139961 0.1358593299808463 4605
0.2390752238208032 0.1283114992646731 4606
0.2351808315176322 0.1351568775067264 4607
1.179566404291733 0.3447227671157447 4608
0.385530291516389 0.1640746502616804 4609
0.2547201150080932 0.2870403566299913 4610
1.033165419118428 0.3305815948966191 4611
0.356771714305867 0.160021286725819 4612
0.3523773348603136 0.1538099381488502 4613
2.036843818706972 0.342099380115725 4614
0.9826195956274572 0.3005465770663115 4615
1.047324023694663 0.2954165710617281 4616
0.5295596547713801 0.05600026398232683 4617
0.8061935822079587 0.08356574067218367 4618
0.05893103078876294 0.06964457865561691 4619
1.397144319872823 0.3557029473385139 4620
0.2663476783943879 0.3736340364174039 4621
0.3994153144307757 0.03937097336975903 4622
1.031068853540526 0.3121223347059845 4623
1.019783102967009 0.1160086002652455 4624
1.129781054229242 0.07107213420675754 4625
0.2507588206758563 0.1482247752322778 4626
0.8662294288900507 0.285996258242619 4627
0.5943765058516545 0.1553861640049279 4628
0.602400095067534 0.1544522151529453 4629
1.017106855288887 0.3209718856342063 4630
0.8717781874279936 0.2800428919457104 4631
1.251815785884191 0.3549679973553962 4632
0.9232723264990572 0.3419722291800271 4633
0.9144699896258334 0.352302315052901 4634
0.9292840793036421 0.3555068577407989 4635
0.8638421803590469 0.1404360077994445 4636
1.154115732476865 0.2997176561309078 4637
1.115726591426829 0.04558203847686562 4638
0.9669467378283456 0.1243229891156933 4639
0.6281581263835542 0.07141556584794193 4640
1.323992150446683 0.2803701239034926 4641
0.825669789572283 0.2919478666663962 4642
0.8244714611461361 0.2848606736823049 4643
0.3539683957279212 0.1328179234362093 4644
0.3509335646822254 0.1401895521440311 4645
0.231111743452922 0.1283823208316092 4646
1.02794040580694 0.1161138112382613 4647
0.8718109846467645 0.3421906763653222 4648
0.8622705868773578 0.3512361706797785 4649
0.8768163103659751 0.35611890694965 4650
0.1151807464831122 0.06526427311959029 4651
0.1068093935291787 0.04823843310073714 4652
0.7494750846717921 0.3503593393183839 4653
0.7496326691283521 0.3668641966212848 4654
1.114919190341363 0.2309538208402259 4655
1.078044041392482 0.3604295946169148 4656
0.7116473178901674 0.340973330537393 4657
0.7108439296780371 0.3559538483880342 4658
2.09598408606442 0.1885447711102247 4659
2.125546863040182 0.1884249618328992 4660
1.083360303392134 0.301366991745348 4661
1.106297133114855 0.3337207781465323 4662
0.0719235384507908 0.2418624121827466 4663
0.05643056312228922 0.2445957332382205 4664
1.136569469145253 0.05812018434309793 4665
2.125001949474396 0.08617156114073111 4666
0.8167594705797989 0.03346721991359444 4667
0.8400783107285563 0.34429976556413 4668
0.8304041358438645 0.3538669978841518 4669
1.017147412529421 0.2061517081086834 4670
1.009149797649623 0.2063470409705776 4671
1.005320153455948 0.2133708451467931 4672
0.9740063467571205 0.2418567276992189 4673
0.6739266224817672 0.2422555745633847 4674
1.001152182733735 0.2065423738596618 4675
0.7459051674274374 0.2404975389731878 4676
0.7379075516371085 0.2406928750609703 4677
0.6979194673621965 0.2416695758065509 4678
0.741060533277391 0.2059645560977464 4679
0.7330629183173272 0.2061598890201311 4680
0.7292332741102731 0.2131836932064236 4681
0.7490581482374539 0.2057692231753617 4682
0.7250653033572625 0.2063552219425134 4683
0.6973608264621418 0.144330100744366 4684
0.6941234264141205 0.1515906649354589 4685
0.7005928066087721 0.1370194689758945 4686
0.4180029437597167 0.248506228079809 4687
0.5909833285536749 0.1279807531390012 4688
0.4224546158118057 0.2828249980358999 4689
0.4263837836772411 0.2883205741555208 4690
0.8213859948484848 0.1378705427785673 4691
0.813432086280274 0.1387280677257059 4692
0.7928042547055725 0.1340076890449237 4693
0.4908185751671446 0.13185493500012 4694
0.8325719232940777 0.12970302021633 4695
0.7197312080401421 0.1279808908758185 4696
1.042155226142653 0.2471225440316218 4697
1.030959877145918 0.2821003563656511 4698
0.7347397706168742 0.27548444941846 4699
1.039448624822948 0.1363043319823896 4700
1.043278269029999 0.1292805277960957 4701
1.039115545147148 0.1226668817996512 4702
1.035618980615897 0.1433281361686836 4703
1.04710878771541 0.1222925278210459 4704
1.041955767356629 0.1159222178408918 4705
1.051276029736456 0.1290911622422515 4706
1.050088059821854 0.1153218853690077 4707
0.6672876215762482 0.1266895067193486 4708
0.3946867519714428 0.2767967777473695 4709
0.3908571077643901 0.2838205819336637 4710
0.451050891729689 0.1361597951366126 4711
0.6210576334478918 0.1456308702991569 4712
0.6179375823797053 0.1529842916734061 4713
0.6242898065100693 0.1383220206320571 4714
0.6561029044132398 0.1348684869304 4715
0.4271902763703546 0.1387426297412193 4716
0.2945473769036963 0.2723113049246338 4717
0.6732499693898147 0.2145510236629997 4718
0.6690819986368026 0.2077225523990774 4719
0.2869961654850673 0.126961075786128 4720
0.3160413825363441 0.07563181245524747 4721
0.3950222040877552 0.2905313639658982 4722
0.3870216700923366 0.2906071813425181 4723
0.3828585272268248 0.2839763807264769 4724
0.3786008806764165 0.2910212621393904 4725
0.3747902222612027 0.2842015826063482 4726
0.3702967446439843 0.2911671696648324 4727
0.3668642628841999 0.2844065807008199 4728
0.3706819644940753 0.2773811656525132 4729
0.2702202126807642 0.2590434068786497 4730
0.2748151989126397 0.1203520072453965 4731
0.4074265754130642 0.2967688034398202 4732
2.066272239860776 0.3393267831500291 4733
0.05710381344612525 0.2028515610505753 4734
0.03987663801233277 0.2072244809227411 4735
0.04704463026341243 0.1887423294506607 4736
1.4123593219308 0.2787835115076968 4737
0.7356815407911701 0.07333493723303289 4738
0.7904017801032951 0.3621715666363433 4739
0.8027356770542002 0.3532405370166019 4740
0.8048747583212627 0.3694509364748157 4741
0.5338918817024344 0.04007361189419772 4742
0.1917411618320399 0.1294073584309073 4743
0.184430183305349 0.1304692233165846 4744
0.1872661418589237 0.1234484793070809 4745
0.1792309260431527 0.1246689425910976 4746
0.1822979606733179 0.1168259363329296 4747
0.1737061466911637 0.1182380100689336 4748
0.1708977416496904 0.1265754814446129 4749
0.1650082703718463 0.1198420838617446 4750
0.1621401437708387 0.128622012317029 4751
0.1556652018750879 0.1213318799243898 4752
0.1529949125538881 0.1303209342260361 4753
0.1460279641705891 0.123162875483174 4754
0.1441785847589875 0.1318927717424895 4755
0.15007301269974 0.1388979276257279 4756
0.1410574420505182 0.140881475850852 4757
0.2688866121185525 0.2315291317323022 4758
0.2774283659223351 0.2311774701039843 4759
0.2733692213866297 0.2243176697823019 4760
0.69346157185372 0.08826374584050124 4761
0.3308814221711425 0.08578808557574023 4762
0.8611870262738253 0.2923026271917293 4763
0.8584528526106827 0.2838448572439141 4764
0.6987041462520638 0.04466742978021548 4765
1.093931815074123 0.2391593862968184 4766
0.9713395139317986 0.04853906661482363 4767
0.7309249068400698 0.2824450704575294 4768
0.3626538290382755 0.291099757745602 4769
0.3588022544146202 0.2845087901989946 4770
0.4180857601091814 0.1604443168287868 4771
1.233666364647307 0.1235642128955345 4772
0.4355629767670017 0.1031464911965603 4773
1.120442187234151 0.2390161579990711 4774
0.5784458099261891 0.156900121915915 4775
0.2566812717738121 0.04505558343376589 4776
0.2771748880832485 0.2032081710595539 4777
0.2810750621423089 0.2102111270060489 4778
0.2739836633765211 0.2095521379149079 4779
0.9618041488309138 0.2823899834202646 4780
0.9568042636947556 0.2884034952283302 4781
0.9538872080342026 0.2812367295241376 4782
0.9488993045219808 0.2871747010243297 4783
0.9600774731618459 0.2956751941041968 4784
0.9460291687836714 0.2797103970431233 4785
0.7513057196864856 0.159129026643779 4786
0.7465758164223633 0.1529031857722298 4787
0.7433423910434882 0.1599015445871155 4788
0.2730035664402799 0.1965183328595966 4789
0.6897572403437744 0.2810565653976978 4790
0.5120796122634206 0.1017522287568445 4791
0.9639404402736962 0.03505983203411669 4792
1.100703176562271 0.1832822937361408 4793
1.099579303946098 0.1417410518149645 4794
1.091551666059541 0.141930213996847 4795
0.1301635438545776 0.2338768550391673 4796
0.1342473182033193 0.2410834452570033 4797
1.133481173105938 0.1469974746091826 4798
0.7274224625184383 0.1616440229585522 4799
0.3687347624185926 0.07190784412398404 4800
1.500610857166063 0.277663199499263 4801
0.1112173362961908 0.1908888686139334 4802
0.1226822773861479 0.1906619966806616 4803
0.6344788821827629 0.04520402816014654 4804
0.7859034541945016 0.1003016152677529 4805
0.9823213833618132 0.03599169950174097 4806
0.9428707338958084 0.1247650214087602 4807
0.8539540006725279 0.09962577384379646 4808
1.060175322800267 0.04464016008585417 4809
1.053346841067977 0.05802158677908723 4810
1.044972642168144 0.0455597746186924 4811
1.038783119088488 0.05738760359231243 4812
0.3299066968496824 0.0411072649645485 4813
0.9516037497701347 0.08135342512198325 4814
1.560230312198662 0.2768889961638142 4815
0.839480683803503 0.04675533991908834 4816
0.1765859470598146 0.338859537553688 4817
0.1673129565164044 0.3528786346176824 4818
0.5700155895277392 0.04593452492270322 4819
0.9833214885649548 0.1240672478052292 4820
0.9910614249305775 0.1237237162954817 4821
0.2889710986434103 0.08546955209211786 4822
1.030001043192412 0.04463359199797978 4823
0.662284365062588 0.1548043553460495 4824
0.4599750576779569 0.08889571590141562 4825
2.139536338240164 0.1632388437233525 4826
1.052551631817218 0.3264622458857355 4827
1.619931164680283 0.2761395718616003 4828
0.6220976030117528 0.06194017163268342 4829
0.7940920164490224 0.06497826358242614 4830
0.6725706407683991 0.3009193611228374 4831
0.6665246366591779 0.2956471359281257 4832
0.6680852748735865 0.2877908522246169 4833
0.6605008442588185 0.2903518244177504 4834
0.662039808666643 0.2824063983738199 4835
0.6544527053949084 0.2849468932085475 4836
0.6529088239663196 0.2928877348819718 4837
0.6469034560159344 0.2875984189869543 4838
0.6445760335158783 0.2959748092489128 4839
0.6393302483279735 0.2901777186541666 4840
0.6409058196324668 0.2823307660314812 4841
0.6333261597733775 0.2848899703103453 4842
1.168634070793394 0.2715722516561695 4843
1.176093131276033 0.256623122695243 4844
0.8349436827572376 0.1573810352426625 4845
0.8433021744130184 0.156319945731397 4846
0.811643384669564 0.07268824899232557 4847
0.7410067406070463 0.09779081292221239 4848
0.6126132365268225 0.09813436822705017 4849
1.67967162502399 0.27539998512107 4850
0.2102632437280123 0.02965358831944798 4851
0.9008467691452796 0.3489947480552138 4852
0.7356537377909518 0.3742637961928851 4853
1.140920911769057 0.1780898920957009 4854
0.066731347456221 0.257832273617115 4855
0.05086930091076436 0.2600828600315671 4856
0.06209931222489873 0.2736119917907154 4857
0.04421189901984923 0.2780567476834997 4858
0.05736469972182734 0.2913801068524831 4859
1.739438366767621 0.2746677164922396 4860
1.196370008385735 0.1314355183335282 4861
0.3329993374793099 0.1290504323888072 4862
0.3380342228830039 0.1346675002852579 4863
0.4858475513059621 0.1602675942213404 4864
0.7445266819816329 0.09030214009050677 4865
1.977301360801426 0.2917543359452789 4866
1.993371166694631 0.2653317874427893 4867
1.799217424993447 0.2739391842310201 4868
0.4021552360941159 0.1619653236380321 4869
0.5625151986315444 0.1584176013511136 4870
0.5104931106223941 0.04587772613437593 4871
0.5268951654168375 0.07912850346711775 4872
0.9200009065881283 0.3677009112953356 4873
0.3972939994705451 0.3391761911048709 4874
0.406308134411381 0.3518153701294178 4875
0.3912944455614834 0.3530025621180991 4876
0.400072851971025 0.3654148155651403 4877
0.4183615772240004 0.3650863985267851 4878
0.5044308271165545 0.3381093114699452 4879
0.5112425527278095 0.3488713071084797 4880
0.4971002320756996 0.3504720176492067 4881
0.5238807740815804 0.3469599523051846 4882
0.5195721943589309 0.3609406686162674 4883
0.5348056940876598 0.3565953919554256 4884
1.949396863270292 0.322999924293242 4885
1.859003351077123 0.2732175752941428 4886
1.011757415604966 0.1164149407439188 4887
0.8022887921267751 0.09220618817488738 4888
0.8117158256572274 0.09160796996188658 4889
1.920005512569248 0.2713929232515426 4890
0.8939613379059002 0.2881920610696044 4891
0.6859126688119475 0.2753895939877589 4892
0.2680127175449653 0.07842473846495701 4893
1.105052287503143 0.2049487644014894 4894
1.043508543374464 0.3025316373850606 4895
1.036439561600038 0.0321952651700789 4896
0.9809688012608517 0.3792369312920256 4897
0.3207419442336104 0.369410743714466 4898
0.6316921081230065 0.2925633270524074 4899
0.625736057891344 0.287418080788484 4900
0.7648704488293493 0.2873357709136307 4901
0.8447147835445086 0.2809514151799612 4902
0.5513990365897925 0.09306171472208435 4903
0.5622574309517421 0.09067137430944834 4904
0.5415084199668097 0.09408742340436513 4905
0.2454559457233103 0.332587442532756 4906
0.2315817030246844 0.3306526330998034 4907
0.834024437699094 0.3001975198872852 4908
0.9742545045607602 0.2765465955808077 4909
0.7910999689422412 0.2931934266664115 4910
0.7921390214396168 0.3009800354292408 4911
0.7913175742688059 0.2864558908214669 4912
0.6464095037958515 0.1568238444284986 4913
0.5354693487199058 0.08687917303574869 4914
0.5327997339950975 0.09655696357228133 4915
0.2550131153386097 0.07863711030431983 4916
0.7137161077580971 0.2954528197020097 4917
0.7146274053550146 0.2865715818868721 4918
1.097575534439063 0.245790659171563 4919
0.6338059296525856 0.08105780576888463 4920
0.629995858348806 0.08990204830073975 4921
0.6392354156207796 0.08878098059163282 4922
0.03189041860166864 0.2629761273020225 4923
0.4670458770896265 0.09495894799582541 4924
0.4575677987936102 0.09727019086348274 4925
0.4768654280132851 0.09210860438522941 4926
0.9627589683446632 0.08079873435670121 4927
0.9730559710096555 0.08360609307845723 4928
0.820819945524128 0.1577898068230633 4929
0.8129811067994459 0.1609132469127054 4930
1.097024121969387 0.08333459303970643 4931
0.6695732246090973 0.2803094909384274 4932
0.6640761261758256 0.2754600535688531 4933
0.8477441966736472 0.3578596428432149 4934
0.8329524502415582 0.369320884724576 4935
0.2582485542929431 0.2392642755169593 4936
0.9411578266691705 0.2854069855568034 4937
0.9429562983308546 0.2924911986233764 4938
0.3538073895464598 0.3692344899552975 4939
0.3623364205448466 0.3540567547061227 4940
0.4075568421575609 0.3799773297685046 4941
0.127091398989969 0.2269160373074622 4942
0.3004435519767606 0.3070641224107337 4943
0.3066590450263752 0.3145878085970198 4944
0.4704597687298634 0.1630458054184407 4945
0.5458938289940747 0.1608912170360763 4946
2.052046085022847 0.3630700729247024 4947
0.05195173609341408 0.08833607364236064 4948
0.06648572321936719 0.1065069096482777 4949
0.537657822930159 0.3040359470009956 4950
0.542668744383187 0.2969850101517435 4951
0.5312578233545429 0.2975709708983303 4952
0.5233179320849479 0.2987115117490681 4953
0.5265938591748287 0.291535025137592 4954
0.518655707772222 0.2921655602186749 4955
0.5222789539765303 0.2856308271655161 4956
0.5140156995252436 0.2860453044043173 4957
0.5107103195454672 0.2930839364635861 4958
0.5060131897063708 0.2868458501689057 4959
0.5027420638045846 0.2939818746893857 4960
0.4983361424204382 0.2876383436152171 4961
0.5343112427585339 0.2899174393234625 4962
0.5180803859534456 0.2792953755437171 4963
0.5583577656972002 0.3015225163629871 4964
0.5629702628164291 0.2938466382280247 4965
0.5712132810558425 0.2922854365715332 4966
0.5656422255680376 0.2862483767396987 4967
0.5575917621860397 0.2873711396039141 4968
0.5731722316963024 0.2845590698197977 4969
0.5791246882050186 0.2903251388427415 4970
0.5677958046579729 0.2785206856469973 4971
0.5808285066662238 0.28301947853297 4972
0.5866383628915717 0.2883028274758215 4973
0.5889353503595872 0.2796588073113174 4974
0.5943866877558612 0.2863335808684365 4975
0.5932176503982476 0.2948165464344908 4976
0.6012071182118035 0.2917489881090913 4977
0.6022085909356385 0.284561150522613 4978
0.6070604010233189 0.2885867551556289 4979
0.609905473746016 0.2826204084546881 4980
0.6055136575425186 0.3023787467658139 4981
0.4366289468117693 0.3069208222996709 4982
0.4423320130405892 0.2992646192236609 4983
0.4797390783385849 0.3034508760917444 4984
0.4747336690766594 0.2966574919352328 4985
0.466015972583789 0.2974542983812152 4986
0.4696786075952561 0.2898380698456433 4987
0.4616151097010674 0.2903627585509352 4988
0.4780871706056595 0.2890509624839729 4989
0.4728344579546669 0.282542532373968 4990
0.4579576417535154 0.2975026131714683 4991
0.4536298718126328 0.2907683798387497 4992
0.6251081027908966 0.293724835942635 4993
0.1170920177638006 0.1830102661661787 4994
0.125532412016504 0.182131492984336 4995
0.1208099823478566 0.1750059510073718 4996
0.1291014958499538 0.1740447159553401 4997
0.1242261436419342 0.1671141126352874 4998
0.1325081384468041 0.1658202640083722 4999
0.1278637980684156 0.1587664620007976 5000
0.1360026848379289 0.1585991969867803 5001
0.1323965567477942 0.1524827695770904 5002
0.116011048613194 0.1677571325454998 5003
0.3781869193608037 0.3045636212341921 5004
0.3360873002058264 0.0245946280859379 5005
0.3526896513588846 0.02274978392918536 5006
0.8945830526441405 0.2946025412681091 5007
0.9570456041652634 0.3080415578863508 5008
1.93479552120482 0.3490506309937751 5009
1.963944826068813 0.3490274764603984 5010
0.8082119123276041 0.09914290609655055 5011
0.03828185262541162 0.07075716786445496 5012
1.185351000539823 0.04961074091101816 5013
1.171728394078035 0.03441762238918789 5014
0.6559038570108215 0.02742736425096584 5015
0.1480994324228893 0.1469488372836532 5016
0.1564619476831663 0.1436032030921207 5017
2.14446302684256 0.113544874097114 5018
0.9157332707886683 0.08363429402831229 5019
0.9401126977222575 0.08170401350779605 5020
1.146086536007991 0.1419912748875673 5021
0.157964218808667 0.1122404152178989 5022
0.1763099580647329 0.1088958022203016 5023
0.3840192415988823 0.3665336221596294 5024
0.2276784042109496 0.1351076364341811 5025
1.87431778970239 0.3520232014728025 5026
0.8646038148301776 0.3653556128078894 5027
0.879559297468657 0.372560752240051 5028
0.987069838833139 0.1178021952572309 5029
0.1257871984708278 0.04780757688848525 5030
0.2267536412333131 0.06927854832776253 5031
0.1399399359715717 0.1643803094134688 5032
0.5586851907780264 0.09792948582345931 5033
0.6182015799131495 0.2925104920319708 5034
0.6186859106389132 0.2833505812600404 5035
1.39457464903806 0.05814133129735652 5036
0.611046022552355 0.03708347893976524 5037
0.484867426537933 0.2956632084242797 5038
0.4858734914186171 0.2861811344658255 5039
1.814872729018806 0.3515777250691472 5040
0.742344428987847 0.04875073515721443 5041
0.6344414996442391 0.2770976566520345 5042
0.6984078089318445 0.3487295737899374 5043
0.6970589814753896 0.363012986039932 5044
0.6832580788144017 0.3524094852714272 5045
0.6823199398913088 0.3698974550590253 5046
0.6683478197381311 0.3602124818544247 5047
0.6664594095660568 0.3771571094279107 5048
0.6523128806723874 0.366243344187016 5049
0.6539020089477059 0.3485564612094002 5050
0.6393669760652227 0.3563340355975355 5051
0.6399528915756462 0.3414911318079517 5052
0.6270328098910737 0.347432771876709 5053
0.6246076638922549 0.3624375631328045 5054
0.6122161686617854 0.3526236174215789 5055
0.6109849527579805 0.3690958826416641 5056
0.5977416630236062 0.3577999177347514 5057
0.4306793287193891 0.300156493313977 5058
0.1598614618877184 0.3361964103605915 5059
0.1507102827685416 0.3520803217197082 5060
0.1578823337220198 0.3698759921424844 5061
0.1199060469328286 0.1400614091649547 5062
0.8912668350295718 0.2806813859937574 5063
0.8966580059385738 0.2752945287681232 5064
0.8841100604855162 0.2805622683892582 5065
1.454058870388831 0.05819816234473377 5066
0.6001557313001229 0.02632514895721169 5067
0.5868361859485789 0.02912925323061663 5068
0.4618041105880016 0.04108891597206818 5069
0.4470535315373889 0.0445166178570047 5070
0.9243582124571553 0.3875169372461178 5071
0.6355131489985241 0.0968563086905541 5072
1.513679342579136 0.05822810205989837 5073
0.8756182214564363 0.1330954884979833 5074
1.754618808122447 0.3534075765174201 5075
0.2500072103626289 0.2523347288333645 5076
1.57336297170928 0.05821964959403617 5077
1.323030107498077 0.0890840178333 5078
1.33104579563392 0.05922395492175977 5079
1.307907011061801 0.1124605335137021 5080
0.2879929687909661 0.01983830070442397 5081
0.4768145439078586 0.03756297626443561 5082
0.4858888240381818 0.0240628202345777 5083
0.02133819520943936 0.283397258986259 5084
1.633081650555924 0.05818750633705147 5085
0.2587605468254313 0.3320599296638038 5086
0.8616502355386183 0.3075000201732904 5087
1.692818301878493 0.05814065296164175 5088
1.039493330223379 0.1024780108524385 5089
1.035123230751 0.1100006270959756 5090
0.1864546351516515 0.107883062355792 5091
1.752568337136864 0.0580857841308357 5092
0.6308130567240787 0.1593974373527484 5093
0.7492856525960859 0.3848426382933802 5094
1.812325595747239 0.05802634250865177 5095
0.9113505643634572 0.3079975076487593 5096
1.872082798805116 0.05797020411905529 5097
0.8313147144781425 0.3100818256769582 5098
2.154574450267869 0.1893843260507179 5099
2.140248734207165 0.215067213379357 5100
2.15196038331184 0.2367590230799844 5101
0.5202000116202992 0.06756824800953551 5102
0.9386258736221476 0.3055653445080584 5103
1.932577637861206 0.05800835081885633 5104
0.214378064223649 0.3292253959386801 5105
1.694206433123917 0.3556774314920555 5106
1.111177047005389 0.1700487017835211 5107
2.110579346155634 0.0592709121027101 5108
2.145783662185688 0.05947864881999057 5109
2.080951821132967 0.05955526285610252 5110
2.156004845328779 0.02638324198552824 5111
0.3773714463161134 0.1665207127933406 5112
0.3229143567021431 0.05552026004505489 5113
1.209993215447924 0.04796965410294113 5114
0.9948910297531206 0.08198523266901479 5115
0.3980298822532092 0.3029143269934397 5116
0.449390207223666 0.07795438799397261 5117
0.4427428353523575 0.06940803445475172 5118
0.244940153573207 0.07985825272337901 5119
0.8897354106599804 0.3058622520872656 5120
1.021076149412108 0.1030273781257004 5121
0.129648058859308 0.1875082492049613 5122
0.1322895681897871 0.1818830753107941 5123
0.04271283926382963 0.1067923485892003 5124
0.05636866919522299 0.1243104600640546 5125
0.03747978380371775 0.1270815169016493 5126
0.0497751892380871 0.1428494237620195 5127
0.03018715766808056 0.1453194591764811 5128
0.04196381798082216 0.160837991902469 5129
0.1589304465494608 0.1363768227020876 5130
0.1379046059332276 0.2335219515929946 5131
0.1413860469996777 0.2392361370934862 5132
0.1389045305483101 0.2481860356525677 5133
1.634428051061556 0.3559043375273688 5134
0.8886490158176317 0.08371571047459055 5135
0.8788223373303394 0.08477240408545339 5136
0.8668856050989528 0.09280877835765795 5137
0.8849374746724986 0.09335642851424172 5138
0.8942674960823873 0.09273493117663095 5139
0.9030088276529513 0.09276635925172227 5140
0.1310935142741001 0.1170600209650396 5141
0.2671513967795009 0.01705418977653003 5142
0.4160052047946821 0.3103226116132886 5143
0.9984862779873311 0.3799118505303151 5144
0.7647163725097451 0.3761874961829784 5145
0.7081841762171703 0.3017843686275489 5146
0.1236870418468806 0.2058260965173361 5147
1.951665072252176 0.3812078731001075 5148
0.1350842437277486 0.2042889476816302 5149
0.1371384442231819 0.2177598984997375 5150
0.1311211015631322 0.2153703557456623 5151
0.2040607709787432 0.2650830881552642 5152
0.2085300033582307 0.2708193884766706 5153
0.2156740690063874 0.2695671839890317 5154
0.2008577759960459 0.2712866459590344 5155
0.2130458567574414 0.276635498954149 5156
0.2204974833036826 0.2751575372393005 5157
0.2231040349454159 0.2679967129764999 5158
0.2280967710702438 0.2736855434300344 5159
0.2175565951162323 0.2822732607391044 5160
0.2096185997261102 0.2830986160698547 5161
0.2144131629063515 0.2894949644936253 5162
0.2312058694439215 0.2653215565938457 5163
0.235507098753805 0.2713669307802022 5164
0.233739505898374 0.2791325212357632 5165
0.2110121485269707 0.1346112315235217 5166
1.309463997862009 0.3558065096428285 5167
0.1965968000171909 0.2649547122435523 5168
0.1926781914060309 0.2707106700846325 5169
0.1849864716055587 0.2699182211186659 5170
0.1883312042826941 0.2767909872049242 5171
0.1805086726511183 0.2762763450012661 5172
0.1763298492109389 0.2678786915343242 5173
0.184232573089115 0.2839569215277679 5174
0.1723993094320406 0.2752352600752581 5175
0.1688305373714412 0.2680963723889 5176
0.1642931377303712 0.2746715998733604 5177
0.1604983838230749 0.2671997290746373 5178
0.1558116845160094 0.2740007835299493 5179
0.1524685041030744 0.2661004921935208 5180
0.157141348173431 0.259674791225892 5181
0.1493456349346678 0.2583253893243935 5182
0.1441625458832038 0.2647385739437185 5183
0.1927141755886661 0.2842227901897882 5184
0.1541086082453316 0.2523573176666856 5185
0.1598147806055719 0.2819746241890615 5186
0.2570441628489105 0.1676992639146264 5187
0.2603544484053952 0.1616100915283696 5188
0.260463238635655 0.1736354372664174 5189
0.2673356478923811 0.1750556786168432 5190
0.270621684049558 0.1835036600115661 5191
0.2485192482053077 0.156285668089148 5192
0.2433217610731744 0.1511265052637176 5193
0.2438062776281477 0.1440235264138555 5194
0.2315915270419366 0.1420254062343788 5195
0.2374908902983489 0.2528533438583803 5196
0.2377142890677779 0.2600159881049631 5197
0.1750772220981281 0.1398271448657165 5198
0.1679753021626387 0.135311774017511 5199
0.1752662817201163 0.2599603802788983 5200
0.2624566425699657 0.2181677294326934 5201
0.2636238979881786 0.2110974976745885 5202
0.2645113875084901 0.1883524589935412 5203
1.102877065555774 0.3743213349956088 5204
0.5675990934695154 0.08142914725399104 5205
0.5722487366734799 0.08996178365373783 5206
0.5781573703507985 0.08242602184083281 5207
0.698441101600062 0.0793759009355304 5208
0.6934497784331347 0.0705542339405866 5209
1.574673112299393 0.3561233259479092 5210
0.9355529300881944 0.3703378874678269 5211
0.9450326537781202 0.3577293222327523 5212
0.2175050824041763 0.1308735081360843 5213
0.7222412416864938 0.2824896119538329 5214
0.7147430571190574 0.2779948043589472 5215
0.7084679366996131 0.2814839267730015 5216
0.7091808914172937 0.2745256828592807 5217
1.14514089915642 0.2851489021345521 5218
0.3451965890730245 0.388893106973687 5219
0.5966678509558132 0.3025377560369781 5220
0.8813641799068465 0.1022071299096796 5221
0.8405373427133771 0.1634220359387806 5222
1.116436354772667 0.2187348199111148 5223
1.516123435714453 0.3547790906960615 5224
1.17694643446366 0.1633394589967549 5225
0.4819819783803668 0.08349765361771502 5226
1.196299180389193 0.1642356325260124 5227
1.11870236076028 0.08086243251769051 5228
0.2810892837150236 0.07611050187250321 5229
1.158411073535375 0.1630903992061868 5230
0.02926890809157401 0.191620162273123 5231
1.456971472756195 0.3548852903064779 5232
0.4019574047385813 0.01975960258303258 5233
0.1205184343648971 0.2731791519620924 5234
0.1292321960787531 0.2845863979598419 5235
0.1389222564755235 0.275957949923194 5236
0.5194048288384367 0.3066377686444999 5237
0.5373560473066692 0.01941298667812788 5238
1.047233440118879 0.3909010799243228 5239
0.4697110448284101 0.3899710786625941 5240
0.4589623687801436 0.371935676158881 5241
0.4788211724317144 0.3713725908548915 5242
0.4673516464761931 0.3569258995449472 5243
0.4501065008229201 0.3572837755851931 5244
0.5656605084424288 0.3902019146770543 5245
0.5757783608937723 0.3736382381658251 5246
0.557113668869795 0.3723781610444655 5247
0.5665388487663165 0.359017134869636 5248
0.5190991047470135 0.3909479962929621 5249
1.078936715176751 0.01643780485698765 5250
0.4445749932564603 0.01774258908444667 5251
0.7615690531726678 0.02052416390215353 5252
0.8767698882617216 0.0210097485496242 5253
0.8639378855814002 0.03642729175702519 5254
0.7178624192644703 0.02053424939788556 5255
0.9211706648439855 0.01861549826723974 5256
0.7956596444818087 0.1617811251833393 5257
1.101977561700588 0.264487170838993 5258
1.09706631266947 0.2580678103815406 5259
1.093957389113563 0.2659383227375277 5260
0.1007875607874841 0.02417062819491131 5261
0.2521359222537729 0.3878303470144024 5262
0.9203288376547035 0.09171691817481789 5263
0.7842476217864178 0.3117027147905855 5264
0.1021076205636148 0.1855596907213872 5265
0.8002880531063805 0.03572868334087984 5266
0.1996486614433335 0.09509269645326235 5267
0.3581214622731709 0.1046022020667038 5268
0.6740748977924536 0.02357360637537534 5269
1.124734118149898 0.02003854720229953 5270
0.7202289144415365 0.1629649730703218 5271
0.2323932802603426 0.2936637136070064 5272
1.226160295381692 0.02590096771911463 5273
0.1519021791200166 0.01990738026478345 5274
0.1644514648186088 0.03700922690729794 5275
0.980316339593188 0.3090309653158586 5276
0.9810993483430053 0.07306259375619542 5277
0.4973528290991464 0.3688788111121439 5278
0.2010276994439568 0.3290425427110763 5279
0.1876844132784932 0.3284961925106793 5280
0.1019844913050389 0.3862321536272468 5281
0.0919867125927103 0.3626521282785412 5282
0.06417933226607087 0.3628371474818617 5283
0.07626168052920779 0.3425582401664281 5284
0.05253780830133792 0.3411257082304529 5285
0.09784437823642578 0.3405738748432421 5286
0.06441965489633028 0.3236946546261428 5287
0.1179114737596532 0.367730307169431 5288
0.7553728084450485 0.3087718531780227 5289
0.7493466881310158 0.3018477873098845 5290
0.75117552219452 0.2938341048707034 5291
1.026816811095753 0.2894661310523608 5292
0.3607034496387305 0.166673546184285 5293
0.8567315052439857 0.2997099411678849 5294
0.5394148855024372 0.1025340550385131 5295
0.1833662013295787 0.03761704304091582 5296
0.358692460707644 0.3043893490341913 5297
0.3844424610497478 0.04352777396720475 5298
0.1410502480514435 0.2573365719233788 5299
0.8171019602933911 0.2822799144676926 5300
0.8235135209980853 0.2773481008829394 5301
0.8306068685399184 0.2797454488178519 5302
0.7348916004260417 0.2907051333040247 5303
1.169753796502218 0.3882055559850686 5304
1.1448009063133 0.388684324883618 5305
1.158216631053834 0.3702414346576327 5306
1.136577063537833 0.3690003732839817 5307
0.1265725935469758 0.197976331049708 5308
0.7352051269780068 0.3089501655211092 5309
1.137507981208008 0.03475678697898679 5310
0.1748597537256704 0.0525943643828326 5311
0.1013520240789594 0.2192053433785923 5312
0.1076085427695808 0.2266604099603921 5313
0.9313768024720548 0.03588995674190759 5314
0.2560375877377692 0.155310127278694 5315
1.321960643078148 0.1373512580048793 5316
0.8985839919849729 0.1002620296401779 5317
0.1434538019890526 0.1580202817444703 5318
1.294907041094141 0.1395621839495648 5319
0.8035723423109935 0.3100397099640019 5320
0.9342182660897417 0.125230447230495 5321
0.7727259524505263 0.03351173906565624 5322
0.6417939400640732 0.274721225952862 5323
0.68292900104842 0.03831496515120411 5324
0.9071074027524196 0.3006938498239037 5325
0.9350044983838171 0.2968534801651644 5326
0.2249020874715377 0.2604812103706842 5327
0.6133916580366313 0.3894665710600884 5328
0.9461631676668263 0.09093066545355311 5329
0.1768130664309711 0.1321716680308451 5330
0.4387929565342275 0.3706101907476211 5331
0.4329681872452636 0.3526178238498981 5332
0.2642120281556948 0.1678400716411117 5333
0.8314753328864217 0.01876593836178803 5334
0.3059723839098001 0.3312019479121646 5335
0.2080154336666186 0.2946943616334596 5336
0.02612421634442397 0.3395900501133781 5337
1.053453797838247 0.3453044628865689 5338
0.4146944538197727 0.03655452361224321 5339
0.04625120994580167 0.02785676764795317 5340
0.6195349437300981 0.09101294024957077 5341
0.5541606864859858 0.2942309035869933 5342
0.550066496649678 0.2871580741521911 5343
0.8859534291945637 0.2977414590118804 5344
0.6395003329156626 0.07066300049594651 5345
0.2726975726978653 0.3154583560647393 5346
1.255265206386193 0.02836977417104397 5347
0.4639497432736199 0.1024302742028247 5348
0.7921512648404232 0.09331027114080739 5349
0.04516021668253312 0.3836040096635416 5350
0.6005828018682431 0.3415114203872826 5351
0.5864316759230556 0.347008449112458 5352
0.06703355863413551 0.04969342890923792 5353
0.3833407651818932 0.1717138893544573 5354
1.030789442633578 0.2966939832160791 5355
1.018864368532209 0.2892846414858001 5356
0.5773497771182042 0.2986116767367209 5357
0.4088120195144103 0.08517566220142876 5358
0.3974986235819675 0.08710259293496384 5359
0.3897973466649191 0.07989879525617449 5360
0.3880936903434256 0.08986162644956502 5361
0.3945081622166544 0.09545602713505084 5362
0.4033635502679249 0.09363245249468508 5363
0.39170291788571 0.06778698698154131 5364
0.3819850432289797 0.05831250629765419 5365
0.6579759659552458 0.08571108980662777 5366
0.1403602396293605 0.1507606431246455 5367
1.105429059080587 0.3037430879653091 5368
1.099791842347919 0.3136858930237146 5369
1.096051179836225 0.3045754311254133 5370
2.171027261922784 0.162139870232467 5371
0.2511927744548177 0.3235783917593098 5372
0.7877920195654491 0.1624557654579157 5373
0.2068121089552941 0.3904275345534378 5374
0.01946878467533564 0.2128918610271769 5375
0.1819482006839717 0.2626697190755775 5376
1.056820753172254 0.3735999954891085 5377
0.6783924125413963 0.3867751280382064 5378
0.2372695027415158 0.06017282240816485 5379
0.6689404633418947 0.3447782881758685 5380
0.6513380010174116 0.3007519290070658 5381
0.2281451317477408 0.2867136551149043 5382
1.035295672288298 0.303736525556234 5383
0.938051689289031 0.2781018081810108 5384
0.9436340871505339 0.2709769451075765 5385
0.9302127712638126 0.2771509975396964 5386
1.380502527139382 0.1377477378861089 5387
0.3387912470024708 0.09254667110725825 5388
0.2751843546508754 0.1762602274901674 5389
0.2760214070800708 0.1897174203143741 5390
1.229389288640231 0.3797199096055777 5391
1.20737666676124 0.3660362235347721 5392
0.2760164367583229 0.390687839183229 5393
1.001541403351947 0.08958764016282289 5394
0.5486158386588209 0.03530585628779645 5395
0.4572808966693173 0.2836581626955466 5396
0.4490660932015271 0.2837050855177015 5397
0.4456621405732123 0.2912683815617236 5398
0.4416828487216149 0.2846166123373096 5399
0.4385333425028139 0.2918852527382071 5400
0.4446494443557208 0.2769678311636448 5401
0.3261374021618569 0.3208543111130985 5402
0.08499071459650631 0.0990604388737092 5403
1.233128219936453 0.2829886529164208 5404
1.037143208519962 0.3738878171162962 5405
0.2572625361153478 0.2302543390675621 5406
0.2434598314251798 0.2486271960949109 5407
0.62923151539744 0.3322439620666465 5408
0.6165050043724301 0.3382018840353418 5409
0.878454136766442 0.2739621577281032 5410
1.014003176334995 0.2961134397180184 5411
1.014284881408965 0.2823236920631635 5412
0.1963532188801294 0.1034229030601024 5413
2.095619106145948 0.03065747192554277 5414
2.050581420981774 0.0557159681700069 5415
2.030563275768539 0.03127017150050196 5416
1.094545372921921 0.1067868244772162 5417
0.1433429136507265 0.3368492310279732 5418
0.150772297405481 0.1032608561739216 5419
0.4565207778518601 0.1047317675710381 5420
0.4486806350253365 0.1004972511692771 5421
1.05709367440559 0.1016735099800348 5422
1.904268384981455 0.3537265089168974 5423
0.1604743674013243 0.3898515273146645 5424
0.2498788636248253 0.2936940611408023 5425
0.245641794381061 0.2869332803858153 5426
0.363508027952899 0.1107929483976128 5427
0.3602301314989447 0.1182522524821588 5428
0.9300288477305351 0.09178928787852784 5429
0.7809919996973493 0.302846456909452 5430
0.3222891223656548 0.3906850463139481 5431
1.43984544721539 0.1381052184271869 5432
1.950044573696091 0.2760424852546765 5433
0.1620944374570339 0.253313269944098 5434
0.06241001197802243 0.1561400613947528 5435
1.040300819258249 0.3105702877831146 5436
1.036984219695759 0.319295835354457 5437
0.9100127182183948 0.03365472524661392 5438
0.8919555724128613 0.03693289789668083 5439
0.1298734032099553 0.3500492984309369 5440
0.2653020358595756 0.1964276036411021 5441
0.2020389627735943 0.1091829824219226 5442
0.9702525106583068 0.3472910071290369 5443
0.4947629651560919 0.2950547904941611 5444
0.4996402029518312 0.3017318796268507 5445
0.8363362613183385 0.389298686130148 5446
1.124997306419328 0.229012125472198 5447
1.137716406979575 0.2277896718216692 5448
1.886742400868477 0.3805361890968662 5449
1.843545853391479 0.3529559438352648 5450
1.318496456171544 0.02649112506190271 5451
1.303694299185915 0.05099982532477179 5452
1.348475472935154 0.02997199400890654 5453
1.826609699817432 0.3799109561402391 5454
0.5377437354933055 0.07610181643479186 5455
1.265746501697598 0.237827825987265 5456
0.2583011006311525 0.2522186421738998 5457
1.783728082947483 0.3534013185427498 5458
0.8014410345706604 0.3894547118320795 5459
0.1950861560511419 0.1226827174699144 5460
1.258994154270778 0.3835084763118448 5461
1.089763413755177 0.2321878650992399 5462
1.081773087600797 0.2323200855928526 5463
0.2773529370954696 0.2169557254931752 5464
0.8081292397916403 0.01822967009818646 5465
0.06709974134093954 0.1388862536361055 5466
0.07458095867148673 0.1231133905819582 5467
0.2370295478791965 0.2868187544816325 5468
0.688805238246904 0.09641850358443896 5469
1.499289153502254 0.1380252098010912 5470
0.5074760989918901 0.3003513613185324 5471
0.6385422910014829 0.3024955490377642 5472
0.5019571873469703 0.2804428447170539 5473
0.4934356168774844 0.2815249005015535 5474
1.116286984463936 0.1616070782531717 5475
0.1296792474420483 0.2500003673874748 5476
1.363997428590725 0.0579249346315083 5477
1.408821104502427 0.02881015880999716 5478
1.351431731784591 0.1377680171556112 5479
1.096236860481019 0.3245773798817086 5480
0.4341849528395966 0.2851354346071511 5481
1.409988220205046 0.1378681115042096 5482
0.4615718365920897 0.3056392142512855 5483
0.1819425945460859 0.1373318960249242 5484
1.767060730906731 0.3806782003613959 5485
1.723938319889056 0.3547173244528338 5486
1.558876185190528 0.1379460488763861 5487
0.1625684493557658 0.1467901975578621 5488
2.125015736771629 0.3842682343565669 5489
2.139897863444246 0.3585196551459255 5490
2.172310201905764 0.36170542354539 5491
2.155089922472347 0.3334929059440003 5492
2.125944186469035 0.3332198831546053 5493
2.142505146954326 0.3075017691596268 5494
2.157718771185074 0.2817687652625122 5495
2.127253246788702 0.2838637463630655 5496
0.2179654452605218 0.2627315890623816 5497
2.125531029166105 0.1371319270080601 5498
1.469498197018415 0.1379948744997062 5499
0.2421264704772563 0.2671504494740938 5500
0.7476764705091015 0.07275778650953119 5501
0.7068066444316961 0.1572544289324007 5502
2.066327958604893 0.188662964212034 5503
2.081070125014581 0.2142113861400111 5504
1.295074037050399 0.2821044371946255 5505
1.308850901833898 0.1637427508970278 5506
1.263791891780897 0.142160384623094 5507
0.347172393089889 0.2917248015572524 5508
1.648393690203702 0.1378152522277797 5509
1.529067371362592 0.137985260960577 5510
1.377881229742049 0.3839075704346988 5511
1.407313501764739 0.3840952441380534 5512
1.367910999746277 0.3559637152843271 5513
1.382958779191759 0.2804505983842284 5514
1.18638493359228 0.2726872289182186 5515
1.19826538412947 0.2556415817447216 5516
1.207295953755374 0.273042201376835 5517
0.2504244186879573 0.2804109531883778 5518
2.111130384169133 0.3589109141130322 5519
2.096689794593371 0.3360766706216073 5520
1.917409979327814 0.2417722759364053 5521
1.47084885145114 0.2780935849389847 5522
1.441244236783203 0.279300260211588 5523
1.427825980747397 0.2575870971881052 5524
1.588706283798184 0.1378737702341232 5525
2.051365694422164 0.1114001307259156 5526
1.424231106297537 0.05754138474208931 5527
1.468468286360752 0.02884749409153853 5528
1.483806324589764 0.05755397565402159 5529
1.528168192076026 0.02886459495750066 5530
1.543468889751128 0.05754498353082185 5531
1.587893852320495 0.02886250804942092 5532
1.603175348382976 0.05751698393968688 5533
1.647634113589181 0.02884769332460149 5534
1.662904896083462 0.05747655287780648 5535
1.707382141880808 0.02882575849450572 5536
1.722648784351143 0.05742926129031858 5537
1.767135013589861 0.02879971764675693 5538
1.78240384626983 0.05737822344125937 5539
1.826889671081029 0.02877194099401473 5540
1.842161983598662 0.05732511140237437 5541
1.886642326553908 0.02874630480681961 5542
1.902064764876321 0.05727693095667372 5543
1.947525240376271 0.02784234371409752 5544
1.967029744509209 0.05716688833806 5545
1.352802780550858 0.2808136350809401 5546
1.33920895664644 0.2588076971837892 5547
1.530380880600575 0.2776295157133015 5548
1.618543358088591 0.137824850591706 5549
2.110472793185238 0.2141436578094742 5550
1.590035459170178 0.2768846291841106 5551
1.091237758677679 0.128103496748025 5552
1.022736474295635 0.282292056711705 5553
0.2785524572418634 0.272698747171884 5554
1.889882007936911 0.2702000365578384 5555
1.962065823363436 0.1630649846562145 5556
0.2747182656268037 0.2797211674597677 5557
0.3651794031589637 0.1245662976285626 5558
1.902344792654337 0.1631844742848071 5559
0.5534993180362208 0.2806871862101518 5560
0.5462644939240762 0.2810521627102008 5561
0.2224345236346108 0.1150223141116928 5562
1.829059113390805 0.2740138181485932 5563
1.649755509698682 0.2761597792134955 5564
1.087758646040367 0.1489750248778651 5565
1.709507215539888 0.2754389564258578 5566
1.842588779711253 0.163295335929966 5567
1.769279779596379 0.2747245902950406 5568
1.857648298744499 0.240858742193971 5569
0.2705846826419782 0.1135514306257083 5570
1.067162417301453 0.2880535967561773 5571
1.059146188921902 0.2882574853466661 5572
1.467995869719457 0.3836400522678886 5573
1.527742341521683 0.3836289547315492 5574
1.586842160600172 0.3840975482103201 5575
1.545474736327935 0.3560164105861864 5576
1.646663935960459 0.3840975482103198 5577
1.604619775583617 0.3560169404223938 5578
1.707270217669673 0.3831048566591451 5579
1.66438746574374 0.3558015125218203 5580
1.077619842909102 0.2254727077716644 5581
1.782775618146677 0.1634197277599066 5582
0.3106554530033453 0.1125422325528212 5583
0.3184754064020221 0.1123258370540447 5584
0.3224311638267663 0.105367322619333 5585
0.3184887671076249 0.098452216006603 5586
0.3266118414676943 0.09862723216007241 5587
0.7820290435345767 0.1074212382291834 5588
0.5085437926932889 0.1090821668055823 5589
0.2385971838515337 0.1143994288702704 5590
0.4321984626449921 0.110383909306516 5591
0.2546106289384356 0.1139732023394742 5592
1.083260707581833 0.1282987586020565 5593
1.079767575915992 0.1491817129436281 5594
1.075943798623743 0.1562040835094627 5595
0.2852282964120242 0.21703281718757 5596
0.2890296260130161 0.2100665010530879 5597
0.2788855111639583 0.2865522726147162 5598
1.036972286614907 0.1987372381087797 5599
1.028974671624032 0.1989325710543403 5600
1.049137871510104 0.2053703770657655 5601
1.0049818269459 0.1995185696694849 5602
0.9938312207178406 0.2344422507590183 5603
0.9820039530010309 0.2416610310713749 5604
0.6819243676589077 0.2420594372349731 5605
0.9660086795118548 0.242049379672737 5606
0.7539027763476867 0.240302229078018 5607
0.7580707440229617 0.2471307120760393 5608
0.7619003879512718 0.2401069089524822 5609
0.7657300314009822 0.2330831076535614 5610
0.7698980021792385 0.239911578821234 5611
0.705917082322562 0.2414742428967581 5612
0.7417371863693236 0.2336691069982458 5613
0.7337395729883849 0.2338644338999803 5614
0.7295716009194215 0.227035967653205 5615
0.7257419567562285 0.2340597716722566 5616
0.729910163183757 0.240887344410309 5617
0.7219125857116241 0.24108253440726 5618
0.3223698907854367 0.2647024985989433 5619
0.2823831551618592 0.2656774779097023 5620
0.364834312466856 0.2012933121025736 5621
0.9969842119940659 0.1997139025856063 5622
0.3105426275170892 0.2719214677331408 5623
0.67707961364151 0.2075272213080581 5624
0.6729116428512903 0.2006987485180299 5625
0.6649140278850219 0.2008940811860802 5626
0.6809092578572524 0.2005034174778904 5627
0.6889068741296454 0.2003081383906328 5628
0.9701765005293369 0.2488709137367794 5629
0.9580110558375821 0.2422442657703565 5630
0.7448901775346757 0.1989407539716204 5631
0.7528877924560644 0.1987454194631545 5632
0.7288949483057465 0.199331448164111 5633
0.9973225385340628 0.2135661780403758 5634
1.001490509288284 0.2203946493033855 5635
0.2845198274618348 0.1893939817732367 5636
0.4621683801989047 0.1630801414286329 5637
0.4544552832128721 0.1639685754467627 5638
0.2816870257603727 0.2379798341313465 5639
0.5161704144291202 0.143047674118424 5640
0.3729460111129268 0.1587876210862854 5641
0.6812475844433215 0.214355694573999 5642
0.4261492095437126 0.1596431539290282 5643
0.4341187194694097 0.1586824506805431 5644
0.4239916648437941 0.2963293430606554 5645
0.3140339492874344 0.2510455560754921 5646
0.3220315642360638 0.2508502231520457 5647
0.3178635934823918 0.2440217518886357 5648
0.3216932375873685 0.2369979477630142 5649
0.3300291791871295 0.2506548902336047 5650
0.4051607049547127 0.2141685388378799 5651
0.4009927342016976 0.2073400675739726 5652
0.3929951192416345 0.2075354004963586 5653
0.3968247634486883 0.200511596310061 5654
0.6894069298226118 0.1451877367784555 5655
0.6861566898090421 0.1523296888629641 5656
0.689625897599608 0.1587153518266344 5657
0.5256017403497735 0.1558381307537917 5658
0.5176460920801323 0.1566795857154597 5659
0.5294649111113712 0.1624624269722463 5660
0.3856741573735042 0.2354352843191498 5661
0.3018683648084608 0.2444124184084149 5662
0.6702325325860821 0.1538937952789429 5663
0.678194923952086 0.1531146312114653 5664
0.6750881052998468 0.1607194785171454 5665
0.6322444052705647 0.1374708705895856 5666
0.5273551091580801 0.1348697415063029 5667
0.5456264565747774 0.2315286258714273 5668
0.5497944273277953 0.2383570971353337 5669
0.5577920422878584 0.2381617642129442 5670
0.5539623565895582 0.2451853130140871 5671
0.5619599646344124 0.2449899375275063 5672
0.5459648522053147 0.2453805788872913 5673
0.541796823881825 0.2385523763186672 5674
0.5337991993266823 0.2387477540236042 5675
0.5379672579134063 0.2455758901855554 5676
0.5299701463665476 0.2457687171510246 5677
0.5258016816284252 0.238942619407184 5678
0.5219726315189834 0.2459635544907834 5679
0.5181432204201217 0.2529781254376798 5680
0.5139745932246608 0.2461595789386198 5681
0.5216336282247214 0.232114545222704 5682
0.4691416246352246 0.2126058754587944 5683
0.4729712688422769 0.205582071272504 5684
0.4809688838023407 0.2053867383501218 5685
0.4649736538822087 0.2057774041948889 5686
0.4569760389221436 0.2059727371172765 5687
0.2630033206048747 0.1275470745532771 5688
0.378014868959401 0.2494828926917285 5689
0.3953761560273523 0.1421866242238627 5690
0.3556165149576741 0.1465185977604057 5691
0.3477071038559105 0.1472676474637499 5692
0.3441017112994258 0.1539689856315463 5693
0.3227081927943604 0.2785537694384805 5694
0.5638916261190472 0.1378818312679709 5695
0.5671226025175052 0.1305647319161516 5696
0.4089903491617644 0.2071447346515865 5697
0.4033296751179147 0.1413255867760524 5698
0.5542158201370009 0.161095785078448 5699
0.5056383817744612 0.232505290483369 5700
0.4976407668143955 0.2327006234057551 5701
0.4938111226073437 0.2397244275920494 5702
0.4858135076472754 0.2399197605144312 5703
0.4899814784002885 0.2467482317783456 5704
0.4979790819535865 0.2465524013765832 5705
0.4819838634402255 0.246943564700734 5706
0.4941493169310556 0.2535681967071203 5707
0.5059767400032198 0.2463565431955402 5708
0.4141732995526646 0.2555300322661051 5709
0.6096073762552849 0.2299659624923096 5710
0.6137753470083023 0.2367944337562161 5711
0.6217729619683658 0.2365991008338252 5712
0.6179433176658851 0.2436229033694718 5713
0.6259409326100429 0.2434275701719762 5714
0.6099457012840209 0.2438182119032121 5715
0.3606663549526828 0.1944668377109043 5716
0.3762279284806159 0.1512683106830495 5717
0.5491177742358537 0.2106525462349267 5718
0.5529474184429035 0.2036287420486307 5719
0.5609450334029713 0.2034334091262576 5720
0.5449498034828408 0.2038240749710266 5721
0.5369521885227794 0.2040194078934147 5722
0.5018087409467478 0.2395288413000954 5723
0.7334012449071506 0.2200121643031005 5724
0.7254036299543971 0.2202074971976047 5725
0.3456860825639432 0.2364119489367076 5726
0.6934131701179562 0.2209888313379295 5727
0.4496550770540118 0.2338726209400671 5728
0.4538230478070281 0.240701092203974 5729
0.4618206627670913 0.2405057592815852 5730
0.4458254328469642 0.2408964251263625 5731
0.4378278178869 0.2410917580487473 5732
0.4499987929190337 0.2477364945596578 5733
0.4579943137955309 0.2475323318569983 5734
0.4659915797416651 0.2473355273045675 5735
0.4419957886399141 0.2479202293126579 5736
0.4339981736798474 0.2481155622350439 5737
0.4298302029268324 0.2412870909711303 5738
0.362683569446733 0.2775623203892098 5739
0.3665218254579566 0.2705514052656713 5740
0.3745208757187245 0.2703582205204075 5741
0.6297705769098726 0.2364037675904751 5742
0.6339384774216961 0.2432293631455347 5743
0.6116127336309412 0.1327167356787141 5744
0.3956856884442008 0.1074607920128417 5745
0.3696789274533755 0.2358259501639264 5746
0.716500057632721 0.1352991876220013 5747
0.6466624645645757 0.1219572208813847 5748
0.316510253927217 0.1886126706979188 5749
0.3203398937902122 0.1815888690209936 5750
0.3206781984517763 0.1954411577572991 5751
0.3126806245936911 0.1956364657907994 5752
0.4845549664633412 0.1692051196000442 5753
0.5750762685285188 0.1297026243762793 5754
0.5776169164150291 0.2307472941818717 5755
0.5817848871680475 0.2375757654457775 5756
0.589782502128112 0.2373804325233868 5757
0.5859528359694856 0.2444038768710118 5758
0.593950447270952 0.2442084839755136 5759
0.5779551456360459 0.2445987372549338 5760
0.5737872559871584 0.2377709596386447 5761
0.691148767865683 0.1241115724923304 5762
0.5501328315574594 0.2522077323764718 5763
0.5703563952196062 0.1232477415694991 5764
0.8038166114444976 0.1611694240999258 5765
0.8082262158803877 0.1682651598521513 5766
0.4288152232889444 0.1997302646205227 5767
0.8529251209023954 0.1343167410190733 5768
0.3766460201145357 0.1940841493562609 5769
0.38082254287393 0.2009036161148868 5770
0.3728281733507139 0.2010999952682446 5771
0.6461039386302758 0.2498574032715688 5772
0.6005947816725321 0.1886044696863698 5773
0.5967651374587368 0.1956282735967601 5774
0.5887675224975497 0.1958236064731617 5775
0.604762752414659 0.1954329405046697 5776
0.6127603673715017 0.1952376074502893 5777
0.6387092604566481 0.1228184193428002 5778
0.5591690421258196 0.1314259415079868 5779
0.5544343367778021 0.1249832546645948 5780
0.5512135791919991 0.1322883351836747 5781
0.5661265910437887 0.2518125790356634 5782
0.4797707401527749 0.1054854921589573 5783
0.4877739602588909 0.1043145451819442 5784
0.5146794681220114 0.1292779228746576 5785
0.376998100009441 0.2079266920329787 5786
0.8166647757223339 0.131423147954418 5787
0.8087116525270289 0.1322856223574796 5788
0.8993507918475359 0.1330992197317588 5789
0.8957829654369852 0.1261696641720095 5790
0.5482868721722627 0.1689946098845728 5791
0.8246184286865036 0.1305617021821237 5792
0.4566377188381245 0.1921207590596944 5793
0.7403607207043401 0.1327167934498538 5794
0.5971034639962336 0.209480548700595 5795
0.8680074067071645 0.1612829641869409 5796
0.860009792873009 0.1614783432079505 5797
0.8563670375946124 0.1545732362954872 5798
0.8760050120503198 0.1610872375145899 5799
0.8602489241761947 0.1474585172883015 5800
0.6879170982091571 0.1314250765232095 5801
0.6958706552981995 0.1305643033084215 5802
0.6057777317953665 0.2369897623387265 5803
0.8069714562857405 0.1533800946356501 5804
0.5129366847699952 0.1503421440219863 5805
0.5096788152930971 0.1574136191896322 5806
0.513502901180881 0.1636151581915158 5807
0.6926392959821337 0.1378806708363029 5808
0.7038241057026776 0.1297025433448864 5809
0.4086520226158105 0.1932924592013859 5810
0.9073305886263332 0.1330059651134528 5811
0.4701638378582095 0.254164743787713 5812
0.7642213098576898 0.1301334672617179 5813
0.7340784203715883 0.2477147236210959 5814
0.3331821616536161 0.2159265404255636 5815
0.3373501393490792 0.2227550074519296 5816
0.8525765256303118 0.161561321800501 5817
0.6141136694102081 0.2506466378585844 5818
0.8332022685911029 0.2106443652154142 5819
0.8290342978380898 0.2038158939515052 5820
0.8210366828780262 0.2040112268738908 5821
0.824866273569028 0.1969852315528442 5822
0.8168686496896225 0.1971801992861039 5823
0.8328639599682743 0.1967928236011353 5824
0.837031915785343 0.2036206833351073 5825
0.8450295282560829 0.2034252484910662 5826
0.8408615874157107 0.1965980019555827 5827
0.8488592296881421 0.1964037872973182 5828
0.7085464839520528 0.136159806706398 5829
0.3874951039226766 0.1083967673696356 5830
0.6575930660156667 0.2287939649579654 5831
0.6537634218086212 0.2358177691442623 5832
0.6457658068485573 0.2360131020666531 5833
0.6499337451408632 0.2428402442896801 5834
0.6419360428226258 0.2430320007115755 5835
0.6579314638614102 0.2426447618851815 5836
0.6659290961148917 0.2424494040491082 5837
0.6701064563392136 0.249265333488132 5838
0.6540997597326372 0.2496437437517632 5839
0.6290939238364881 0.2086992170110293 5840
0.6329235680435334 0.2016754128247367 5841
0.6409211830036075 0.2014800799023742 5842
0.6249259530834745 0.2018707457471389 5843
0.7831039831933753 0.1559689327150287 5844
0.779732984185451 0.1632564851833853 5845
0.7920768483569749 0.1694900415292558 5846
0.7761368605056301 0.1704471163105958 5847
0.4701903508534977 0.1271309830590497 5848
0.4669586318223196 0.1344440308744168 5849
0.3446707037425205 0.1948553662404154 5850
0.3488389862906111 0.2016836471903246 5851
0.5641033203253774 0.1689218829638267 5852
0.9618407561292228 0.2352233373479807 5853
0.9538431350982596 0.2354183589828894 5854
0.9500139158460774 0.2424435883987392 5855
0.9458455311238743 0.2356142552025491 5856
0.9420163818783865 0.2426396801549981 5857
0.9378479986574144 0.2358098582525903 5858
0.9340183681992995 0.2428337074602112 5859
0.9298503012037462 0.2360049210472976 5860
0.9260206730371311 0.2430287777584496 5861
0.9218526889170989 0.2362002627237916 5862
0.9180229753052832 0.2432212249078342 5863
0.9138550606073073 0.2363951161430244 5864
0.9100253443249671 0.2434159969508427 5865
0.9058574407522468 0.2365902756683236 5866
0.9020276627376581 0.2436089220061246 5867
0.8978598138718107 0.2367851783800039 5868
0.8940300346863248 0.2438037819155342 5869
0.8898621947431399 0.2369803607651014 5870
0.886032326335935 0.2440043325669097 5871
0.8818645635232546 0.2371765382194314 5872
0.8780348273712743 0.2442006988383898 5873
0.8738669651857915 0.2373721841219853 5874
0.8700372380379396 0.2443948125758073 5875
0.6645759099059105 0.1870625259486013 5876
0.8119480686985934 0.1249804728457856 5877
0.6965665370456102 0.1862759476606163 5878
0.6148414380907342 0.1254044875670952 5879
0.3098659791347627 0.2442170851407953 5880
0.4542010622044867 0.2545946679567918 5881
0.7848508465112691 0.1348694253509679 5882
0.422170914512728 0.2553346993437191 5883
1.024806701050727 0.192104099655067 5884
1.020977056813833 0.1991279038639536 5885
0.5464805502542118 0.1258544150580236 5886
0.5432596814533364 0.1331512500352809 5887
0.4495330481661027 0.1572722166376792 5888
0.890199640430972 0.2508173582776005 5889
0.5206189827379055 0.190572156407039 5890
0.516789067270409 0.1975848542391695 5891
0.5087914071002713 0.1977783361025267 5892
0.5247867070741188 0.1973905385026784 5893
0.5046234288236109 0.1909495568018403 5894
0.5007937680836642 0.1979726840699021 5895
0.4927961446663368 0.1981676707216076 5896
0.8172070386709753 0.211035031060185 5897
0.4177456409473186 0.1258287845578763 5898
0.4097919828938358 0.1266889382116007 5899
0.4192367421227605 0.1396036134828869 5900
0.4875874275834734 0.1391732914239291 5901
0.8241483844732609 0.1697633825083558 5902
0.8280193182002067 0.1622590676008921 5903
0.8446917007319769 0.1895934047459301 5904
0.8568568491172892 0.1962086373548987 5905
1.072453960144971 0.177079792203959 5906
0.8473219254969525 0.2725812332077522 5907
0.8522864664279389 0.2785627555179097 5908
0.5942143623041911 0.1206639503649132 5909
1.053982114483379 0.2399037795714368 5910
1.050152745951775 0.2469273289730873 5911
1.054320775540012 0.2537557479176216 5912
1.065465504016255 0.2188292335068884 5913
1.061302412086983 0.2120030982788154 5914
1.033819291418703 0.2334655962921918 5915
1.029989650766581 0.2404893977820127 5916
1.009826450514637 0.2340515842507191 5917
0.6543119874336484 0.1554912690293719 5918
0.659308594242762 0.1618882939457034 5919
0.5526091416395474 0.1897785032349316 5920
1.013994421005024 0.2408800432667172 5921
1.018162391940532 0.2477085195181985 5922
1.034826513917194 0.275030901751213 5923
1.082686084632643 0.273852179640849 5924
0.8012118087508476 0.2114256969049557 5925
0.7970438379978342 0.2045972256410468 5926
0.7890462230377708 0.2047925585634331 5927
0.792875848496336 0.197767986748371 5928
0.7848782304115247 0.1979631917326287 5929
0.8008734111977016 0.1975705141715892 5930
0.8050414411233673 0.2044014081714673 5931
0.8088710050696624 0.1973743178282941 5932
0.7807102396035341 0.1911338993476063 5933
0.776880625403317 0.1981589321189916 5934
0.7688830200255583 0.1983546573745829 5935
0.7730509907409007 0.2051831270960963 5936
0.7650533781575708 0.2053785573305741 5937
1.050490866492372 0.2607792873123028 5938
0.8293936340301666 0.1025341063534543 5939
0.7674527818817786 0.1228163375229993 5940
0.7897228761296976 0.2324971094638392 5941
0.7938908468827107 0.2393255807277477 5942
0.801888461842774 0.2391302478053615 5943
0.7980588176357242 0.2461540519916561 5944
0.8060564325957995 0.2459587190692542 5945
0.790061202676072 0.2463493849124993 5946
0.7858932319227167 0.2395209136498762 5947
0.7820635877160897 0.2465447178346015 5948
0.9278203442079307 0.1528913616935434 5949
0.9239906981750969 0.1599150911258914 5950
0.8537037958102041 0.2309344460847569 5951
0.8578717665632085 0.2377629173486673 5952
0.8498741516031525 0.2379582502710511 5953
0.8418765366430903 0.2381535831934361 5954
0.8540421005432292 0.2447858284371149 5955
0.846044481947682 0.2449810125098602 5956
0.8380467774985813 0.245172681437142 5957
0.8338789025267839 0.2383481317920573 5958
0.8300491444309711 0.2453672729730485 5959
0.8258812813560888 0.2385432104294026 5960
0.8220515929591932 0.2455652053284985 5961
0.8178836759423013 0.2387389342097911 5962
0.9928162412455244 0.1928854313182384 5963
1.029312994745675 0.2127848490847204 5964
1.02514502666624 0.2059563758064002 5965
0.8651927284313572 0.2098630335258739 5966
0.8690223726384083 0.20283922933958 5967
0.8770199875984717 0.2026438964171948 5968
0.8728520215627458 0.1958156182955417 5969
0.8808496329042412 0.1956201372162904 5970
0.8610247680436711 0.2030349866547722 5971
0.8850176027416551 0.2024485709923747 5972
0.88884724729173 0.1954247808506886 5973
0.8930152176368094 0.2022532354123811 5974
0.8968448618527919 0.195229431591774 5975
0.9010128325195544 0.2020578993243065 5976
0.9048424767334686 0.1950340954190187 5977
0.8811879583820044 0.2094723689306983 5978
0.9291736481118655 0.208300370146794 5979
0.9250056773588526 0.2014718988828849 5980
0.9170080623987893 0.2016672318052696 5981
0.9208377066070772 0.1946434276696243 5982
0.9288353215661873 0.1944480947081988 5983
0.9330032923189636 0.2012765659624345 5984
0.9410009072789878 0.2010812330384372 5985
0.9368329365261012 0.1942527617796833 5986
0.9448305514860594 0.194057428852985 5987
0.9489985222390496 0.2008859001159774 5988
0.917684714156878 0.229371705706563 5989
0.879834653482604 0.1540633197196063 5990
0.8840026234847403 0.1608917602400121 5991
0.8920002380148158 0.1606964097124078 5992
0.7487198218313632 0.1919169534614413 5993
0.9695000494581454 0.2211759809850719 5994
0.6279580773192934 0.1670678723171582 5995
0.6386636877979988 0.159005477932697 5996
0.6447881497923388 0.1653784970373139 5997
1.08610783837869 0.2528826118291312 5998
0.7282182944723918 0.1716268668558038 5999
0.7602147732622742 0.1711564469542434 6000
1.066827599354109 0.1148661606569551 6001
0.9090104474535005 0.2018625653325778 6002
0.2835119253686496 0.1478324650009841 6003
0.2915030071248416 0.147641304668777 6004
0.2956696959395608 0.1544705906806503 6005
0.7987354707276331 0.2738586028921867 6006
0.7967051729696624 0.1907310915419081 6007
0.6101574603630295 0.2712760971166506 6008
0.6184617904660314 0.2708665446293408 6009
0.8102243601940893 0.2527854234267393 6010
0.9976608650479351 0.227418451750412 6011
0.9086721209513796 0.1880102916773662 6012
0.9406625807332438 0.1872289575971338 6013
0.9566578106531581 0.1868382917436486 6014
0.9608257814061606 0.1936667630071474 6015
0.9649937521591713 0.2004952342709757 6016
0.9451688780319936 0.2079097043020588 6017
0.9531664929920575 0.2077143713796862 6018
1.027621365655834 0.1435234690910685 6019
1.023791721448782 0.1505472732773624 6020
0.9569961371991089 0.2006905671934126 6021
1.058488412037183 0.2605838909356676 6022
1.062318398186768 0.2535604000641175 6023
1.05113718219755 0.2884499422825426 6024
1.087092999360812 0.294313394377532 6025
0.7306364536362199 0.268569313672116 6026
0.7385900852358586 0.2684039221165954 6027
0.7942291734296527 0.2531778561742726 6028
0.8582098400061497 0.2516064594612366 6029
0.4040423834880784 0.1734164125061197 6030
0.9636404475216113 0.1450861957805306 6031
0.9598108035722747 0.152110010518555 6032
0.951813189236816 0.1523053690144573 6033
0.9986758447292245 0.2689752798326508 6034
0.9496751735000047 0.228590357133312 6035
0.87668167442122 0.1887921683288603 6036
0.9118251122044965 0.1532819422404263 6037
0.9079954678411081 0.1603057400257157 6038
0.8262187531136866 0.2523604878460035 6039
0.9159930829525376 0.160110413300775 6040
0.8293395387656286 0.1370093670433943 6041
0.3546858244721176 0.2777552902806467 6042
0.7368925627065568 0.19913609230535 6043
0.7327245938938232 0.192307700616161 6044
1.011287809189745 0.1300618594856352 6045
0.9246673508163153 0.1876196235728697 6046
0.9883099439474387 0.172204684603402 6047
0.8926768918861536 0.1884009925247828 6048
0.4671188317529602 0.2751761233491165 6049
0.8067247332931712 0.2734650616328967 6050
0.9381862427098138 0.2496618635752068 6051
0.9941695214264492 0.2482934509657063 6052
0.952828166446108 0.1938620959299808 6053
0.5114481218477386 0.1365917178495797 6054
1.007458134798863 0.12337864705827 6055
0.726974138991654 0.2753973262548819 6056
0.9719763874813501 0.1587430749979674 6057
0.7692213485144681 0.2122070123758112 6058
0.8856942423870429 0.2301528468525361 6059
0.7880827858021806 0.1275565588739032 6060
0.9016894804440269 0.2297622439668006 6061
0.8721753856986203 0.1681117727615986 6062
1.008811471164279 0.1924947654745516 6063
0.6940912736691889 0.2486791417743677 6064
0.7020882024379378 0.2484830747122929 6065
0.985833604443802 0.2346375288214599 6066
0.6227879701248031 0.1245465689376737 6067
0.9796356758954521 0.1446954666253778 6068
1.060965131679936 0.1981512392023462 6069
1.065132928076464 0.20497964107067 6070
1.073130688333598 0.2047843659779762 6071
1.076960356756826 0.1977605714299226 6072
0.715008822537633 0.1215233212423281 6073
0.9903808293190494 0.2693243286827898 6074
0.986848585562107 0.2761944169413246 6075
0.920161053627891 0.1669388813850435 6076
0.9726530405732738 0.1864476258984035 6077
1.020300403787693 0.1714233529138609 6078
1.01613243303468 0.1645948816499508 6079
1.008134818074617 0.1647902145723356 6080
1.004305173867566 0.1718140187586305 6081
1.092614319023009 0.1835094763670102 6082
1.097051610247977 0.2043929085344263 6083
0.9336799591597553 0.2289811618822336 6084
0.9656704044319577 0.2281997431697528 6085
0.9952820486719464 0.1304691357019025 6086
0.9992743619542446 0.1236416945283394 6087
0.9751616945461917 0.1229753435560228 6088
0.9851569528323387 0.2069330396901514 6089
0.9361562834342469 0.1665482108820814 6090
0.9681467432742997 0.165766879184292 6091
0.96668538488897 0.2697566115221767 6092
1.047784565776317 0.1499612742088787 6093
0.9997988765685917 0.1511332720445171 6094
0.7442202376325895 0.1715110646121684 6095
0.9639787728219541 0.1589384202307332 6096
0.9716380611931029 0.1448908100994931 6097
0.6325851304769781 0.1878219726239904 6098
0.8836007194022492 0.1324316396114283 6099
0.8718690991005269 0.1259054307906561 6100
1.014333072548436 0.2547303859790671 6101
1.038325650141881 0.2541460014792927 6102
1.034157654352051 0.2473176722303236 6103
0.8127000007472047 0.1903239605692139 6104
0.6120837142784901 0.1675330565052805 6105
0.6072732311734594 0.1609640909288924 6106
0.5382529355000821 0.2729754560965104 6107
0.5346785729137079 0.2811546741350452 6108
0.6415978360955397 0.2291846308027463 6109
1.015794106488719 0.1507426061997473 6110
1.064117965309438 0.1634229994044007 6111
1.031789336408846 0.1503519403549776 6112
1.027959692201795 0.1573757445412715 6113
1.053305609094363 0.2121988214209179 6114
0.479635119579929 0.1400456194509609 6115
0.6052223152334204 0.1472392501466923 6116
1.05645883438096 0.1774704924882285 6117
0.9521515133541845 0.1661575450295469 6118
1.03629563370782 0.1710326870690894 6119
1.040125277914871 0.1640088828827955 6120
1.040801930975991 0.1917134338064274 6121
1.06828582974143 0.1702514052457457 6122
0.94764524331536 0.1454779144415742 6123
0.9479835431044408 0.1593290943712339 6124
0.9319883134839202 0.1597197724829431 6125
0.7374340697214681 0.1051957713432408 6126
0.8286959295414977 0.1899619090840363 6127
1.026752791106129 0.27522518688724 6128
0.8881705949323476 0.1677202599430623 6129
0.5341411301045044 0.2525899919958323 6130
0.758748479705891 0.2746140524483131 6131
0.922190834634561 0.250045180067177 6132
1.078500102340946 0.267061101489534 6133
1.049475985101243 0.2192227764673713 6134
0.477815892687212 0.2401150934368166 6135
0.958438069500902 0.1229666800253481 6136
0.9638407902705493 0.1169360305216975 6137
0.4186141048861614 0.2761750702788488 6138
0.4259122472970251 0.2759256603646431 6139
0.6991021362024094 0.1232490276678178 6140
0.9041658236333219 0.1673295441818927 6141
1.060288408372633 0.1704467158277606 6142
1.019962077241731 0.1575710774636564 6143
0.4679696657125567 0.170949575977943 6144
0.4783269762570225 0.1624816573391503 6145
0.9541820472236676 0.2492590901252442 6146
1.025821678332691 0.2336609277866427 6147
1.02199203579074 0.2406847248227925 6148
1.031284753539283 0.1229471677745466 6149
0.9061947199308182 0.250400478197004 6150
0.7208973346975701 0.1995268365411463 6151
1.046323142921554 0.2539509251285009 6152
1.005658479930672 0.2272231184662236 6153
0.8561801338334092 0.1685015400976459 6154
1.026160036877734 0.2475130240513828 6155
0.648578787604333 0.1874148061087335 6156
0.6527481615351571 0.1942579985568841 6157
0.8742053230293044 0.2512245269542587 6158
0.7612170720398741 0.1026415156225716 6159
0.7747348438389153 0.2741259783815833 6160
0.7712696221604463 0.2817846326885954 6161
0.7827602828588175 0.273791131593739 6162
0.8422144054994394 0.2519871192257877 6163
1.022330890564119 0.2545339482565908 6164
0.9688233963662229 0.1934714300847023 6165
0.9678084173797824 0.1519146304064919 6166
0.7562677608405823 0.1309945055125353 6167
1.032127662954807 0.1642042158051805 6168
0.5866295110129678 0.2721087876101903 6169
0.5942344746459324 0.2720136154129607 6170
0.7782339435327268 0.2535685219306139 6171
0.9185744477770736 0.2716878598317468 6172
0.7704394210087309 0.1503375747677837 6173
0.7229625242311533 0.1206639144678092 6174
0.8217133310666802 0.2317155770172015 6175
0.9311625439282899 0.1322484478591925 6176
0.9232951783511336 0.1324944995947588 6177
0.9181648017540754 0.1264702690413678 6178
0.9559811584006516 0.1591337752118865 6179
0.716729386450375 0.192699288381024 6180
0.6377681692578748 0.2362075085733129 6181
1.000137203114553 0.1649855474947204 6182
1.003966847321604 0.1579617433084263 6183
0.8971831882981287 0.2090817029220382 6184
0.9921395881544897 0.1651808804171058 6185
0.9399859286893617 0.1595244496071921 6186
0.5960949372340434 0.1681879257134513 6187
0.7088268247089069 0.1014089073206033 6188
0.7047907795716341 0.09476111032752005 6189
0.7118712681514689 0.1721193726117893 6190
0.8278497939582117 0.1232452125835413 6191
0.5686043255579527 0.1893859539179961 6192
0.5727722932874606 0.1962143013892102 6193
1.009488124258475 0.2201993163733673 6194
0.7622387141819773 0.2539591856045983 6195
0.8358031122282443 0.1223857946312276 6196
0.4406424756431351 0.19251116815233 6197
0.4448104522077789 0.1993396238454684 6198
0.7180848739947869 0.2480899102310715 6199
0.6850329106646185 0.1039398356401882 6200
0.555937709408221 0.1387435770160514 6201
0.913178418194201 0.2086910360923844 6202
0.5296312462596452 0.2319191975715854 6203
0.4016693872936286 0.2350446184743785 6204
0.3095276539654823 0.2303648106059606 6205
0.3175252669399796 0.2301694764343085 6206
1.011964462281668 0.1577664103860414 6207
0.5981183808362885 0.2510363253177614 6208
0.4828652285572168 0.1327176909948165 6209
0.6450891537566148 0.2083085511662524 6210
0.8503288526538626 0.1069519957729012 6211
0.4201478089745615 0.1725077762124241 6212
0.6805711393517595 0.186660036780777 6213
1.054964114969572 0.1220831800965863 6214
1.043616594931196 0.1431328028947483 6215
1.039786951169339 0.1501566073237794 6216
0.5877522136993909 0.1352990234819305 6217
1.055443870652197 0.1359146561288896 6218
1.047446266065481 0.1361101582600526 6219
1.058344897607713 0.1150801703026271 6220
0.8491974985942078 0.2102537027680326 6221
0.754241110961856 0.2541544737676089 6222
0.7090700755520618 0.2067459745446083 6223
0.8958298821230711 0.1536726014810745 6224
1.024130047994744 0.1643995487275657 6225
0.7435923273977401 0.12540269917561 6226
0.5366140900298388 0.1901764697334776 6227
0.5800472926918794 0.101289558285695 6228
0.5651130041559826 0.2102618803901573 6229
0.7660683581445527 0.2469353823503991 6230
0.7594989931982709 0.123676460840769 6231
0.6610843836769468 0.2079178853299614 6232
0.7142904247264912 0.1580109734723911 6233
0.580100891137139 0.1686270614331255 6234
0.8054799712074717 0.1396016354721621 6235
0.7338983830636659 0.1473530469598425 6236
0.4381754481735636 0.2549740605630899 6237
0.7960390033140003 0.1267110392595902 6238
0.8464148191457286 0.148933474967088 6239
0.4861520504608303 0.2537680744458282 6240
0.8130390401904275 0.2042054245337519 6241
0.9128400916674109 0.1948387614271362 6242
0.6256026061723194 0.2295752965940349 6243
0.8101993650264669 0.1460317660182645 6244
0.593612146335158 0.2303566283370903 6245
1.035957307128597 0.157180411600751 6246
0.5862609495874629 0.1215234938702942 6247
0.630108706117789 0.2502479692227167 6248
0.7852165788307206 0.2118163627497272 6249
0.7810486020491483 0.204987644655498 6250
0.6562043318046809 0.1002737925556968 6251
0.6516290884126712 0.0935405892316654 6252
0.7751468906888902 0.1567448783667925 6253
0.6814504788757576 0.1460217768218429 6254
0.7498057007921124 0.145623343855972 6255
0.7450831056342071 0.1391724415673266 6256
1.059249950641907 0.1288946496021581 6257
0.662565688042875 0.1202356552760331 6258
0.4726329446026885 0.1917298923056313 6259
0.4816455368942626 0.2330912892505219 6260
0.8377085626973704 0.2313249812088995 6261
0.4937822445116762 0.1592325617224464 6262
0.5017203306934681 0.158228872809925 6263
0.4116178773045216 0.1058822579817439 6264
0.494049870289898 0.1245373134854253 6265
0.6087946136798362 0.1052836194843677 6266
0.8561917603016171 0.12705363302525 6267
0.6705193929675229 0.1193761499149141 6268
0.5011767216601603 0.1705349640924101 6269
0.8999978529271021 0.1605010748338553 6270
0.3495157267685548 0.2293881447519092 6271
0.5305871143921628 0.1275764793712886 6272
0.8057181060498239 0.2321064436190676 6273
0.613098693916372 0.209089882855821 6274
0.3985163961784954 0.2697729735610771 6275
0.5699576280009404 0.2447949025544678 6276
0.8530271483956469 0.2032301276355962 6277
0.6225489010649281 0.1594067957088839 6278
0.5830298146681063 0.1288416217187822 6279
0.6481494970831205 0.1357306430841599 6280
0.8007586725628624 0.1331509063768551 6281
0.8606866014297629 0.18918925938379 6282
0.3940617009490909 0.164301537556537 6283
0.4361159692157706 0.1720353084125177 6284
0.4390949616029853 0.1651789773797905 6285
0.4430975020866397 0.1370220908357513 6286
0.3283344973549827 0.1813953741158628 6287
0.3341971499482054 0.2574833614923331 6288
0.7532261189904663 0.212597694439271 6289
0.2661284276102499 0.2521762325918896 6290
0.4260005587197802 0.2483108951574256 6291
0.8022484823229666 0.1469172261487642 6292
0.393885187421249 0.1284104145085722 6293
0.2987152782320281 0.2791369207521315 6294
0.5171273143956032 0.2114338779244864 6295
0.5821226287507635 0.2514200323640519 6296
0.3505285643014411 0.2709419457490444 6297
0.392632348148561 0.1936819137918372 6298
0.6640564600591756 0.1340077008289869 6299
0.5706055614863335 0.1575062184900858 6300
0.8140539829791076 0.2457607421482941 6301
0.436812836946638 0.1995349426498398 6302
0.4860962360700687 0.1253978802537072 6303
0.4336598471338842 0.2342632867848357 6304
0.3428935853928076 0.284976537938872 6305
0.579798692175623 0.1361598902188966 6306
0.3905187812184288 0.2699683064834633 6307
0.386688976081794 0.2769855216481614 6308
0.4749123982112383 0.1335851861246076 6309
0.711777643441264 0.1288415943528139 6310
0.4371511647949676 0.2133872071483415 6311
0.3540220240784249 0.2500688914593589 6312
0.3620196390390924 0.2498735585366086 6313
0.3270440720668204 0.2992315991789824 6314
0.3230071903457807 0.3060945602384253 6315
0.7483143347383032 0.131856248253291 6316
0.4218325879667675 0.2414824238935158 6317
0.463728488860768 0.1417716347262354 6318
0.7740659727929575 0.2467400506162342 6319
0.4030554751659067 0.2901005143533281 6320
0.6165900115785907 0.1882138032657558 6321
0.3482333871640675 0.1740048407472201 6322
0.3525602133997789 0.1670115501027205 6323
0.5400305921241226 0.1404654298438828 6324
0.6019480713101752 0.2440132951132855 6325
0.8648544478646739 0.1960126406285824 6326
0.3411797802151642 0.2157312053048999 6327
0.3891654750345875 0.2145592046826552 6328
0.9900015617474949 0.2414654393983116 6329
0.8098860634032823 0.2389343662580752 6330
0.3731699468957823 0.2149499748094024 6331
0.7418522196609567 0.1464828726964081 6332
0.4463309095821206 0.1297246405327778 6333
0.5865440807205218 0.1560594027098198 6334
0.581108234076108 0.2098712145453729 6335
0.5331225443157306 0.2110432120797089 6336
0.3408412987872582 0.2018790243917996 6337
0.5807699077448268 0.1960189478847637 6338
0.4542850647025678 0.1288694153258108 6339
0.5011320844754786 0.2118245437692576 6340
0.3241651039872355 0.1745677712028224 6341
0.3046829555242569 0.1958318439539197 6342
0.3130189696410092 0.2094887297201947 6343
0.5049828810498844 0.1512006391386025 6344
0.3001759568786836 0.1751514462363114 6345
0.465650306974138 0.2334819550952918 6346
0.7386209510776611 0.1537401809268961 6347
0.4886281726786732 0.1913391490317148 6348
0.4531463947150933 0.2129965413035676 6349
0.2671868541325444 0.1343674942072122 6350
0.3940100988795263 0.2490922268469646 6351
0.7215739858015907 0.2272313012601377 6352
0.4590054470182751 0.1353082425110218 6353
0.5194016500280376 0.1357322468338846 6354
0.7353724600120268 0.160429976107541 6355
0.5977801134832376 0.2371850400854116 6356
0.4173262906677908 0.2208016771794047 6357
0.5616216864949041 0.2311379600266487 6358
0.3040054745013639 0.1681277078452274 6359
0.2998373599831269 0.1612992968317069 6360
0.307835695108519 0.1611035993320869 6361
0.412819993368825 0.2001209304652923 6362
0.38499604095379 0.2077310633607272 6363
0.4103128682789279 0.1610861629119183 6364
0.4851368545553516 0.2122152096140289 6365
0.6513813250167338 0.1284124494286052 6366
0.6593341497338649 0.1275506315691394 6367
0.7097467265314931 0.2344504387876458 6368
0.5845995520158147 0.188995146316115 6369
0.6131262160757942 0.1464016308931279 6370
0.4131583199147777 0.2139732059154957 6371
0.4048223784087552 0.2003162633876776 6372
0.290379645107389 0.2654831927410521 6373
0.3508810919798859 0.2847219666105366 6374
0.7647150499419517 0.191526213518897 6375
0.6895835258676374 0.2280126337497476 6376
0.3786769553401647 0.2771777517599593 6377
0.291827966741569 0.1615007420652553 6378
0.7497348037577828 0.2334737648173727 6379
0.6163390720722385 0.1391601282753925 6380
0.9781741838810448 0.2486793266036575 6381
0.7778956169983701 0.2397162464361315 6382
0.285512963491019 0.2309566072042826 6383
0.6275179273102618 0.1310013169367658 6384
0.6434282506153878 0.1292740476154486 6385
0.5101444966388499 0.253167279604917 6386
0.8696990205140679 0.2305437690096721 6387
0.7174060149911609 0.2204028311279478 6388
0.4246472525359344 0.1929017933566118 6389
0.619566365830855 0.1318549448894342 6390
0.3906541784202412 0.1357288549537088 6391
0.3136956231449053 0.2371932808708047 6392
0.5657896464767067 0.2379663585107452 6393
0.3088509579169982 0.2026602930940604 6394
0.3265378574485504 0.2715308024275512 6395
0.2862119043879043 0.258654858880088 6396
0.3898421281265144 0.2422637555830577 6397
0.3450093840856957 0.2087074257392837 6398
0.5353082872112737 0.1340128917546678 6399
0.439864327657409 0.144321710008703 6400
0.4409808086180749 0.2063634089656166 6401
0.4698187687640786 0.2403106424857124 6402
0.6354736707736233 0.1301404464815345 6403
0.3261995349891128 0.2576786944147576 6404
0.9125704899193587 0.1204131607273627 6405
0.4847985284374773 0.1983629517633092 6406
0.3986074021290439 0.1348680463149272 6407
0.3158333102028087 0.160908291971337 6408
1.069295784317758 0.2118054083845084 6409
0.7608854070662973 0.1985500722169499 6410
0.7212356591766285 0.2133790266373939 6411
0.7570557631430636 0.205573888023699 6412
0.3533453709853378 0.222364340559678 6413
0.6927366016303849 0.1932877735746306 6414
0.7170676903411795 0.2065506345119439 6415
0.3936717723335658 0.2352399513967643 6416
0.5178039674875319 0.2391384288248797 6417
0.420817608328883 0.1999255975429075 6418
0.6899222460746788 0.2418615972299826 6419
0.4528080692134371 0.1991443378933901 6420
0.4489784239052598 0.2061680872252121 6421
0.4739880269540944 0.247139490100431 6422
0.3536836975321833 0.2362166160093402 6423
0.4224679945888923 0.1322859913836968 6424
0.71774438713837 0.2342549318393745 6425
1.057135244861288 0.2051749581938798 6426
0.468803299229317 0.1987536478293337 6427
0.4065608069487739 0.1340071264182204 6428
0.4145143959422333 0.1331465087598107 6429
0.3818445131664521 0.2424590885054427 6430
1.01297944187161 0.1993232367729391 6431
0.4768009137633133 0.198558296913892 6432
1.044969901556752 0.1985419052000317 6433
0.4367404333189098 0.1514814009909502 6434
0.4608056853259055 0.1989490342133934 6435
0.3578516682853223 0.2430450872731667 6436
0.3161709472869423 0.1747609933630999 6437
0.4889664991165648 0.2051914199410109 6438
0.4969641157566652 0.2049961557960648 6439
0.3658492832461356 0.2428497543503275 6440
0.3120033014833553 0.1679323047410058 6441
0.4304219310060863 0.1314285847105506 6442
0.3888245757847013 0.2007068527861143 6443
0.5049617364157019 0.2048010562075342 6444
0.3738468982063549 0.2426544214278478 6445
0.4351437580501418 0.1378810642246873 6446
0.509806403361857 0.2393331067172471 6447
0.3453477548852891 0.2225596741778816 6448
0.5129593638700291 0.2046062348431311 6449
0.7737276462702355 0.2328877750773646 6450
0.6781053673099028 0.2490663425158152 6451
0.2983770774903653 0.2652882250165683 6452
0.3568366583758011 0.2014887433953059 6453
0.5209569709880143 0.2044105808384303 6454
0.3067128667250834 0.2789404995164576 6455
0.528954593004347 0.204215536824307 6456
0.7139151181289765 0.2412757953833475 6457
0.5647746797809718 0.1964096938262038 6458
0.5327842415117698 0.1971919087101673 6459
0.3185402417020324 0.2717261031361748 6460
0.3025450037687455 0.2721163473112413 6461
0.5407818915200249 0.1969980107838263 6462
0.5487794826030503 0.1968017002518164 6463
0.5567770785489854 0.1966055888242257 6464
0.8658693563979125 0.2375673641385112 6465
0.5689426488444209 0.2032380959135145 6466
0.5769402635586695 0.2030427529266223 6467
0.862039680917577 0.2445902675476507 6468
0.5849378783594235 0.2028474134816037 6469
0.5929354932585656 0.2026520780649057 6470
0.6009331082079765 0.2024567447061789 6471
0.6089307231650423 0.2022614116607837 6472
0.6169283381238786 0.2020660786884539 6473
0.6447503887818372 0.194451676020129 6474
0.6207579823309366 0.1950422745025354 6475
0.6287555787871936 0.1948467474399314 6476
0.6367530065711392 0.1946494507909074 6477
0.6489186781196035 0.2012834896578529 6478
0.6569163461773572 0.2010887138076637 6479
0.6847389717498809 0.1934825334953468 6480
0.677417940158404 0.2213794955658116 6481
0.6607460339953438 0.1940684558426063 6482
0.6687437248174056 0.1938752420547727 6483
0.6854155551735472 0.2211841649028992 6484
0.6857539689662377 0.235035751570566 6485
0.6767413639739266 0.1936787791889305 6486
0.9931545677864915 0.206737706772294 6487
0.9934928943275381 0.2205899819321419 6488
0.2995000777439183 0.1474464895779769 6489
0.3312030413681037 0.1469541252980625 6490
0.3394119016986132 0.1472647207732738 6491
0.3116656213041962 0.1540796523147439 6492
0.3036676701701435 0.1542751436144812 6493
0.9517033822584432 0.2741182935368427 6494
0.2911642984625741 0.133789447954439 6495
0.6268565112173191 0.2801126433562087 6496
0.3233135119643026 0.1339011090232426 6497
0.9513511742894336 0.2941220268323345 6498
1.079432219488841 0.1353259348179155 6499
0.3033293081263069 0.1404229477247287 6500
0.295332328627345 0.140617853775874 6501
0.9691380544976005 0.2986214122156734 6502
0.2949942344602154 0.1267662583667152 6503
0.6484132886158838 0.2796776836421339 6504
0.656173239433103 0.2771696380434803 6505
0.9044807084151709 0.2770261062437822 6506
0.2813753524642197 0.2240608687776488 6507
0.9761543062698035 0.2973028159547859 6508
0.2931944169178924 0.2169033749929181 6509
0.5021511863353387 0.03173327335678014 6510
1.723024888001637 0.1635383431776838 6511
1.072115041493697 0.1632279761781695 6512
1.080112018100758 0.1630317641702721 6513
1.071775077526519 0.1493761183217606 6514
1.797875072085999 0.2409796619251411 6515
0.327891123255484 0.1229188541200565 6516
1.738122785274181 0.2410967018829415 6517
0.1905589698156045 0.1162062585310405 6518
1.678388404366194 0.241192787698789 6519
1.603652063928785 0.1637361990273276 6520
1.618708844728104 0.2412917009038255 6521
0.2908238952626871 0.1199390360039277 6522
1.559085365881789 0.2413252163431898 6523
0.2828242680019474 0.120142315169311 6524
0.2590026886531169 0.2939147502543071 6525
1.544050826187576 0.1638971665779713 6526
1.663331437088892 0.1636632527400635 6527
0.6589331503868665 0.2982094953142128 6528
0.6649837451618545 0.3036775912516498 6529
0.2743893985468031 0.2658696012474788 6530
2.012613257931084 0.3391907366893033 6531
0.3486764189899427 0.1268615399929524 6532
1.499632862927107 0.2413677896781307 6533
1.106534149585434 0.247487045210309 6534
0.2952240547895917 0.3000168524524767 6535
0.8740416910751724 0.3915181355094206 6536
1.991906443634198 0.1630820453278775 6537
1.484614842870775 0.1640596579007961 6538
1.678228787703758 0.1377612854510064 6539
0.2694105628679564 0.215908271306749 6540
1.105483902407903 0.1624861469941728 6541
1.486190914172785 0.3560492629156931 6542
1.425330245045571 0.1639476811126198 6543
2.022116417694918 0.265831203182971 6544
2.17408341449522 0.1019394685541456 6545
0.4751564399863279 0.2749893274372193 6546
0.2663950760997624 0.266055321893457 6547
0.6756398727780922 0.2852810287537492 6548
1.077942587151928 0.239340196794943 6549
0.6974729631297262 0.05874269055247069 6550
1.708054741935537 0.137739525551604 6551
0.4516514282678785 0.1714443569306615 6552
1.976964789771947 0.1373045453688167 6553
0.1464875802639423 0.2508599740462106 6554
0.7167642206965136 0.1005351860403634 6555
0.5876941460010303 0.09993692335892369 6556
1.366688881572943 0.1637409476576593 6557
0.2267313450715494 0.1217909454524513 6558
1.273041833571131 0.05079645052180931 6559
2.066052034943024 0.08483289191441097 6560
0.2786232803327591 0.1133271284104259 6561
1.737914297778612 0.13769663166892 6562
1.081456223721653 0.2184448119438509 6563
1.073461065969192 0.2186368250247331 6564
1.318207793060048 0.3840649504585354 6565
0.09650924325350996 0.2486544431326781 6566
0.09217011818961063 0.2369140605325584 6567
1.083587674996878 0.1421530013559038 6568
0.2622762384594228 0.2591874015303328 6569
1.426785442195585 0.3553935161142814 6570
1.087389453270415 0.1351105402392592 6571
2.007201161502565 0.2401439733167831 6572
0.5378592222221049 0.1616910218310614 6573
1.767795299359253 0.137638286963634 6574
0.7013473617520322 0.2768535430065342 6575
1.280532874406168 0.3555386185849378 6576
1.797726834813541 0.1375520463893429 6577
0.4505929847081561 0.2981151230140403 6578
1.827631060988287 0.1374898647983475 6579
1.947144639960118 0.1373061507658375 6580
1.917284884500765 0.1373540363311352 6581
1.857519827918326 0.1374322859177268 6582
1.887396152717012 0.1374080693101397 6583
1.073789780052905 0.2324999089257846 6584
0.145015893297467 0.03941746300367002 6585
0.1434669357911562 0.05741447829111748 6586
1.978552308538357 0.2399604038442242 6587
0.2668243338587459 0.1205694058707158 6588
0.31477381419984 0.1193786445189359 6589
0.3690289611476414 0.1662753154423432 6590
0.1792613911979362 0.09857453376261019 6591
0.3334150763536412 0.1090088786911616 6592
0.2588254368974252 0.1207598472097839 6593
0.8678674901675759 0.1332288133009216 6594
0.5153904196077652 0.2994677162789337 6595
0.2943137521576458 0.09915763476206703 6596
0.1176589090788991 0.2238237908300981 6597
0.5330151489591333 0.1062862033714225 6598
0.250839539258312 0.1209601349269058 6599
0.6860710895301072 0.3037350602943249 6600
0.6659956822262033 0.09176001749151244 6601
1.05494752647951 0.2814280680176059 6602
1.062987389507093 0.2812452662634992 6603
1.055303797504851 0.2951840952111183 6604
0.2428277768950173 0.1211903616999287 6605
0.9505295722095969 0.1244036226771328 6606
0.6904667266352869 0.2687375206233484 6607
1.338649812136945 0.3555603248530316 6608
0.869860719434554 0.2724049298781172 6609
0.2639926670755222 0.155014333886947 6610
0.3732382990729496 0.1236977042420628 6611
0.3699948468622618 0.1310100163226811 6612
0.234996585295602 0.3707054047067275 6613
0.2347829010411731 0.12138142932219 6614
0.6772527357070888 0.2772004488104561 6615
0.3548538432487695 0.1120076015246042 6616
0.356953580705949 0.1256336047006436 6617
0.2238711858084761 0.1288240284721149 6618
1.06124538445494 0.06885959847137785 6619
0.9902804500580714 0.017554327010284 6620
1.085920581832696 0.2392018987941129 6621
0.3536064535108532 0.3417812284056334 6622
1.113899403088305 0.3462603560164448 6623
0.5632193587199048 0.2725451100284517 6624
0.1328334090595514 0.2230641355890978 6625
0.9036520994084919 0.04758040921035001 6626
1.13209563893624 0.2824338253012376 6627
0.4400762995631405 0.1097099664909572 6628
0.8580674458993279 0.09215247200425915 6629
0.4538533720903957 0.06690006117888941 6630
1.059435562904018 0.3020703966222196 6631
0.464896749668633 0.2828016839021162 6632
0.1305421195326997 0.1394005124961805 6633
1.00621246336112 0.2821161045215665 6634
0.9912679564428144 0.300805162159839 6635
0.1484613005245161 0.2723449202060561 6636
0.1349604691920763 0.2657933210702069 6637
1.09859029758376 0.2727436672882962 6638
0.3460507767164114 0.1339356146441871 6639
1.089720938868467 0.2458513985769851 6640
0.8109918620417391 0.2874602642197828 6641
0.5164850878282514 0.108381078889267 6642
0.3795841058316289 0.07234660630316417 6643
0.6964964264489091 0.2840591326229534 6644
0.08709922028604633 0.3243600616723291 6645
0.07680797604831979 0.3040073991562731 6646
1.095391395309846 0.1349070254810929 6647
1.096601597309887 0.1764632536865549 6648
1.086611692947449 0.1074064593010998 6649
0.5159917914059551 0.09445132812740654 6650
0.974454207764513 0.2687142868353948 6651
0.04239108140394121 0.3212136424699038 6652
0.3797629360766213 0.09416436593067386 6653
0.4321724022364092 0.03466111978136194 6654
1.995075275794614 0.0478502721234913 6655
0.6565023365504289 0.3064896348400557 6656
0.8059684141881653 0.06174428170760157 6657
0.7976071252541148 0.05134197586615066 6658
0.3550587036426193 0.291322341133754 6659
0.7146695885199275 0.2695717548629812 6660
1.089370841635978 0.03349146764252089 6661
0.2053067121625095 0.1018952050325283 6662
0.2413726301186758 0.2802827693666097 6663
1.15302197927857 0.2240350010034918 6664
1.161795495415706 0.2401105762510008 6665
0.1969050794391526 0.2774543866872203 6666
0.2009323319855203 0.2839687237357746 6667
0.1889933218405593 0.2923187867358955 6668
2.124886618386403 0.2386968774151765 6669
0.6782822251304688 0.3050412325977672 6670
0.7899741505289393 0.1069019737990856 6671
0.3831958408212386 0.2977871823874648 6672
1.181018495399443 0.3663941984574637 6673
0.9708157881395535 0.01846989132814836 6674
1.209171376156449 0.2343232991880016 6675
1.126240648197066 0.09601873093864 6676
0.4411429409965334 0.0959099999227478 6677
0.2211813007978407 0.01612530483628047 6678
1.24958792341941 0.168152422598187 6679
1.121268699453421 0.1230887603210972 6680
1.124456217516923 0.1355728332019638 6681
1.105353074847581 0.1761155553850661 6682
1.115459935297592 0.3247729682483926 6683
0.1934874941665372 0.02417333814738964 6684
0.8582440818693887 0.1063111009621932 6685
1.010702966415135 0.2753688065513437 6686
0.953173196161317 0.09633825235984467 6687
0.969517192304835 0.0939740912964535 6688
0.297675093481804 0.3409740043839952 6689
0.7717502404056504 0.1638657905292276 6690
0.6793607209588902 0.337541918648567 6691
0.6588153353932292 0.3363577745032147 6692
0.5416225700800645 0.2876588986328498 6693
0.9123416855583386 0.278433233481943 6694
0.546621967492536 0.2740968379294058 6695
0.529037115714011 0.3744851360344461 6696
1.107303857874588 0.08067199983188286 6697
0.8167329330338595 0.3487475167184231 6698
1.090334072045437 0.1000050561218458 6699
0.2266408877272869 0.09396975305288165 6700
0.2313427492578073 0.08585872374688171 6701
0.9774919171862327 0.09308270123644975 6702
1.078784198893432 0.09374390179347836 6703
1.085609836286276 0.08643709045684611 6704
0.6984637849943782 0.1579207503153873 6705
1.97580560186587 0.3724143157084449 6706
0.2501411787689938 0.09450957274175886 6707
0.9062307205443714 0.1010083705029201 6708
0.8136525918173426 0.1047760935791677 6709
0.5894444846802136 0.3353444157423071 6710
0.577189379235447 0.3360206644615873 6711
0.9778064520215632 0.06177424607633983 6712
0.9266881100336244 0.2703565936126615 6713
0.2687033896419714 0.3245421921615359 6714
0.6411329485678655 0.3286463078353028 6715
0.5324738668794615 0.1696297655828344 6716
0.8885009266252802 0.1240082921595654 6717
1.10332370608002 0.2941417097777849 6718
0.3394884090253829 0.1605284520413963 6719
0.2659258065699087 0.09277364212727141 6720
0.05603337084109428 0.1743597564841815 6721
0.7414306825789456 0.3040528185354915 6722
0.9487810645511539 0.03522037973656086 6723
0.4821402187060891 0.09825544116701719 6724
0.5227644533620046 0.2731352673315857 6725
0.4583007004587356 0.3436458797778165 6726
1.171224971958014 0.2972188425329945 6727
0.3645020240981554 0.1735633764265749 6728
0.2757439605272969 0.3076581724832002 6729
0.8739145469387324 0.1041962655831323 6730
0.7582163851401404 0.2913342936817094 6731
0.03478387420094853 0.2266780990475023 6732
0.8161302298853153 0.08254070331990654 6733
0.8227200984461129 0.0900346776462959 6734
1.091034666239805 0.3913818499409781 6735
1.113648737021108 0.2064034891714052 6736
1.131775167054451 0.2388537564408775 6737
1.145147763713747 0.2383091118814383 6738
0.9438739276836796 0.1172104188197933 6739
0.2825837001862331 0.09252205658431729 6740
0.9936229952497689 0.09127026596565885 6741
0.7193042472283582 0.09304679834480259 6742
0.5816935802862595 0.09257914374139349 6743
0.6098228559383183 0.1533474065052845 6744
1.151463905641832 0.08845091348242898 6745
1.141632004047189 0.07923185300869839 6746
1.183426026768262 0.1800187964751183 6747
1.013867559289357 0.3320728586087698 6748
0.7392457453188421 0.06134487634190455 6749
0.7959735200752011 0.280738027549975 6750
0.7454855735600541 0.1043765592899842 6751
0.6166743947178168 0.104741315040376 6752
0.7637464672210204 0.3487539099770953 6753
0.03949080904658864 0.29866889789144 6754
0.5972435516096393 0.2789657333412407 6755
0.6371384538380833 0.3726144438576925 6756
0.7480147279987558 0.03431261286384205 6757
0.7318640733112833 0.03645255861125113 6758
0.3163532947525067 0.3548389226947047 6759
0.3036061436484918 0.3680895258193072 6760
0.4269973492913656 0.3852183434448334 6761
0.3604193537527067 0.08132242492797739 6762
0.179283342276588 0.2916947129293062 6763
0.3191763280057412 0.2991650130403096 6764
1.103561346585177 0.1348560717704853 6765
1.112183580914 0.1350220557382436 6766
1.107527434451444 0.1416074750952943 6767
0.4905287522511073 0.2739785037226287 6768
0.520264507014496 0.1015010496230974 6769
0.5243011109920199 0.09491845294526249 6770
0.2663107282132402 0.2240927904498302 6771
0.2975778349881595 0.0919484200113706 6772
0.67105577312167 0.3087643977129405 6773
0.7316477958843127 0.3921763416145995 6774
0.6175737383511922 0.3259435505356072 6775
0.5847353140010437 0.2955410877067686 6776
0.8681579665166005 0.05188870066116877 6777
0.8540412555085724 0.05222633400541873 6778
1.086176895712516 0.2665457761161088 6779
1.184515938177771 0.2406453572380132 6780
0.7565526623390484 0.09645962011840435 6781
0.1758625921323925 0.2828839059219908 6782
1.016833924443763 0.3741857728317102 6783
0.8328287362399707 0.2934144941901903 6784
0.7637886029762433 0.1644344177122106 6785
0.06203854679348186 0.1884494884946515 6786
0.1480802513894026 0.1138637379259788 6787
1.100979973910136 0.2112170198800246 6788
0.4418556307314851 0.1580770451576183 6789
1.144661013707455 0.1280270181312536 6790
0.5642434116630057 0.1034696429063229 6791
1.124755461557399 0.2500750466168821 6792
1.08047998895013 0.308756602595594 6793
0.9949171853168834 0.1171634561958387 6794
0.7974030462350132 0.3396206005705056 6795
0.7419584991971484 0.2965328912820188 6796
0.4802789396893756 0.2815126479002394 6797
0.09630420173970666 0.1097253941865761 6798
1.132950317704709 0.3377137300368426 6799
1.001776650511997 0.03208370096077662 6800
1.013308680740793 0.0475506138746902 6801
0.1971148278046917 0.05672634508456215 6802
1.108992498180232 0.2248777201479949 6803
0.2684027701126251 0.1616470638868733 6804
0.6927272041404335 0.1654823007871562 6805
0.7104917934144063 0.3719868315772968 6806
0.7488559739339939 0.09722662292672503 6807
0.740036184484625 0.08279207565624183 6808
0.6152007490768973 0.1607155378763664 6809
0.6990585488764529 0.326847834119804 6810
0.3198582827998129 0.08343749285387643 6811
0.550532695210135 0.3570739926140913 6812
0.5575816557257079 0.3431998023939142 6813
0.5442118506565233 0.3445511616382222 6814
0.3129507011405468 0.3222281869374897 6815
0.8306997556896563 0.272672808786662 6816
1.250661385399949 0.2594692082619481 6817
0.1550369518038353 0.1514060278422384 6818
1.020426329430661 0.0699632325188633 6819
0.09340941244718781 0.2969432523503304 6820
0.1229273342295758 0.08009712170673013 6821
1.161449070479252 0.2848327973776212 6822
1.002405633560639 0.2753715217721255 6823
0.3977826701653568 0.393150484868068 6824
0.3030159229635907 0.03259910403169849 6825
0.5212109860934853 0.1632468100191328 6826
0.2552037657267818 0.2447780455392974 6827
0.07178493353398352 0.2037038792983857 6828
0.07840719894363946 0.269617025582403 6829
0.4177543138387808 0.09088856566012027 6830
0.5706156175848676 0.2717353039774991 6831
0.04026516356936938 0.2447762242093902 6832
1.123473679512483 0.3574750515900196 6833
0.4910946634799825 0.0887199318866814 6834
0.2049816078770836 0.2772105433137839 6835
0.8621213878200484 0.09938154175114795 6836
0.5267143149480845 0.2798481929412947 6837
0.9291647967635559 0.3313098819637259 6838
0.5691128588288212 0.3265450339252947 6839
0.693155456729991 0.1031193206261857 6840
0.08779875913452573 0.04671245987088044 6841
0.01701077106364579 0.1225309511184658 6842
0.7982499802144146 0.3033602755028033 6843
1.052947428920636 0.1081897753314637 6844
0.08550169595432333 0.1346940533887916 6845
0.8782117319291987 0.3319223662275316 6846
0.7460465906582873 0.33672067282964 6847
0.1835125466168386 0.3182823751393725 6848
0.9366895291430233 0.1181471453014166 6849
0.9225677537321066 0.09931895462693996 6850
0.9122899581038501 0.09192650366318501 6851
0.5993638343959466 0.1615181398199811 6852
0.8484445691851809 0.3352530089875511 6853
0.8546987520811815 0.2716714455640578 6854
1.067427914631181 0.03037657290530005 6855
1.046239672297302 0.3346594281486714 6856
0.5271576524354766 0.3345899226623267 6857
0.1625746870907706 0.3211910972715724 6858
0.6591370018848861 0.2698782516691575 6859
0.7161924807998742 0.3291679781682337 6860
0.4471641336459375 0.3350737916731088 6861
0.07892504593764604 0.1581372365491626 6862
0.556949339708307 0.04768587551742276 6863
0.8168661247589009 0.3360490578977195 6864
0.1668184062104989 0.1107533917580365 6865
0.2851366992957458 0.3728340605407864 6866
0.7653061279970077 0.3360875479303818 6867
0.3482382144859487 0.1604267887358873 6868
0.9518154675105268 0.372330685541044 6869
0.5797520048435163 0.3253655794275994 6870
0.5487505418967353 0.3319026222161773 6871
0.4244829387339463 0.3392186521111865 6872
0.4193423069265909 0.3498376086414734 6873
0.2708803673534246 0.04303628527216388 6874
0.3238265732307893 0.09205156637106472 6875
0.8538030709843714 0.2914291345736409 6876
0.08487068441374279 0.2462334028927119 6877
0.9601232020766712 0.3600172300746554 6878
0.1300719014656216 0.208642565570107 6879
0.6637726086252349 0.09934818831444839 6880
0.4988005428318634 0.3284557599228173 6881
0.8181040746391445 0.3627826344173301 6882
0.8186475874997323 0.3817179755964915 6883
0.4781774885112815 0.3315910502579358 6884
0.484599692880249 0.3407312754327284 6885
0.4829928859919599 0.3553515822555559 6886
0.251177339589 0.3694831201835272 6887
0.4571054574225182 0.3317312410740032 6888
1.118154217571087 0.3698036533278784 6889
0.7051070365754381 0.03198670782210494 6890
0.3769185510156312 0.3537955004645413 6891
1.122474165001764 0.1485736367969056 6892
0.7231697837431466 0.3650653299570634 6893
0.3716890364222316 0.0304900505763864 6894
0.04664772897683012 0.05298608246222031 6895
1.153408174191782 0.0406818259749222 6896
0.4981694356431099 0.2739294497333917 6897
0.4113488102658246 0.3037084044023295 6898
0.3753368107844185 0.3315273681555658 6899
0.3691896434592057 0.3425245142013713 6900
1.042455126115066 0.07895949050157966 6901
1.046607851003058 0.06817089418793695 6902
0.2192333514624208 0.3718842344836869 6903
0.3957940644540889 0.3278817886368062 6904
1.023950208583681 0.08014856684625712 6905
1.135841222746582 0.1881838995030885 6906
1.136270175109261 0.1356390779876015 6907
2.152152443208197 0.08760748539252172 6908
1.108225361193948 0.183685000792025 6909
0.3036060669050518 0.2996719989281934 6910
1.22258729819757 0.2558268845335951 6911
0.2457961803851443 0.3158893649987411 6912
1.016647696352528 0.1091635870110897 6913
0.2273825606147538 0.3151681259074399 6914
0.2112618847514119 0.3161667987132797 6915
1.111422884267453 0.1210059858002331 6916
1.187620856485132 0.115910474098321 6917
0.9443815659151158 0.04990111899496455 6918
0.9851489574199835 0.08438127043402477 6919
0.9315516009191032 0.05040522942179598 6920
2.002937185000975 0.02108517927392367 6921
0.8097733938708185 0.2801246437354188 6922
0.3224215145230072 0.1184541141333675 6923
0.9832241983028452 0.3384298269880401 6924
0.1892967678571246 0.3686434184603696 6925
0.6330068708463636 0.06125209830396211 6926
1.115862851325904 0.09817402828930261 6927
1.027038959456025 0.3207244070294456 6928
1.033169465268275 0.07035875752149151 6929
0.9048998648309675 0.3626620407823712 6930
1.007541741408063 0.3210911517960096 6931
1.100914100888712 0.04519190917545038 6932
0.7558838383665274 0.1649611124233607 6933
0.1374857440672702 0.1251641474884035 6934
0.8377739111504905 0.2799899969549289 6935
1.044475674337172 0.1084278140321055 6936
0.5604685915122215 0.2797302005382208 6937
1.136158632928712 0.3505787681083894 6938
0.972490358981281 0.3349925967076024 6939
0.9508076056277238 0.3332218323685455 6940
0.9543378047813607 0.3465614760999987 6941
1.121445974239967 0.2801350951981879 6942
1.051122127100858 0.3021444796463056 6943
0.4314769393656511 0.1657904053611859 6944
1.197017011461124 0.06679614869671446 6945
0.1509415116447695 0.2809268014398978 6946
0.1363242407360933 0.3233442801977993 6947
0.3893177725548077 0.1697510042573641 6948
0.9663710094083836 0.2775013450346192 6949
0.1061949493159529 0.3247150250750478 6950
0.6351888855381131 0.2698854704137666 6951
0.09830016859993407 0.2289751430550003 6952
0.8985413152672 0.3369775516364543 6953
0.886823233260103 0.3441684394292251 6954
0.4445936309973858 0.0569302526253726 6955
0.4350584208381967 0.04982272690121328 6956
0.8602749519917674 0.1336217978167734 6957
0.1925201222510753 0.06756622896294917 6958
0.3339601943164038 0.06323528103267853 6959
0.1157092711737981 0.3381157555014075 6960
1.162661248732366 0.3412701767316275 6961
0.1380744547652843 0.3681014217837693 6962
1.061367246792937 0.3592867709518858 6963
0.6100607535874807 0.06381694203352029 6964
0.5832351736447863 0.04355498954875878 6965
0.4844028775657991 0.04959206884760445 6966
0.6405275440354032 0.02992483095319332 6967
0.8510237448739182 0.06535648578328559 6968
0.7835350164555357 0.06623067759413884 6969
2.172475280269291 0.2536050169780434 6970
0.4467625444219012 0.1646119243047443 6971
0.5094246789224693 0.0696575717868104 6972
0.1540579637184835 0.2901276275147687 6973
0.432971601793105 0.07259639790412969 6974
0.6830021071993948 0.07179013516845975 6975
0.353417352551094 0.3303790795999012 6976
0.826916859557681 0.299882969110799 6977
1.062505541465133 0.326903327665887 6978
0.6825631101001537 0.1580818848550661 6979
0.6405715317401961 0.1023185676654266 6980
1.08613982475733 0.3736832260735844 6981
0.3122839530404041 0.06546805071984282 6982
1.070760962679326 0.3476885962058871 6983
0.7272278816153472 0.288510013494716 6984
2.031949659418507 0.3861436790103023 6985
2.111282984649783 0.2629887544309095 6986
0.45209389018309 0.2762276332065577 6987
0.4507204237851598 0.0931219242313364 6988
0.7291064570517155 0.0656727424294232 6989
0.1354864754714841 0.1889262731563263 6990
0.6704365988225731 0.05287149152324916 6991
0.994375693499887 0.2754575749917541 6992
0.2618120479377328 0.08537619577073818 6993
0.4207868420208122 0.05130727773209934 6994
0.6959154583315059 0.3782750209823087 6995
1.061495886959512 0.07932467578483651 6996
1.146233188795209 0.1681696867649962 6997
0.5168545594598328 0.1702153682547115 6998
0.5675346337983762 0.09688255105425475 6999
0.9388718612910908 0.3424987770567844 7000
0.2189185232732013 0.07810825434857085 7001
1.207035342473681 0.1487489560707952 7002
0.1745379182845884 0.3660110064098758 7003
0.3142074387806575 0.04342350727372921 7004
1.028139698643879 0.01658095512694918 7005
0.7845647207394479 0.04309795841890132 7006
0.1937861065703295 0.3182933027082517 7007
1.007702689581407 0.1099749003975166 7008
0.6142140703848358 0.2771481349554832 7009
1.280707915286205 0.2594497284859578 7010
0.9259168300493936 0.1256459336236914 7011
0.5917508295931304 0.1621738564064376 7012
0.7594743943683198 0.09011782336946143 7013
0.7673181311346575 0.0874282832558578 7014
0.8506305601049656 0.3751053436931996 7015
0.3426545413044007 0.1406500966367062 7016
0.1342642878940166 0.145818129515763 7017
0.3029954214523674 0.3532943119876859 7018
0.5876467681283963 0.08423510664954277 7019
0.5852220261778494 0.07584642892184953 7020
0.2253929523267038 0.2802707059560929 7021
0.8328352900845859 0.08629341986266395 7022
0.2273853017037315 0.07885161148197509 7023
0.8639279424461206 0.2791891614552459 7024
0.358831981864956 0.2965499253418167 7025
1.138272047166088 0.3052820561517445 7026
1.231394528799512 0.1474790794075698 7027
0.3253086156917389 0.06957261411818386 7028
0.1194775785820636 0.1589264702605565 7029
0.6202869671446679 0.09911791802748049 7030
0.3160706308977228 0.3047921178862232 7031
0.6968295511338314 0.09600689185704642 7032
0.9833723384716957 0.0513604970831571 7033
0.1690005017546461 0.06638806139128237 7034
0.7121976017791518 0.09537547159900657 7035
0.7852612660679328 0.2895713183567131 7036
0.2383917534516566 0.1407126324319145 7037
0.1101401117921992 0.1608589575414697 7038
0.5101347430885899 0.2797011536008995 7039
1.117150548268945 0.1415595984477139 7040
1.211600666129566 0.2933428467440709 7041
0.9303307969240262 0.09976107610921954 7042
0.371663638968021 0.08112235609623082 7043
0.3345539802244647 0.3134643469786175 7044
1.120200760338992 0.3355513053763561 7045
0.8636796181638103 0.2987947458316982 7046
0.3177230582254997 0.3129244894163965 7047
2.11087451911858 0.3104633861454859 7048
1.114877768582412 0.2460125595787885 7049
0.3737109548048352 0.2979854462978636 7050
0.6580766849653121 0.392483992665424 7051
0.0363737282695078 0.1763532530048881 7052
0.9017734784383682 0.2700124586865225 7053
0.1476718853771142 0.2381293276446089 7054
1.025924204488174 0.1089787346779911 7055
1.0350839405202 0.1175301411498653 7056
2.175933777951987 0.04583098540075634 7057
0.7628837894691965 0.2803708569893892 7058
1.020936269125428 0.03123858685414022 7059
0.1587754282114168 0.05341284309049157 7060
0.3828278461957388 0.3420031483937342 7061
0.969747763003405 0.1181834860946779 7062
0.7478420385132516 0.1654543837942155 7063
0.2347417064076587 0.09369602420591408 7064
0.2244934515672741 0.1403702477719532 7065
0.3808553686234164 0.08414543509997691 7066
2.081021318967296 0.313524907215659 7067
0.5947494119068412 0.3737622227394034 7068
2.150622075927859 0.1412195389825003 7069
0.4235267917963139 0.1663534683038468 7070
0.4727317429887564 0.3437288989394175 7071
0.289945065557899 0.09368823808803337 7072
1.309354118896334 0.258931217212415 7073
0.8566866180217035 0.1405958626808267 7074
1.352990064415919 0.236646873534566 7075
1.003880282871146 0.3660026856366257 7076
0.3911865864829307 0.1017638940942579 7077
0.391761998496259 0.2969734302653753 7078
2.084166210311712 0.3609983643050244 7079
1.003980455307077 0.1170349120023691 7080
0.8513286321907211 0.2850455170156378 7081
0.7931422015391093 0.1008393499814067 7082
0.605944057517448 0.2777177179245284 7083
2.070056175809162 0.3867827111361035 7084
1.089226489164896 0.2591197589132294 7085
0.2628109800834008 0.2290741310172661 7086
0.6757965648867259 0.1678412056465455 7087
2.179859907725048 0.1903571428571426 7088
0.7622709213817588 0.3939911836398297 7089
0.3692089535678194 0.3687527004502419 7090
0.6825653285214628 0.2683087590278639 7091
0.1255816260401347 0.1494947446745768 7092
0.1643169692058144 0.2612840920593069 7093
0.4438171515317992 0.3457366046913054 7094
0.5753091514299764 0.2777206104991824 7095
0.5057739108109005 0.1639123984522936 7096
0.3885099489142576 0.02948356201746236 7097
0.6672306357671982 0.2692210057351088 7098
0.9567483112554364 0.08878164209144232 7099
0.2447949101957342 0.04825548269721897 7100
0.2440678308283002 0.03707964530355912 7101
0.1466349142127829 0.1636677447208749 7102
0.1438016362731831 0.2317068513591293 7103
0.9336766008020903 0.2837250490462982 7104
0.07221683510909682 0.2847971360762064 7105
0.4074783487257915 0.09958157645584673 7106
0.3258215162629318 0.1111398177992947 7107
0.8757734493234367 0.09494473307754853 7108
0.583620230983962 0.1626286959205005 7109
1.086069662359348 0.09461829268122406 7110
0.8171752599441607 0.09770832111264323 7111
1.108772461499953 0.03196649607522523 7112
1.200540410701815 0.3456485802301149 7113
1.149726967088024 0.2495413474858718 7114
0.9206649038493091 0.1195689671661783 7115
0.839651501107856 0.1699283313113994 7116
0.4425116943690814 0.1033791124369298 7117
0.7856950434854908 0.2975577878561488 7118
0.167930535825527 0.2813604890346422 7119
1.397370208844701 0.257895063411916 7120
0.2698920161875948 0.1909038951640361 7121
0.4865792315989923 0.279543021026938 7122
0.2519993129353288 0.2388329671564596 7123
2.179987982864773 0.3353206508948451 7124
0.7486027407656142 0.08236965552944973 7125
2.022197306372268 0.3632028988903174 7126
0.228030827661398 0.03199602193451109 7127
0.4195589531416107 0.3028859537880028 7128
0.01879835221948034 0.07337440602767889 7129
0.5902300945144826 0.3010381200064121 7130
0.9547348259596824 0.300936124485724 7131
0.1340162567100319 0.2286594679151539 7132
0.7862757564635277 0.2814455760838442 7133
0.2247220534608579 0.3240781378953119 7134
0.3658553489283158 0.2976326790186042 7135
0.1691874053650568 0.3293151710682627 7136
0.5144266375727289 0.2728641904828603 7137
0.9710797755995682 0.3929680567474124 7138
0.3994716170709838 0.2962761174994872 7139
0.9908681134681006 0.1115287585129962 7140
0.9130706424321504 0.2991032672385091 7141
1.090238513104888 0.07677140190634543 7142
0.7398488377243277 0.1659104529266472 7143
1.32394796534319 0.2367541994509786 7144
0.792481738605381 0.3086527539994064 7145
0.3265017572615861 0.3119095226469424 7146
1.090800730177397 0.3005039308131666 7147
1.088667655304589 0.3071048073695388 7148
0.6173794220621309 0.04972942516765894 7149
0.2775360530532424 0.08527490432764703 7150
0.5162684345741186 0.05669232932902904 7151
0.694101083999684 0.2755733166902222 7152
0.6438122996164632 0.09555128732259006 7153
0.3315207440192118 0.09422261574863119 7154
0.8907054519656483 0.35950624131413 7155
0.5271805592180465 0.101406522557709 7156
0.7024229776493029 0.08719538696136486 7157
0.3084565511749311 0.3061383686986618 7158
0.1341900429398593 0.2566081032639427 7159
1.441255713168774 0.2364337782361685 7160
0.778758878045453 0.2794617115764422 7161
0.2430100297292871 0.2547458253339567 7162
0.7524610642232735 0.2870094335761669 7163
0.415781390292435 0.1669825607654862 7164
0.3586210188695518 0.03834463738150098 7165
0.1151009919911975 0.03410569202139582 7166
0.1310016371956598 0.06707232435523916 7167
0.4750584303287262 0.09996962716111554 7168
0.2363142433893968 0.07589370827769643 7169
0.8531655129370713 0.1478564809933904 7170
0.4105726114159486 0.09312238411806784 7171
1.129291789645117 0.08512814080813069 7172
0.8325300615694864 0.03573511799759629 7173
0.6275229201359489 0.09748471359907009 7174
0.7065511922598295 0.267436927828478 7175
0.8879774524836332 0.2861540907729588 7176
0.986795312803139 0.3073736420533132 7177
1.1410585492865 0.2174113871720815 7178
0.6320133985058515 0.1033938593998273 7179
1.106118229649857 0.3226415129794585 7180
1.368108906035328 0.2584843444845571 7181
0.3998084965699907 0.1007235913259426 7182
1.260511728065268 0.1163257069239788 7183
1.172441590283061 0.01522828482464247 7184
1.051595522816481 0.03150227314501911 7185
0.146489579277081 0.1532393432785206 7186
0.8317123151048909 0.2862074446454821 7187
0.8934136149581543 0.05296687784731999 7188
0.8773374731856377 0.03834915341044823 7189
0.3349189180205235 0.1408276732317521 7190
0.9810054452538055 0.2790608630652092 7191
0.6669151569217887 0.1595687306243632 7192
0.9365971457381497 0.2901356764393869 7193
0.5674894661203889 0.3365456194290962 7194
0.9636263333983862 0.3039144447214283 7195
0.937382614821322 0.0898060275149091 7196
0.9586928087206069 0.2764528792658392 7197
0.9267536329055789 0.2825573369865568 7198
0.512244966405681 0.374497879883693 7199
2.181245538338126 0.2782142857142855 7200
0.9447124736473014 0.2999691117380398 7201
0.4978192494063418 0.1643879475753948 7202
0.7525051728958237 0.08953180916855777 7203
0.9827939782335338 0.1124590583347868 7204
1.026913776014159 0.05750459400243196 7205
0.791912297346878 0.3772500302435698 7206
0.04890348835179714 0.2328278409307682 7207
0.2708191563859683 0.2025115284538176 7208
0.2217203880563154 0.286866489588833 7209
0.8484324824207783 0.0339929545663156 7210
0.6478539612870785 0.01468695757413097 7211
1.092993547793798 0.252100463204758 7212
0.991477804575714 0.2811316271033775 7213
0.575718300609832 0.1631961503254439 7214
0.01374717342531873 0.2617355236042157 7215
0.4840806716108462 0.09156290303391409 7216
0.3195563081188464 0.02875123245470121 7217
1.191440103034993 0.2250811973343909 7218
0.2491312812957802 0.1407005683081045 7219
0.6848145013378568 0.05263255946957215 7220
0.910012762562379 0.127066580313841 7221
0.7067759488912295 0.3311798838241166 7222
0.6488154479330599 0.08640940853185899 7223
0.642537560427765 0.08186151003504535 7224
1.150523178788839 0.05734411647425028 7225
0.05384435064053594 0.3082876631496068 7226
0.1863424923804919 0.05770642487244229 7227
0.946026915374472 0.09833886780134718 7228
0.7203996760002392 0.2748106902754769 7229
1.08853104235697 0.0472741394910309 7230
1.412114386160745 0.2360460237878814 7231
0.800258030051854 0.09966934122684407 7232
0.1293271380725987 0.3358547808316585 7233
0.636714048246384 0.2959168020737487 7234
0.2694610146386192 0.08690152708439254 7235
0.5309211867217102 0.06863446314166374 7236
0.8056236630605065 0.1059632859566099 7237
0.5549285535526512 0.1049408797948704 7238
0.5514128377341727 0.09998601699548902 7239
0.1575324838614599 0.2475254506808285 7240
0.7318647637597946 0.1663849873422563 7241
0.1701175727241582 0.2625876010960108 7242
0.1455609108654041 0.2446573815664498 7243
0.9661148296947577 0.3759135265440219 7244
2.178261830596503 0.02181779243205501 7245
0.1094658950123396 0.1827798152065451 7246
0.1130199202965948 0.2333224762353243 7247
0.1633389521276213 0.1405723434695316 7248
0.02004091185525758 0.02064870364672786 7249
0.7698558185782738 0.04614938043294006 7250
0.1364699579177662 0.1710599770857041 7251
0.8952872367229078 0.3725325604282688 7252
0.04271543496420138 0.3591531489626835 7253
0.1385265258775723 0.1820856698923393 7254
0.4916841653886181 0.2891704906620612 7255
0.2750494554147406 0.03042526678794269 7256
0.2597258996418378 0.03200429266644736 7257
0.7556433117724543 0.3412312073747535 7258
0.4550485416826612 0.3037588307672012 7259
0.8516761998977427 0.3457663426773677 7260
2.140929547431849 0.2596136972549485 7261
0.5625921009486186 0.03305104167189385 7262
0.4075879618392044 0.1674579919940799 7263
0.01963097480134302 0.3904917428860861 7264
0.8496149222704481 0.1550443114174449 7265
0.404690134093914 0.3029940281880694 7266
0.5950113242443723 0.08573845772420219 7267
1.148886736147803 0.1877210396008514 7268
0.6897451001037269 0.3413483924238743 7269
0.5291872539581396 0.2856967067907248 7270
2.178001567637956 0.388163592171169 7271
0.01296853618872484 0.1465151496598088 7272
0.8274821499573682 0.1558241011349124 7273
0.820467701114304 0.07228871604847667 7274
0.6240202196916091 0.3769327726413051 7275
1.455887293470295 0.2585603555396184 7276
0.2073748318929194 0.3234600208577614 7277
0.6589231878483781 0.09395156262769147 7278
0.5754182231749717 0.0165562363341267 7279
0.1432461572040545 0.1695299763358912 7280
0.1953406099241703 0.3795072319101249 7281
0.8244884424945829 0.09774366162241155 7282
0.8079209982813657 0.3423275991103051 7283
0.1256542946858947 0.2192266421693305 7284
1.208024665989803 0.1156611960535927 7285
0.3019964424158489 0.3225378079810554 7286
0.3287365478591652 0.1047819537939181 7287
1.070991045667368 0.3718623431756615 7288
0.2070537992598761 0.01540898993688666 7289
0.7148815463185503 0.1659085529141347 7290
0.08233843679260788 0.2352173947113053 7291
0.1297636219381044 0.2027531060243861 7292
1.484992359951805 0.2589644719391109 7293
0.5833052478471268 0.3602404022204528 7294
0.06977903128125829 0.1805747733407165 7295
0.6601071787399537 0.1686090317950838 7296
0.01245509303442005 0.1925957824457555 7297
0.8689514120099928 0.09940997616869029 7298
0.8582920467719017 0.2769945600499955 7299
0.4316898880614217 0.293233923080326 7300
0.7081632419004684 0.2889602881535124 7301
0.2366384319356902 0.2659637312382762 7302
0.5258704446268718 0.02866964592986143 7303
0.4907974831308342 0.1646967591890477 7304
0.9086812467264125 0.3759606219327543 7305
0.2155776561186071 0.2962640832944469 7306
0.608721207991211 0.2949853521891029 7307
0.9012206226223963 0.2980014527254865 7308
0.8779826701291155 0.2822930031657754 7309
0.5676419894514432 0.1636404138570147 7310
1.225864283557478 0.35075849689812 7311
1.143588096529093 0.2959614280908595 7312
0.3717285012293012 0.06213238898236162 7313
0.452622833157833 0.08566410863819267 7314
0.8344538543997395 0.1637086572972372 7315
0.6213149876117143 0.2765493044106762 7316
0.4516941546725501 0.03169777109671587 7317
1.514673471646016 0.2590108410178428 7318
0.9031915454154789 0.1282203153590004 7319
0.7071695667250926 0.08003840801808387 7320
1.152013322465887 0.3540994640279391 7321
1.167156935541835 0.3554377496435496 7322
0.1083150874914194 0.1689328736417369 7323
0.2418955255340247 0.3238909389911925 7324
0.5751306884064626 0.09665877069990958 7325
0.894651236155584 0.2692375718009584 7326
0.888826885412574 0.291490801413786 7327
0.326311562199203 0.07843380221963778 7328
1.969628262998594 0.2619333896426146 7329
1.125265868460799 0.2880574858493303 7330
0.1348384012674704 0.1764982213961694 7331
0.9805554702468429 0.1183533588478888 7332
0.8226723870655301 0.2709826934377372 7333
0.9074695218349308 0.08545981674732221 7334
0.5423291855670391 0.3708601913547344 7335
0.4628954553522822 0.1086785638843957 7336
1.95627098953229 0.3032418982269059 7337
0.3309929384506534 0.1349374281893965 7338
1.202162181687194 0.1804742945451392 7339
0.7246288399181762 0.1669884569539877 7340
0.533569232545024 0.3430824727960172 7341
0.1944373934505951 0.1106996821291705 7342
0.7782980890700271 0.3690303124219977 7343
1.544612486902967 0.2590799172234257 7344
0.5075025549334534 0.3607321368739581 7345
1.217083992162808 0.06662680612187866 7346
0.6991562235366107 0.3367994264057534 7347
0.4896801571703915 0.03741586569600006 7348
0.2502126452808268 0.08743869406809415 7349
1.108120861214938 0.2116037089255629 7350
0.9557049056872697 0.02149711044462435 7351
0.6425557206639161 0.2684037847509626 7352
1.971509804352912 0.3233893809053334 7353
0.2684880572808965 0.2086441825272972 7354
1.099106734061888 0.2992364634460808 7355
0.6485855122088882 0.3346934264734871 7356
0.5280104806364935 0.08881851867449764 7357
0.2550542683302788 0.3157828964692185 7358
0.8435978885053319 0.05772885522686394 7359
1.574443178832012 0.258922309086334 7360
0.6451788309729032 0.3019094279416408 7361
0.1437053112833852 0.07051027663369241 7362
0.1126642815100816 0.1756347896473866 7363
0.687383529463353 0.06291575626421841 7364
1.991764418278171 0.3503176212396243 7365
1.022636327390907 0.3291475856320404 7366
0.5119855793912403 0.3048563648319498 7367
0.2058112887596044 0.2881669492723455 7368
0.924217837023782 0.2758450802145984 7369
0.2614199354773423 0.2345976931090778 7370
0.8463448467597317 0.1613841146805353 7371
0.2597737169830967 0.3226911415258017 7372
0.5827403309123551 0.2766949834958899 7373
0.4001986679589605 0.1681671542230493 7374
0.2803044350766846 0.3139997223411112 7375
1.215298182059208 0.1333777925522041 7376
0.08287231499173831 0.1129234427187439 7377
1.604274200227612 0.2587279329390434 7378
0.9890536899854419 0.3913522663122236 7379
0.722150840047088 0.3802222587713203 7380
1.119868688098639 0.09031549325053254 7381
0.3934513953586282 0.3782999742758041 7382
0.7621499975429621 0.3616366958923559 7383
0.5968760556337603 0.329967594869367 7384
0.8203322266074115 0.1642973783913046 7385
1.15203205060576 0.1767981900289608 7386
0.5219563774884149 0.04360775045053789 7387
0.6952928586802187 0.03433533897385865 7388
0.3111990200920624 0.3792526274549234 7389
1.634116847995212 0.2585219088486929 7390
0.9580950132643975 0.1149983217499259 7391
0.8028422083836244 0.2781799763930186 7392
0.7072162025575052 0.2953397739481759 7393
0.6221065423100447 0.2997459021897472 7394
0.6305182155492989 0.298325650599425 7395
0.6513727555477831 0.1612000920234276 7396
0.414935459284271 0.3956692316162812 7397
1.299549609609405 0.09226479632809956 7398
1.663968534925227 0.2583088926032751 7399
1.100102998552146 0.2519971372054632 7400
0.6256099298166637 0.3217030615277869 7401
0.3863275380058784 0.09642541050967629 7402
0.6008082644704961 0.2979620471634901 7403
0.4362638109818375 0.2977627644102563 7404
0.1301939301880358 0.2736374382557884 7405
1.056298234122212 0.3340211129826256 7406
1.115344907994448 0.1285150512050009 7407
0.0720270475353626 0.1491170138139646 7408
1.129666313889873 0.0471094528102228 7409
0.5602333346319697 0.1643963300943904 7410
0.9507104142134637 0.2678550275918859 7411
1.693833660989528 0.258098725517544 7412
1.99180954851268 0.06957957258791986 7413
0.7028916557515021 0.2842374394156711 7414
0.968015646505755 0.1128102339450126 7415
0.4691600046025955 0.1006363873777544 7416
0.1780683539640594 0.3267998552416119 7417
1.176734549672854 0.283261027060154 7418
0.2221831816775449 0.1340690496599898 7419
0.8369617867868397 0.3063334289638559 7420
0.6275720695272212 0.03280727585874169 7421
0.5156547386332904 0.03433292543343625 7422
0.5924438170128097 0.01562364689027548 7423
1.28427603974944 0.1167331808197941 7424
0.1361362775121441 0.1332825750189265 7425
0.5918103354662198 0.3066101938906911 7426
1.093608702276647 0.3101663961295657 7427
1.72370677554524 0.2578877364118724 7428
1.143966505242015 0.06734921600825397 7429
0.9647321117450602 0.08844638862011708 7430
0.8959137835993013 0.1201690686831302 7431
0.6117613369779487 0.01600256654718776 7432
0.545693047112555 0.0993020665940669 7433
0.8945980791055558 0.3011576553514288 7434
0.4563103136006996 0.110411332652499 7435
0.1681172931920696 0.379264255337929 7436
0.428426189643016 0.2816840693720241 7437
0.7610673012155946 0.03559954292379972 7438
1.123144788180083 0.0346463848399389 7439
0.4945339203126533 0.3376290369765634 7440
1.117204663741159 0.1543499309158776 7441
0.3270603824160001 0.1290346946677038 7442
0.6125149146625217 0.2884107178182862 7443
1.753585068663937 0.2576764440793634 7444
0.2986157099019199 0.04421239393735027 7445
0.4429249179473198 0.3067099628457757 7446
0.2550967770791691 0.2347476843864247 7447
0.1903917154820537 0.04817539771090409 7448
0.1106650477945085 0.3518242728447117 7449
1.044004539339156 0.3251284520634669 7450
0.3249063431699947 0.01458853165122412 7451
0.5473319573367657 0.2929772061165364 7452
0.2963488305307156 0.3313370923616756 7453
0.1299991243705363 0.1931576242991431 7454
1.307675283244444 0.07212089787711876 7455
1.043887046854449 0.01944443133977855 7456
1.783466388582453 0.2574620050822061 7457
0.5730893789363406 0.347005345414524 7458
0.2227838071335267 0.3322718679002045 7459
0.7591778804932257 0.28539627631921 7460
0.3607346666685253 0.383269799080835 7461
0.2124982124020138 0.1275460439811246 7462
0.8707957075687766 0.08618954870012985 7463
1.141535023444751 0.04760247331629602 7464
0.6708390409071137 0.2743166913098148 7465
0.0781560476044878 0.2549654261245403 7466
1.813352117393689 0.2572504645952897 7467
0.4987287994812761 0.01470291985268499 7468
0.388532901777598 0.17530770963226 7469
0.5405041440004155 0.1083050108040453 7470
0.5756194546489389 0.03364520914161984 7471
0.4387576139636186 0.2788624801663663 7472
0.6484711454189185 0.3805347640540142 7473
0.5434723384793037 0.3028691802084853 7474
0.1260482665801075 0.2126515321964976 7475
0.6268281759820171 0.05408721188183938 7476
0.02960213834105385 0.1136945145238078 7477
0.5407510949324982 0.2789857125803242 7478
1.005565211206076 0.3933324121568398 7479
1.843240414309491 0.2570367909797988 7480
1.156261330076819 0.1495193533732675 7481
0.3648459162491223 0.01448389909444883 7482
0.3781340517914891 0.1745093507485174 7483
0.7871562544327544 0.3055480278094503 7484
0.03458998788703194 0.08752664752192216 7485
1.975775381218538 0.3936327422247834 7486
0.1400591217230072 0.1171083726326943 7487
0.4855379007416394 0.3024977218011342 7488
0.7881186307182323 0.05655043641448076 7489
0.6625181626932681 0.0142402610094263 7490
0.2405812162958834 0.2744920097848035 7491
0.975777616167281 0.3032037530127223 7492
1.872621335252949 0.2559566121358796 7493
0.5369776837064805 0.2951942514049529 7494
0.1601467750364312 0.1040756523555732 7495
0.6926631572926628 0.3945368404564412 7496
1.12533655871464 0.3455158422256105 7497
0.7148518593882597 0.3031974688041774 7498
0.1022856979560516 0.1939831322598041 7499
0.4252194472613007 0.3019001177920081 7500
0.8648810665866538 0.3794236363599554 7501
0.240076849298176 0.08605480061308188 7502
1.047227696631613 0.3082765987216071 7503
0.9902991269110504 0.07455322087906713 7504
0.1447930972597811 0.3828605392573703 7505
0.8886230432043991 0.387379560035762 7506
NMARK= 4
MARKER_TAG= inlet
MARKER_ELEMS= 16
3 3 186 
3 186 187 
3 187 188 
3 188 189 
3 189 190 
3 190 191 
3 191 192 
3 192 193 
3 193 194 
3 194 195 
3 195 196 
3 196 197 
3 197 198 
3 198 199 
3 199 200 
3 200 0 
MARKER_TAG= outlet
MARKER_ELEMS= 14
3 1 92 
3 92 93 
3 93 94 
3 94 95 
3 95 96 
3 96 97 
3 97 98 
3 98 99 
3 99 100 
3 100 101 
3 101 102 
3 102 103 
3 103 104 
3 104 2 
MARKER_TAG= wall
MARKER_ELEMS= 167
3 0 8 
3 8 9 
3 9 10 
3 10 11 
3 11 12 
3 12 13 
3 13 14 
3 14 15 
3 15 16 
3 16 17 
3 17 18 
3 18 19 
3 19 20 
3 20 21 
3 21 22 
3 22 23 
3 23 24 
3 24 25 
3 25 26 
3 26 27 
3 27 28 
3 28 29 
3 29 30 
3 30 31 
3 31 32 
3 32 33 
3 33 34 
3 34 35 
3 35 36 
3 36 37 
3 37 38 
3 38 39 
3 39 40 
3 40 41 
3 41 42 
3 42 43 
3 43 44 
3 44 45 
3 45 46 
3 46 47 
3 47 48 
3 48 49 
3 49 50 
3 50 51 
3 51 52 
3 52 53 
3 53 54 
3 54 55 
3 55 56 
3 56 57 
3 57 58 
3 58 59 
3 59 60 
3 60 61 
3 61 62 
3 62 63 
3 63 64 
3 64 65 
3 65 66 
3 66 67 
3 67 68 
3 68 69 
3 69 70 
3 70 71 
3 71 72 
3 72 73 
3 73 74 
3 74 75 
3 75 76 
3 76 77 
3 77 78 
3 78 79 
3 79 80 
3 80 81 
3 81 82 
3 82 83 
3 83 84 
3 84 85 
3 85 86 
3 86 87 
3 87 88 
3 88 89 
3 89 90 
3 90 91 
3 91 1 
3 2 105 
3 105 106 
3 106 107 
3 107 108 
3 108 109 
3 109 110 
3 110 111 
3 111 112 
3 112 113 
3 113 114 
3 114 115 
3 115 116 
3 116 117 
3 117 118 
3 118 119 
3 119 120 
3 120 121 
3 121 122 
3 122 123 
3 123 124 
3 124 125 
3 125 126 
3 126 127 
3 127 128 
3 128 129 
3 129 130 
3 130 131 
3 131 132 
3 132 133 
3 133 134 
3 134 135 
3 135 136 
3 136 137 
3 137 138 
3 138 139 
3 139 140 
3 140 141 
3 141 142 
3 142 143 
3 143 144 
3 144 145 
3 145 146 
3 146 147 
3 147 148 
3 148 149 
3 149 150 
3 150 151 
3 151 152 
3 152 153 
3 153 154 
3 154 155 
3 155 156 
3 156 157 
3 157 158 
3 158 159 
3 159 160 
3 160 161 
3 161 162 
3 162 163 
3 163 164 
3 164 165 
3 165 166 
3 166 167 
3 167 168 
3 168 169 
3 169 170 
3 170 171 
3 171 172 
3 172 173 
3 173 174 
3 174 175 
3 175 176 
3 176 177 
3 177 178 
3 178 179 
3 179 180 
3 180 181 
3 181 182 
3 182 183 
3 183 184 
3 184 185 
3 185 3 
MARKER_TAG= cylinder
MARKER_ELEMS= 56
3 4 201 
3 201 202 
3 202 203 
3 203 204 
3 204 205 
3 205 206 
3 206 207 
3 207 208 
3 208 209 
3 209 210 
3 210 211 
3 211 212 
3 212 213 
3 213 5 
3 5 214 
3 214 215 
3 215 216 
3 216 217 
3 217 218 
3 218 219 
3 219 220 
3 220 221 
3 221 222 
3 222 223 
3 223 224 
3 224 225 
3 225 226 
3 226 6 
3 6 227 
3 227 228 
3 228 229 
3 229 230 
3 230 231 
3 231 232 
3 232 233 
3 233 234 
3 234 235 
3 235 236 
3 236 237 
3 237 238 
3 238 239 
3 239 7 
3 7 240 
3 240 241 
3 241 242 
3 242 243 
3 243 244 
3 244 245 
3 245 246 
3 246 247 
3 247 248 
3 248 249 
3 249 250 
3 250 251 
3 251 252 
3 252 4 
