NDIME= 2
NELEM= 2322
9 196 430 718 5 0
9 430 431 705 718 1
9 431 416 759 705 2
9 416 460 760 759 3
9 460 419 761 760 4
9 419 418 722 761 5
9 418 448 762 722 6
9 448 459 712 762 7
9 459 413 704 712 8
9 413 434 706 704 9
9 434 428 707 706 10
9 428 427 708 707 11
9 427 825 853 708 12
9 7 732 628 219 13
9 732 710 596 628 14
9 710 748 590 596 15
9 748 746 635 590 16
9 746 736 640 635 17
9 736 737 599 640 18
9 737 744 636 599 19
9 744 758 626 636 20
9 758 719 613 626 21
9 719 747 642 613 22
9 747 755 608 642 23
9 755 723 600 608 24
9 723 852 841 600 25
9 219 628 522 220 26
9 628 596 469 522 27
9 596 590 474 469 28
9 590 635 480 474 29
9 635 640 518 480 30
9 640 599 515 518 31
9 599 636 494 515 32
9 636 626 488 494 33
9 626 613 512 488 34
9 613 642 513 512 35
9 642 608 486 513 36
9 608 600 526 486 37
9 600 841 830 526 38
9 221 797 539 222 39
9 797 798 570 539 40
9 798 796 550 570 41
9 796 799 584 550 42
9 799 800 549 584 43
9 800 802 555 549 44
9 802 801 572 555 45
9 801 803 571 572 46
9 803 804 536 571 47
9 804 805 579 536 48
9 805 781 585 579 49
9 781 782 540 585 50
9 782 816 836 540 51
9 220 522 797 221 52
9 522 469 798 797 53
9 469 474 796 798 54
9 474 480 799 796 55
9 480 518 800 799 56
9 518 515 802 800 57
9 515 494 801 802 58
9 494 488 803 801 59
9 488 512 804 803 60
9 512 513 805 804 61
9 513 486 781 805 62
9 486 526 782 781 63
9 526 830 816 782 64
9 223 292 504 224 65
9 292 290 498 504 66
9 290 291 521 498 67
9 291 293 506 521 68
9 293 408 523 506 69
9 408 380 524 523 70
9 380 381 499 524 71
9 381 382 525 499 72
9 382 383 476 525 73
9 383 384 477 476 74
9 384 385 509 477 75
9 385 386 511 509 76
9 386 810 833 511 77
9 222 539 292 223 78
9 539 570 290 292 79
9 570 550 291 290 80
9 550 584 293 291 81
9 584 549 408 293 82
9 549 555 380 408 83
9 555 572 381 380 84
9 572 571 382 381 85
9 571 536 383 382 86
9 536 579 384 383 87
9 579 585 385 384 88
9 585 540 386 385 89
9 540 836 810 386 90
9 224 504 510 225 91
9 504 498 507 510 92
9 498 521 483 507 93
9 521 506 487 483 94
9 506 523 514 487 95
9 523 524 484 514 96
9 524 499 479 484 97
9 499 525 489 479 98
9 525 476 473 489 99
9 476 477 490 473 100
9 477 509 501 490 101
9 509 511 497 501 102
9 511 833 831 497 103
9 226 527 353 227 104
9 527 556 336 353 105
9 556 568 340 336 106
9 568 543 339 340 107
9 543 541 337 339 108
9 541 530 338 337 109
9 530 557 341 338 110
9 557 528 342 341 111
9 528 569 343 342 112
9 569 545 344 343 113
9 545 531 345 344 114
9 531 582 346 345 115
9 582 837 819 346 116
9 225 510 527 226 117
9 510 507 556 527 118
9 507 483 568 556 119
9 483 487 543 568 120
9 487 514 541 543 121
9 514 484 530 541 122
9 484 479 557 530 123
9 479 489 528 557 124
9 489 473 569 528 125
9 473 490 545 569 126
9 490 501 531 545 127
9 501 497 582 531 128
9 497 831 837 582 129
9 228 542 580 229 130
9 542 559 565 580 131
9 559 544 551 565 132
9 544 561 566 551 133
9 561 532 538 566 134
9 532 533 552 538 135
9 533 560 547 552 136
9 560 562 581 547 137
9 562 583 554 581 138
9 583 574 558 554 139
9 574 575 529 558 140
9 575 576 535 529 141
9 576 838 835 535 142
9 227 353 542 228 143
9 353 336 559 542 144
9 336 340 544 559 145
9 340 339 561 544 146
9 339 337 532 561 147
9 337 338 533 532 148
9 338 341 560 533 149
9 341 342 562 560 150
9 342 343 583 562 151
9 343 344 574 583 152
9 344 345 575 574 153
9 345 346 576 575 154
9 346 819 838 576 155
9 6 743 478 208 156
9 743 726 500 478 157
9 726 728 502 500 158
9 728 711 503 502 159
9 711 753 573 503 160
9 753 730 548 573 161
9 730 757 577 548 162
9 757 729 553 577 163
9 729 742 534 553 164
9 742 754 578 534 165
9 754 709 537 578 166
9 709 731 567 537 167
9 731 851 834 567 168
9 229 580 714 4 169
9 580 565 716 714 170
9 565 551 727 716 171
9 551 566 749 727 172
9 566 538 717 749 173
9 538 552 741 717 174
9 552 547 734 741 175
9 547 581 745 734 176
9 581 554 739 745 177
9 554 558 756 739 178
9 558 529 740 756 179
9 529 535 752 740 180
9 535 835 850 752 181
9 210 449 242 211 182
9 449 450 243 242 183
9 450 455 244 243 184
9 455 445 245 244 185
9 445 414 246 245 186
9 414 429 247 246 187
9 429 451 248 247 188
9 451 411 349 248 189
9 411 463 348 349 190
9 463 452 350 348 191
9 452 447 351 350 192
9 447 446 352 351 193
9 446 827 818 352 194
9 208 478 347 209 195
9 478 500 319 347 196
9 500 502 301 319 197
9 502 503 302 301 198
9 503 573 303 302 199
9 573 548 304 303 200
9 548 577 305 304 201
9 577 553 306 305 202
9 553 534 307 306 203
9 534 578 308 307 204
9 578 537 309 308 205
9 537 567 310 309 206
9 567 834 820 310 207
9 209 347 449 210 208
9 347 319 450 449 209
9 319 301 455 450 210
9 301 302 445 455 211
9 302 303 414 445 212
9 303 304 429 414 213
9 304 305 451 429 214
9 305 306 411 451 215
9 306 307 463 411 216
9 307 308 452 463 217
9 308 309 447 452 218
9 309 310 446 447 219
9 310 820 827 446 220
9 211 242 421 212 221
9 242 243 423 421 222
9 243 244 424 423 223
9 244 245 425 424 224
9 245 246 426 425 225
9 246 247 519 426 226
9 247 248 496 519 227
9 248 349 472 496 228
9 349 348 468 472 229
9 348 350 482 468 230
9 350 351 491 482 231
9 351 352 471 491 232
9 352 818 829 471 233
9 212 421 298 213 234
9 421 423 299 298 235
9 423 424 300 299 236
9 424 425 269 300 237
9 425 426 270 269 238
9 426 519 271 270 239
9 519 496 272 271 240
9 496 472 273 272 241
9 472 468 274 273 242
9 468 482 275 274 243
9 482 491 276 275 244
9 491 471 277 276 245
9 471 829 808 277 246
9 214 250 591 215 247
9 250 252 616 591 248
9 252 251 602 616 249
9 251 254 638 602 250
9 254 253 623 638 251
9 253 256 617 623 252
9 256 255 641 617 253
9 255 257 592 641 254
9 257 258 594 592 255
9 258 259 624 594 256
9 259 260 593 624 257
9 260 261 595 593 258
9 261 806 843 595 259
9 213 298 250 214 260
9 298 299 252 250 261
9 299 300 251 252 262
9 300 269 254 251 263
9 269 270 253 254 264
9 270 271 256 253 265
9 271 272 255 256 266
9 272 273 257 255 267
9 273 274 258 257 268
9 274 275 259 258 269
9 275 276 260 259 270
9 276 277 261 260 271
9 277 808 806 261 272
9 215 591 784 216 273
9 591 616 785 784 274
9 616 602 786 785 275
9 602 638 787 786 276
9 638 623 788 787 277
9 623 617 790 788 278
9 617 641 789 790 279
9 641 592 791 789 280
9 592 594 792 791 281
9 594 624 793 792 282
9 624 593 794 793 283
9 593 595 795 794 284
9 595 843 815 795 285
9 216 784 417 217 286
9 784 785 454 417 287
9 785 786 456 454 288
9 786 787 457 456 289
9 787 788 412 457 290
9 788 790 415 412 291
9 790 789 461 415 292
9 789 791 465 461 293
9 791 792 466 465 294
9 792 793 467 466 295
9 793 794 409 467 296
9 794 795 410 409 297
9 795 815 828 410 298
9 217 417 278 218 299
9 417 454 279 278 300
9 454 456 280 279 301
9 456 457 281 280 302
9 457 412 283 281 303
9 412 415 284 283 304
9 415 461 285 284 305
9 461 465 282 285 306
9 465 466 286 282 307
9 466 467 287 286 308
9 467 409 289 287 309
9 409 410 288 289 310
9 410 828 809 288 311
9 218 278 732 7 312
9 278 279 710 732 313
9 279 280 748 710 314
9 280 281 746 748 315
9 281 283 736 746 316
9 283 284 737 736 317
9 284 285 744 737 318
9 285 282 758 744 319
9 282 286 719 758 320
9 286 287 747 719 321
9 287 289 755 747 322
9 289 288 723 755 323
9 288 809 852 723 324
9 5 718 387 197 325
9 718 705 388 387 326
9 705 759 390 388 327
9 759 760 391 390 328
9 760 761 392 391 329
9 761 722 389 392 330
9 722 762 393 389 331
9 762 712 394 393 332
9 712 704 395 394 333
9 704 706 396 395 334
9 706 707 397 396 335
9 707 708 398 397 336
9 708 853 811 398 337
9 199 435 546 200 338
9 435 453 563 546 339
9 453 437 564 563 340
9 437 441 588 564 341
9 441 464 611 588 342
9 464 438 630 611 343
9 438 439 633 630 344
9 439 440 621 633 345
9 440 462 605 621 346
9 462 442 627 605 347
9 442 443 632 627 348
9 443 444 634 632 349
9 444 826 839 634 350
9 197 387 614 198 351
9 387 388 644 614 352
9 388 390 622 644 353
9 390 391 607 622 354
9 391 392 643 607 355
9 392 389 586 643 356
9 389 393 629 586 357
9 393 394 587 629 358
9 394 395 631 587 359
9 395 396 604 631 360
9 396 397 601 604 361
9 397 398 615 601 362
9 398 811 842 615 363
9 198 614 435 199 364
9 614 644 453 435 365
9 644 622 437 453 366
9 622 607 441 437 367
9 607 643 464 441 368
9 643 586 438 464 369
9 586 629 439 438 370
9 629 587 440 439 371
9 587 631 462 440 372
9 631 604 442 462 373
9 604 601 443 442 374
9 601 615 444 443 375
9 615 842 826 444 376
9 200 546 597 201 377
9 546 563 589 597 378
9 563 564 637 589 379
9 564 588 618 637 380
9 588 611 609 618 381
9 611 630 639 609 382
9 630 633 606 639 383
9 633 621 610 606 384
9 621 605 612 610 385
9 605 627 625 612 386
9 627 632 598 625 387
9 632 634 603 598 388
9 634 839 840 603 389
9 201 597 619 202 390
9 597 589 620 619 391
9 589 637 667 620 392
9 637 618 669 667 393
9 618 609 680 669 394
9 609 639 653 680 395
9 639 606 651 653 396
9 606 610 681 651 397
9 610 612 686 681 398
9 612 625 684 686 399
9 625 598 687 684 400
9 598 603 661 687 401
9 603 840 844 661 402
9 203 765 399 204 403
9 765 768 400 399 404
9 768 335 401 400 405
9 335 333 402 401 406
9 333 334 403 402 407
9 334 320 405 403 408
9 320 321 406 405 409
9 321 322 407 406 410
9 322 324 404 407 411
9 324 323 354 404 412
9 323 325 355 354 413
9 325 326 356 355 414
9 326 823 812 356 415
9 202 619 765 203 416
9 619 620 768 765 417
9 620 667 335 768 418
9 667 669 333 335 419
9 669 680 334 333 420
9 680 653 320 334 421
9 653 651 321 320 422
9 651 681 322 321 423
9 681 686 324 322 424
9 686 684 323 324 425
9 684 687 325 323 426
9 687 661 326 325 427
9 661 844 823 326 428
9 205 520 677 206 429
9 520 516 670 677 430
9 516 492 671 670 431
9 492 475 655 671 432
9 475 517 672 655 433
9 517 505 697 672 434
9 505 508 647 697 435
9 508 493 678 647 436
9 493 470 701 678 437
9 470 481 645 701 438
9 481 495 663 645 439
9 495 485 660 663 440
9 485 832 845 660 441
9 204 399 520 205 442
9 399 400 516 520 443
9 400 401 492 516 444
9 401 402 475 492 445
9 402 403 517 475 446
9 403 405 505 517 447
9 405 406 508 505 448
9 406 407 493 508 449
9 407 404 470 493 450
9 404 354 481 470 451
9 354 355 495 481 452
9 355 356 485 495 453
9 356 812 832 485 454
9 206 677 369 207 455
9 677 670 370 369 456
9 670 671 371 370 457
9 671 655 372 371 458
9 655 672 373 372 459
9 672 697 374 373 460
9 697 647 375 374 461
9 647 678 376 375 462
9 678 701 377 376 463
9 701 645 378 377 464
9 645 663 379 378 465
9 663 660 783 379 466
9 660 845 814 783 467
9 4 714 676 186 468
9 714 716 750 676 469
9 716 727 725 750 470
9 727 749 724 725 471
9 749 717 721 724 472
9 717 741 733 721 473
9 741 734 738 733 474
9 734 745 715 738 475
9 745 739 713 715 476
9 739 756 720 713 477
9 756 740 751 720 478
9 740 752 735 751 479
9 752 850 849 735 480
9 207 369 743 6 481
9 369 370 726 743 482
9 370 371 728 726 483
9 371 372 711 728 484
9 372 373 753 711 485
9 373 374 730 753 486
9 374 375 757 730 487
9 375 376 729 757 488
9 376 377 742 729 489
9 377 378 754 742 490
9 378 379 709 754 491
9 379 783 731 709 492
9 783 814 851 731 493
9 187 675 657 188 494
9 675 699 689 657 495
9 699 646 691 689 496
9 646 652 659 691 497
9 652 685 673 659 498
9 685 695 692 673 499
9 695 656 658 692 500
9 656 688 662 658 501
9 688 654 682 662 502
9 654 690 650 682 503
9 690 679 693 650 504
9 679 648 694 693 505
9 648 846 847 694 506
9 186 676 675 187 507
9 676 750 699 675 508
9 750 725 646 699 509
9 725 724 652 646 510
9 724 721 685 652 511
9 721 733 695 685 512
9 733 738 656 695 513
9 738 715 688 656 514
9 715 713 654 688 515
9 713 720 690 654 516
9 720 751 679 690 517
9 751 735 648 679 518
9 735 849 846 648 519
9 188 657 649 189 520
9 657 689 698 649 521
9 689 691 696 698 522
9 691 659 666 696 523
9 659 673 664 666 524
9 673 692 700 664 525
9 692 658 702 700 526
9 658 662 665 702 527
9 662 682 683 665 528
9 682 650 668 683 529
9 650 693 703 668 530
9 693 694 674 703 531
9 694 847 848 674 532
9 189 649 262 190 533
9 649 698 263 262 534
9 698 696 264 263 535
9 696 666 265 264 536
9 666 664 266 265 537
9 664 700 268 266 538
9 700 702 267 268 539
9 702 665 249 267 540
9 665 683 294 249 541
9 683 668 295 294 542
9 668 703 296 295 543
9 703 674 297 296 544
9 674 848 807 297 545
9 190 262 327 191 546
9 262 263 328 327 547
9 263 264 329 328 548
9 264 265 330 329 549
9 265 266 331 330 550
9 266 268 332 331 551
9 268 267 432 332 552
9 267 249 458 432 553
9 249 294 420 458 554
9 294 295 433 420 555
9 295 296 422 433 556
9 296 297 436 422 557
9 297 807 824 436 558
9 193 311 230 194 559
9 311 312 231 230 560
9 312 313 232 231 561
9 313 314 233 232 562
9 314 315 235 233 563
9 315 316 234 235 564
9 316 317 236 234 565
9 317 318 237 236 566
9 318 769 238 237 567
9 769 772 239 238 568
9 772 764 240 239 569
9 764 773 241 240 570
9 773 821 817 241 571
9 191 327 774 192 572
9 327 328 766 774 573
9 328 329 776 766 574
9 329 330 779 776 575
9 330 331 767 779 576
9 331 332 775 767 577
9 332 432 770 775 578
9 432 458 777 770 579
9 458 420 778 777 580
9 420 433 771 778 581
9 433 422 763 771 582
9 422 436 780 763 583
9 436 824 822 780 584
9 192 774 311 193 585
9 774 766 312 311 586
9 766 776 313 312 587
9 776 779 314 313 588
9 779 767 315 314 589
9 767 775 316 315 590
9 775 770 317 316 591
9 770 777 318 317 592
9 777 778 769 318 593
9 778 771 772 769 594
9 771 763 764 772 595
9 763 780 773 764 596
9 780 822 821 773 597
9 194 230 357 195 598
9 230 231 358 357 599
9 231 232 359 358 600
9 232 233 360 359 601
9 233 235 361 360 602
9 235 234 362 361 603
9 234 236 363 362 604
9 236 237 365 363 605
9 237 238 364 365 606
9 238 239 368 364 607
9 239 240 366 368 608
9 240 241 367 366 609
9 241 817 813 367 610
9 195 357 430 196 611
9 357 358 431 430 612
9 358 359 416 431 613
9 359 360 460 416 614
9 360 361 419 460 615
9 361 362 418 419 616
9 362 363 448 418 617
9 363 365 459 448 618
9 365 364 413 459 619
9 364 368 434 413 620
9 368 366 428 434 621
9 366 367 427 428 622
9 367 813 825 427 623
9 878 1872 1873 1697 624
9 1532 2293 1996 2187 625
9 1836 1719 1003 1982 626
9 2178 2257 1796 1406 627
9 2155 1724 1639 1649 628
9 1900 1418 2284 1899 629
9 1410 1876 1877 2251 630
9 993 996 1734 2128 631
9 1204 2232 1597 2219 632
9 1746 911 2270 1741 633
9 2329 1771 1218 1692 634
9 2163 1788 2288 935 635
9 2380 976 979 2065 636
9 1795 1790 2365 1491 637
9 1253 1685 1687 1686 638
9 2054 1887 2242 1321 639
9 2002 869 2315 1986 640
9 1191 1192 2398 1805 641
9 2227 1992 2218 1974 642
9 1437 2177 2259 2248 643
9 1904 1906 2346 1425 644
9 1520 1912 2374 1573 645
9 1781 945 1763 1677 646
9 1729 2305 1636 1637 647
9 1651 942 2129 1791 648
9 2128 2037 2390 992 649
9 1935 940 2362 2141 650
9 9 941 1763 2209 651
9 1671 2317 1989 2361 652
9 2392 1671 2361 1208 653
9 2203 1313 2343 2387 654
9 1257 1759 1206 1212 655
9 862 1998 2268 1969 656
9 1882 1440 2211 1883 657
9 1846 1847 2240 1352 658
9 2422 1776 159 160 659
9 2135 1773 2356 1604 660
9 2309 2238 1626 1627 661
9 998 1647 1836 1982 662
9 1272 1574 2127 2248 663
9 1698 1682 2252 1700 664
9 2108 1765 2264 2119 665
9 1874 1358 2292 1873 666
9 1729 1637 1753 2287 667
9 1711 1710 2252 1683 668
9 1167 1174 2159 1695 669
9 2078 1475 2376 1897 670
9 2244 2039 2358 1349 671
9 2249 1993 2256 1964 672
9 1204 2206 1569 2232 673
9 1872 927 1874 1873 674
9 2109 1537 2323 1661 675
9 1266 1650 1242 1245 676
9 1764 857 2330 1662 677
9 1184 2225 1634 2202 678
9 1891 1452 2294 1889 679
9 1255 2180 2394 1778 680
9 1466 1271 1214 1771 681
9 1483 1919 2231 1482 682
9 2001 1693 2320 930 683
9 2065 979 2199 2063 684
9 2168 895 2281 1684 685
9 84 1843 2353 83 686
9 2332 1694 2373 994 687
9 1782 2048 1784 1559 688
9 1944 1942 2280 868 689
9 2311 975 2380 2061 690
9 1711 1683 2423 1712 691
9 1002 1708 1806 972 692
9 1804 1564 1563 2259 693
9 2088 2089 2377 2121 694
9 2130 1956 2383 937 695
9 2313 1811 2240 1847 696
9 1164 1744 1113 1115 697
9 1637 2297 1748 1753 698
9 1995 934 2254 1696 699
9 1750 921 2276 1751 700
9 1566 1662 2330 1767 701
9 1785 1525 1716 1715 702
9 908 18 19 1762 703
9 1214 1271 1374 1257 704
9 2244 2064 2063 2199 705
9 1353 1261 1241 1317 706
9 1682 1698 1223 1225 707
9 1793 1142 1301 1331 708
9 873 1718 1594 1595 709
9 1678 1301 1142 1140 710
9 1746 1768 2420 1581 711
9 1167 1695 1172 1165 712
9 955 2226 2333 1749 713
9 2253 1679 2363 1610 714
9 955 1749 1106 957 715
9 1638 2099 1491 1343 716
9 2168 1803 1802 895 717
9 1253 1150 1148 1685 718
9 2191 1646 2432 929 719
9 1623 1342 1649 1639 720
9 964 966 972 1806 721
9 1266 1267 1747 1342 722
9 1892 1894 2326 1456 723
9 1699 1220 1223 1698 724
9 1245 1247 1267 1266 725
9 1903 1421 2255 1901 726
9 897 1774 1775 2237 727
9 1762 19 20 1761 728
9 1254 1146 1793 2427 729
9 1655 900 1745 2321 730
9 1753 1748 1106 1749 731
9 1769 2003 938 2004 732
9 1146 1254 1685 1148 733
9 1257 1212 1213 1214 734
9 2221 2339 906 1758 735
9 907 1755 10 11 736
9 1634 1174 1169 2202 737
9 910 180 181 1773 738
9 1111 1113 1744 1479 739
9 1653 1260 1229 1231 740
9 1789 2407 1674 1617 741
9 906 167 168 1758 742
9 881 807 848 1711 743
9 1708 1709 2393 1806 744
9 1000 2120 996 997 745
9 1183 1184 2202 1171 746
9 1231 1233 1236 1653 747
9 873 808 829 1718 748
9 1685 1254 2279 1687 749
9 1809 1780 1810 887 750
9 1613 1614 1731 1347 751
9 1184 1185 2409 2225 752
9 1226 1229 1260 1681 753
9 2121 1178 2204 2088 754
9 1658 1614 1635 1636 755
9 1261 1236 1237 1241 756
9 154 857 1765 2195 757
9 2120 1000 2112 1825 758
9 22 1797 899 21 759
9 1999 864 2345 1962 760
9 900 174 175 1745 761
9 1650 1266 1342 1623 762
9 2077 1751 2276 885 763
9 1301 1678 2336 1613 764
9 1910 1487 2337 1909 765
9 2229 1657 2329 1692 766
9 2261 1345 2369 1845 767
9 902 1772 181 182 768
9 2309 1627 1629 2312 769
9 900 1655 2110 2220 770
9 1203 1208 2361 1201 771
9 1617 1374 1465 1789 772
9 1776 1774 158 159 773
9 1731 2424 1348 1347 774
9 1783 1742 1741 1739 775
9 1165 1172 1648 1164 776
9 1692 1218 1219 1220 777
9 1862 928 2310 1787 778
9 1779 173 174 900 779
9 1761 20 21 899 780
9 1260 1653 2363 1679 781
9 60 61 877 1875 782
9 1256 2183 2421 2179 783
9 1164 1648 2304 1744 784
9 1633 2081 2267 1631 785
9 1414 2251 1877 2165 786
9 1448 2303 1879 1888 787
9 887 89 90 1809 788
9 1342 1747 2349 1649 789
9 1358 1874 1876 2233 790
9 1755 941 9 10 791
9 1218 1771 1214 1215 792
9 2243 1644 1645 1727 793
9 2129 942 168 169 794
9 173 1779 946 172 795
9 1774 897 157 158 796
9 1672 1743 1673 1670 797
9 1331 1301 1613 1347 798
9 2252 1682 2388 1683 799
9 1714 1789 1465 2382 800
9 1763 941 1755 1792 801
9 1116 1007 983 2137 802
9 2246 1722 2352 1674 803
9 1196 1199 2361 1989 804
9 1808 1762 2318 2210 805
9 1941 933 2280 1942 806
9 1792 1755 907 2157 807
9 981 1816 1590 2147 808
9 1374 1271 1466 1465 809
9 2199 984 2324 2244 810
9 1164 1115 1152 1153 811
9 1786 1787 2310 863 812
9 1206 1211 1213 1212 813
9 1689 1688 2208 2172 814
9 181 1772 2356 1773 815
9 11 12 1795 907 816
9 1267 1346 2344 1747 817
9 2352 2290 1666 1664 818
9 177 909 1756 176 819
9 1691 1689 2172 2051 820
9 1790 1795 12 13 821
9 1140 1134 1133 1678 822
9 2275 1723 2021 1609 823
9 1638 2157 907 2099 824
9 1174 1167 1168 1169 825
9 1255 2174 2040 2180 826
9 1700 2252 1710 893 827
9 1777 1775 1774 1776 828
9 1876 1874 927 1875 829
9 1002 1111 1479 1708 830
9 1353 1608 2275 1609 831
9 1131 1748 2297 1250 832
9 2306 1712 2253 1610 833
9 1242 1650 1317 1241 834
9 909 177 178 1782 835
9 2291 2410 1815 2133 836
9 1770 1486 1485 1365 837
9 1233 1235 1237 1236 838
9 2004 2293 1532 1464 839
9 1525 1785 854 949 840
9 1617 1616 1257 1374 841
9 1695 2314 2419 1172 842
9 1825 2112 1826 1824 843
9 1190 1191 2298 1189 844
9 1382 1807 2120 1825 845
9 913 1790 13 14 846
9 996 2120 1807 1734 847
9 1768 1746 1741 1742 848
9 1562 2153 912 2080 849
9 1777 2189 1778 1775 850
9 14 15 1804 913 851
9 1347 1348 1643 1331 852
9 1784 2048 910 2411 853
9 858 1799 1801 1800 854
9 2080 912 2116 1839 855
9 947 814 845 1728 856
9 1365 2285 1648 1770 857
9 1225 1681 2388 1682 858
9 858 24 25 1799 859
9 1236 1261 2363 1653 860
9 1745 175 176 1756 861
9 1146 1143 1142 1793 862
9 2246 831 833 1722 863
9 1387 1283 1284 1840 864
9 2132 838 819 1714 865
9 163 164 2270 911 866
9 858 1754 1620 2300 867
9 1286 2114 1840 1284 868
9 2136 840 839 1726 869
9 2155 813 817 1724 870
9 904 809 828 1721 871
9 1641 1571 1821 1819 872
9 182 183 1781 902 873
9 1816 1814 1319 1590 874
9 1296 1615 2088 1561 875
9 1253 1177 1176 1150 876
9 1387 1840 1810 1780 877
9 1802 26 27 895 878
9 1310 1814 1816 1815 879
9 26 1802 1799 25 880
9 1140 1142 1143 1141 881
9 1215 1217 1219 1218 882
9 1002 1108 1112 1111 883
9 945 1781 183 184 884
9 1706 1704 2118 1707 885
9 1756 1500 2321 1745 886
9 1495 1836 1647 1493 887
9 1024 1831 1020 1021 888
9 1640 1804 15 16 889
9 2103 1828 1375 1827 890
9 1097 2046 1822 1837 891
9 897 1767 156 157 892
9 1164 1153 1166 1165 893
9 1831 1024 1833 1817 894
9 1672 1670 1669 1668 895
9 2017 1821 1572 1822 896
9 921 1750 2146 1752 897
9 1775 1778 2394 2237 898
9 153 916 1812 152 899
9 2035 2228 2403 1615 900
9 180 910 2048 179 901
9 1159 1318 1567 2040 902
9 1708 1479 2100 1709 903
9 1095 1938 1870 1871 904
9 1336 1366 1694 1591 905
9 1761 899 2257 2178 906
9 1782 178 179 2048 907
9 1759 1203 1205 1206 908
9 1486 1770 2419 1624 909
9 1111 1112 1114 1113 910
9 1748 1131 1130 1106 911
9 2036 1926 2045 1035 912
9 1636 1730 2266 1658 913
9 1852 1540 1851 1834 914
9 871 1812 1813 1818 915
9 847 1710 1711 848 916
9 2017 1822 2046 1121 917
9 1129 1265 1375 1829 918
9 2286 859 2372 1951 919
9 1825 1824 1380 1382 920
9 2190 1719 1498 1660 921
9 1527 2213 894 1857 922
9 2051 1737 2344 1691 923
9 1223 1220 1219 1221 924
9 1024 1025 1028 1833 925
9 1380 1824 1826 1379 926
9 2390 2037 1370 2038 927
9 1623 2327 1317 1650 928
9 1727 2208 1688 2243 929
9 1376 1378 1380 1379 930
9 1648 2285 1306 2304 931
9 1926 2026 1853 2045 932
9 818 1717 1718 829 933
9 1541 1544 1817 1851 934
9 1853 1852 1834 2050 935
9 2103 1826 2112 1005 936
9 1430 1870 1938 2076 937
9 1686 1687 2243 1688 938
9 1375 1376 1379 1827 939
9 2050 1032 2045 1853 940
9 1376 1375 1265 1357 941
9 1895 1894 1893 880 942
9 1910 1909 1908 923 943
9 1989 1195 1194 1196 944
9 50 51 926 1896 945
9 1907 1906 1905 875 946
9 1860 2022 1392 1861 947
9 1883 1885 922 1884 948
9 72 73 874 1911 949
9 48 49 880 1893 950
9 1327 2062 2065 2063 951
9 1382 1380 1381 1605 952
9 70 71 923 1908 953
9 1577 1576 2098 2093 954
9 1423 1949 2024 2069 955
9 1370 2037 1481 1371 956
9 1432 1838 1295 1849 957
9 1495 1498 1719 1836 958
9 1880 1882 883 1881 959
9 871 151 152 1812 960
9 1854 1841 944 1842 961
9 1922 2090 1837 2074 962
9 1896 926 2078 1897 963
9 1856 1857 77 78 964
9 1929 1928 1867 2042 965
9 1875 877 1877 1876 966
9 1892 1891 1890 919 967
9 68 69 875 1905 968
9 1036 1039 1927 2036 969
9 1760 1492 1493 1647 970
9 2028 1850 1209 1124 971
9 1927 1039 1040 2041 972
9 1902 918 1904 1903 973
9 1867 1866 1865 2034 974
9 1927 2041 1929 2044 975
9 1416 1968 2019 2055 976
9 1484 2031 2006 1585 977
9 1888 1879 924 1878 978
9 1247 1245 1244 1246 979
9 78 79 914 1856 980
9 919 1890 46 47 981
9 1861 1055 1056 1860 982
9 2042 1403 2044 1929 983
9 1878 882 1889 1888 984
9 1577 1544 1543 1576 985
9 918 1902 66 67 986
9 1817 1833 1834 1851 987
9 1841 914 79 80 988
9 1412 1972 2018 2043 989
9 2032 1865 1051 1864 990
9 1869 2082 1871 1868 991
9 1581 2328 911 1746 992
9 1971 1973 1947 1077 993
9 920 1917 54 55 994
9 1867 1047 1048 1866 995
9 944 1841 80 81 996
9 2153 1562 1780 1809 997
9 1831 1817 1544 1577 998
9 1967 1085 1940 1980 999
9 1857 894 76 77 1000
9 1522 1868 1489 1490 1001
9 1851 1540 1539 1541 1002
9 1386 1155 1156 1283 1003
9 1283 1387 1432 1386 1004
9 1900 1899 917 1898 1005
9 1977 2047 1973 1971 1006
9 923 1911 1912 1910 1007
9 2009 1863 1069 1936 1008
9 1870 1431 1488 1489 1009
9 1852 1530 1529 1531 1010
9 1914 879 1916 1915 1011
9 1954 1849 1258 1127 1012
9 1275 1157 1120 1251 1013
9 1898 876 1901 1900 1014
9 1852 1531 1539 1540 1015
9 1929 1043 1044 1928 1016
9 1363 1295 1838 1471 1017
9 1787 1786 1360 1504 1018
9 880 1896 1897 1895 1019
9 1870 1489 1868 1871 1020
9 2052 1829 1375 1828 1021
9 2073 1426 1427 1934 1022
9 1954 1127 1107 1109 1023
9 1077 1947 1073 1074 1024
9 1432 1387 1780 1562 1025
9 1295 1294 1258 1849 1026
9 1984 1447 1449 1450 1027
9 1052 1055 1861 1864 1028
9 875 1908 1909 1907 1029
9 1044 1047 1867 1928 1030
9 2029 1408 1409 1970 1031
9 2066 1419 1420 1966 1032
9 1085 1967 1081 1082 1033
9 1858 1859 1860 1059 1034
9 1081 1971 1077 1078 1035
9 1048 1051 1865 1866 1036
9 1544 1541 1542 1543 1037
9 1089 1090 1093 1921 1038
9 1979 1459 1461 1462 1039
9 1059 1060 1063 1858 1040
9 1932 1551 1553 1554 1041
9 1934 1427 1429 1430 1042
9 1950 1547 1549 1550 1043
9 1976 1463 1476 1477 1044
9 1981 1455 1457 1458 1045
9 1922 2072 1939 1921 1046
9 1935 97 98 940 1047
9 1940 1086 1088 1089 1048
9 2034 1399 2042 1867 1049
9 1945 1539 1531 1538 1050
9 1963 1390 1389 1384 1051
9 1988 1953 1952 1474 1052
9 1841 1854 1855 914 1053
9 1972 1413 1415 1416 1054
9 1970 1409 1411 1412 1055
9 1955 1401 1400 1398 1056
9 1965 1513 1515 1533 1057
9 1958 1467 1404 1402 1058
9 1959 1397 1396 1395 1059
9 1937 1070 1072 1073 1060
9 1870 1430 1429 1431 1061
9 1433 1434 1438 2013 1062
9 1893 919 47 48 1063
9 1918 920 55 56 1064
9 1872 878 57 58 1065
9 1905 918 67 68 1066
9 1886 884 37 38 1067
9 1898 917 63 64 1068
9 1878 924 43 44 1069
9 1911 923 71 72 1070
9 1766 29 30 2262 1071
9 1920 885 33 34 1072
9 1881 883 41 42 1073
9 1913 925 35 36 1074
9 1884 922 39 40 1075
9 1914 926 51 52 1076
9 1875 927 59 60 1077
9 1908 875 69 70 1078
9 1896 880 49 50 1079
9 1359 1408 1948 1282 1080
9 1097 1094 1095 1096 1081
9 1930 1554 1553 1555 1082
9 65 66 1902 876 1083
9 1101 1098 1099 1100 1084
9 1355 1484 1583 1483 1085
9 1065 1117 1858 1063 1086
9 1621 1988 1258 1294 1087
9 1641 1558 1557 1571 1088
9 1107 1105 1118 1109 1089
9 1386 1954 1109 1155 1090
9 1980 2058 1977 1967 1091
9 1906 1904 918 1905 1092
9 1518 1517 1528 1519 1093
9 1093 1090 1091 1092 1094
9 1393 1391 1961 1394 1095
9 1860 1056 1058 1059 1096
9 1109 1118 1156 1155 1097
9 1958 1402 1400 1401 1098
9 1069 1863 1065 1066 1099
9 1932 1550 1549 1551 1100
9 1961 1391 1389 1390 1101
9 1955 1398 1396 1397 1102
9 882 1878 44 45 1103
9 879 1914 52 53 1104
9 927 1872 58 59 1105
9 884 1913 36 37 1106
9 925 1920 34 35 1107
9 878 1918 56 57 1108
9 876 1898 64 65 1109
9 1894 1892 919 1893 1110
9 1959 1395 1393 1394 1111
9 1505 1862 1787 1504 1112
9 1949 1423 1422 1424 1113
9 1102 1104 1121 1101 1114
9 1470 1468 1975 1516 1115
9 1117 1065 1863 1120 1116
9 1852 1853 2026 1530 1117
9 1950 1546 1536 1547 1118
9 1557 1558 1930 1555 1119
9 901 1923 98 99 1120
9 1968 1416 1415 1417 1121
9 1940 1085 1084 1086 1122
9 1965 1512 1511 1513 1123
9 2098 1576 1942 1944 1124
9 1972 1412 1411 1413 1125
9 1078 1080 1082 1081 1126
9 1074 1076 1078 1077 1127
9 1516 1517 1518 1470 1128
9 53 54 1917 879 1129
9 1854 1842 1844 1845 1130
9 1066 1068 1070 1069 1131
9 1063 1064 1066 1065 1132
9 1404 1467 1975 1468 1133
9 1859 1858 1117 2007 1134
9 45 46 1890 882 1135
9 1596 1477 1476 1478 1136
9 1967 1977 1971 1081 1137
9 1104 1102 1933 1105 1138
9 1275 1276 2007 1157 1139
9 1976 1462 1461 1463 1140
9 1060 1062 1064 1063 1141
9 1274 1474 1951 1472 1142
9 1123 1151 1280 2030 1143
9 1127 1258 1274 1158 1144
9 1954 1386 1432 1849 1145
9 1468 1470 1925 1469 1146
9 1979 1458 1457 1459 1147
9 1346 1267 1247 1344 1148
9 1070 1937 1936 1069 1149
9 1859 2007 1276 1388 1150
9 1864 1051 1050 1052 1151
9 1945 1542 1541 1539 1152
9 1981 1454 1453 1455 1153
9 1903 1901 876 1902 1154
9 1519 1528 1978 1529 1155
9 1937 1073 1947 1946 1156
9 1821 1571 1557 1572 1157
9 1921 1939 1940 1089 1158
9 1360 1251 2009 1504 1159
9 1531 1529 1978 1538 1160
9 1101 1100 1103 1102 1161
9 1983 1450 1449 1451 1162
9 1474 1274 1258 1988 1163
9 42 43 924 1881 1164
9 1295 1363 1621 1294 1165
9 1864 1861 1392 2032 1166
9 1546 1534 1535 1536 1167
9 1094 1092 1938 1095 1168
9 1926 1925 1470 1518 1169
9 1512 1509 1510 1511 1170
9 1508 1505 1506 1507 1171
9 1924 1355 1354 1252 1172
9 1423 1420 1421 1422 1173
9 1882 1883 1884 883 1174
9 1085 1082 1083 1084 1175
9 1557 1555 1553 1556 1176
9 1154 1948 2010 1119 1177
9 1984 1446 1445 1447 1178
9 1120 1157 2007 1117 1179
9 1089 1088 1091 1090 1180
9 1887 1886 922 1885 1181
9 1622 1473 1407 1472 1182
9 1860 1859 1388 2022 1183
9 1891 1889 882 1890 1184
9 1383 1384 1388 1276 1185
9 1879 1880 1881 924 1186
9 40 41 883 1884 1187
9 1948 1154 1281 1282 1188
9 1529 1530 2026 1519 1189
9 1290 1575 1578 1316 1190
9 1472 1407 1158 1274 1191
9 1863 2009 1251 1120 1192
9 1489 1488 1520 1490 1193
9 1622 1819 1821 1473 1194
9 1946 2025 1936 1937 1195
9 1055 1052 1053 1054 1196
9 1943 1941 1543 1542 1197
9 1553 1551 1549 1552 1198
9 2009 1506 1505 1504 1199
9 1508 1507 1510 1509 1200
9 1515 1513 1511 1514 1201
9 1549 1547 1536 1548 1202
9 1533 1515 1535 1534 1203
9 1919 1483 1583 1584 1204
9 1355 1924 2031 1484 1205
9 1073 1072 1075 1074 1206
9 1072 1070 1068 1071 1207
9 1051 1048 1049 1050 1208
9 1068 1066 1064 1067 1209
9 1408 1359 1410 1409 1210
9 1105 1107 2008 1104 1211
9 1252 1122 2012 1924 1212
9 1973 2033 1946 1947 1213
9 1483 1482 1354 1355 1214
9 1059 1058 1061 1060 1215
9 1490 1520 1573 1521 1216
9 38 39 922 1886 1217
9 1047 1044 1045 1046 1218
9 2011 1438 1436 1439 1219
9 1939 2068 1980 1940 1220
9 1055 1054 1057 1056 1221
9 2036 1035 1034 1036 1222
9 1060 1061 1119 1062 1223
9 1104 2008 2017 1121 1224
9 1056 1057 2012 1058 1225
9 1811 88 89 887 1226
9 1047 1046 1049 1048 1227
9 1127 1158 2008 1107 1228
9 1287 2015 1575 1290 1229
9 114 1991 932 113 1230
9 117 928 1998 116 1231
9 140 1995 868 139 1232
9 144 1997 869 143 1233
9 123 864 1999 122 1234
9 131 866 1994 130 1235
9 133 939 1992 132 1236
9 141 934 1995 140 1237
9 143 869 2002 142 1238
9 145 930 1997 144 1239
9 147 870 2001 146 1240
9 116 1998 862 115 1241
9 130 1994 931 129 1242
9 134 2000 939 133 1243
9 150 1996 938 149 1244
9 113 932 1993 112 1245
9 115 862 1991 114 1246
9 149 938 2003 148 1247
9 122 1999 935 121 1248
9 132 1992 866 131 1249
9 142 2002 934 141 1250
9 146 2001 930 145 1251
9 111 861 2005 110 1252
9 135 867 2000 134 1253
9 112 1993 861 111 1254
9 110 2005 936 109 1255
9 148 2003 870 147 1256
9 151 871 1996 150 1257
9 1043 1040 1041 1042 1258
9 1454 1451 1452 1453 1259
9 129 931 2014 128 1260
9 128 2014 865 127 1261
9 1067 2016 1071 1068 1262
9 2009 1936 2025 1506 1263
9 1384 1389 2022 1388 1264
9 1086 1087 2020 1088 1265
9 1061 1122 1154 1119 1266
9 1283 1156 1285 1284 1267
9 1043 1042 1045 1044 1268
9 1122 1252 1281 1154 1269
9 1039 1036 1037 1038 1270
9 1352 1286 1287 1288 1271
9 1064 1062 1119 2010 1272
9 1543 1941 1942 1576 1273
9 1688 1689 1690 1686 1274
9 1078 1076 2019 1079 1275
9 1075 1072 1071 2018 1276
9 1821 2017 1407 1473 1277
9 1039 1038 1041 1040 1278
9 1082 1080 2023 1083 1279
9 1086 1084 2024 1087 1280
9 1074 1075 2019 1076 1281
9 1058 2012 1122 1061 1282
9 1078 1079 2023 1080 1283
9 1158 1407 2017 2008 1284
9 1417 1419 2066 1968 1285
9 1284 1285 1287 1286 1286
9 1446 1443 1444 1445 1287
9 1391 1393 2032 1392 1288
9 1391 1392 2022 1389 1289
9 1420 1423 2069 1966 1290
9 1424 1426 2073 1949 1291
9 1028 1027 1030 1029 1292
9 1032 1029 1030 1031 1293
9 1290 1289 1288 1287 1294
9 1290 1316 1526 1315 1295
9 1926 1518 1519 2026 1296
9 1105 1933 2027 1118 1297
9 2025 1946 2033 1510 1298
9 1865 1395 1396 2034 1299
9 1506 2025 1510 1507 1300
9 1021 1023 1025 1024 1301
9 1028 1025 1026 1027 1302
9 1096 1098 2046 1097 1303
9 1442 1439 1440 1441 1304
9 1398 1400 2042 1399 1305
9 1402 1404 2044 1403 1306
9 1287 1285 2027 2015 1307
9 1442 1441 1444 1443 1308
9 1118 2027 1285 1156 1309
9 1064 2010 2029 1067 1310
9 1925 1927 2044 1469 1311
9 1250 1133 1132 1131 1312
9 1438 1434 1435 1436 1313
9 1408 2029 2010 1948 1314
9 1031 1033 2045 1032 1315
9 1642 2429 161 162 1316
9 1833 1028 2050 1834 1317
9 1865 2032 1393 1395 1318
9 1970 2016 1067 2029 1319
9 1829 1125 1126 1129 1320
9 1017 1019 1021 1020 1321
9 1322 1433 2030 1280 1322
9 2033 1973 2047 1514 1323
9 1054 2006 2031 1057 1324
9 1831 1577 2093 1832 1325
9 1057 2031 1924 2012 1326
9 1023 1021 1019 1022 1327
9 1492 1830 1366 1367 1328
9 1265 1129 1175 1264 1329
9 1265 1356 1985 1357 1330
9 1927 1925 1926 2036 1331
9 1495 1497 1659 1498 1332
9 1398 1399 2034 1396 1333
9 1696 1323 1324 1560 1334
9 1510 2033 1514 1511 1335
9 1433 1322 1435 1434 1336
9 1412 2043 2016 1970 1337
9 1040 1043 1929 2041 1338
9 2047 1977 2058 1535 1339
9 1402 1403 2042 1400 1340
9 1376 1357 1985 1377 1341
9 1468 1469 2044 1404 1342
9 1933 2049 2015 2027 1343
9 2182 889 2417 1743 1344
9 2103 1827 1379 1826 1345
9 1034 1035 2045 1033 1346
9 1018 1017 1016 1015 1347
9 1102 1103 2049 1933 1348
9 1416 2055 2018 1972 1349
9 2016 2043 2018 1071 1350
9 2079 1333 1335 1336 1351
9 1121 2046 1098 1101 1352
9 2058 1980 2068 1548 1353
9 1514 2047 1535 1515 1354
9 1481 1734 1807 1568 1355
9 2072 1922 2074 1556 1356
9 1028 1029 1032 2050 1357
9 1471 1838 2080 1839 1358
9 1079 2019 1968 2066 1359
9 1265 1264 2053 1356 1360
9 1341 1340 1279 1209 1361
9 2068 1939 2072 1552 1362
9 1125 1014 1015 1016 1363
9 2056 1575 2015 2049 1364
9 1831 1832 2070 1020 1365
9 1627 1626 1625 1628 1366
9 1151 1279 1321 1280 1367
9 1083 2023 1966 2069 1368
9 2018 2055 2019 1075 1369
9 1087 2024 1949 2073 1370
9 1124 1209 1279 1151 1371
9 73 74 2057 874 1372
9 2082 1869 2084 1099 1373
9 1012 1124 1151 1123 1374
9 1175 1323 2053 1264 1375
9 1535 2058 1548 1536 1376
9 1829 2052 1014 1125 1377
9 1088 2020 2076 1091 1378
9 1125 1016 2070 1126 1379
9 1096 1095 1871 2082 1380
9 1013 1011 1009 1012 1381
9 1921 1093 2090 1922 1382
9 1573 1579 2087 1521 1383
9 1837 2090 1094 1097 1384
9 1430 2076 2020 1934 1385
9 1615 1296 970 2035 1386
9 1828 1010 1011 2052 1387
9 1006 1009 1011 1010 1388
9 1966 2023 1079 2066 1389
9 1113 1114 1152 1115 1390
9 1848 1308 1309 1310 1391
9 1124 1012 1009 2028 1392
9 1548 2068 1552 1549 1393
9 1014 1013 2067 1015 1394
9 1380 1378 2071 1381 1395
9 1012 1123 2067 1013 1396
9 1013 1014 2052 1011 1397
9 1340 2054 1321 1279 1398
9 1084 1083 2069 2024 1399
9 1020 2070 1016 1017 1400
9 1414 2165 1899 2284 1401
9 1822 1572 2074 1837 1402
9 1552 2072 1556 1553 1403
9 1159 2040 2174 1110 1404
9 1522 2087 1578 2106 1405
9 1537 1592 2054 1340 1406
9 2028 1009 1006 1008 1407
9 1367 1369 1493 1492 1408
9 1934 2020 1087 2073 1409
9 1323 1175 2086 1324 1410
9 1336 1337 1367 1366 1411
9 1376 1377 2071 1378 1412
9 1556 2074 1572 1557 1413
9 1562 2080 1838 1432 1414
9 2156 1596 1478 2160 1415
9 125 937 2101 124 1416
9 1983 2126 1037 2134 1417
9 1015 2067 2091 1018 1418
9 1812 916 2108 1813 1419
9 2105 1022 1019 2095 1420
9 1092 1091 2076 1938 1421
9 1915 2078 926 1914 1422
9 1617 1664 1665 1663 1423
9 2060 1297 1160 2059 1424
9 1143 1146 1147 1145 1425
9 2049 1103 2084 2056 1426
9 2146 1750 1496 1494 1427
9 1123 2030 2091 2067 1428
9 1026 2107 2011 2111 1429
9 1098 1096 2082 1099 1430
9 1493 1494 1496 1495 1431
9 1642 162 163 1580 1432
9 1126 2070 1832 2086 1433
9 1640 16 17 2397 1434
9 2115 1443 1446 2117 1435
9 1099 2084 1103 1100 1436
9 1714 888 2407 1789 1437
9 88 1811 2313 87 1438
9 1579 1573 2374 1588 1439
9 2062 1327 1300 1298 1440
9 1025 1023 2107 1026 1441
9 1868 1522 2106 1869 1442
9 1703 1633 1701 1702 1443
9 1290 1315 2085 1289 1444
9 1490 1521 2087 1522 1445
9 1005 1001 1003 1004 1446
9 2140 2116 93 943 1447
9 1225 1223 1221 1224 1448
9 1092 1094 2090 1093 1449
9 1344 1247 1246 1794 1450
9 2125 1984 1450 2122 1451
9 1129 1126 2086 1175 1452
9 2092 2094 2087 1579 1453
9 1982 999 997 998 1454
9 1495 1496 2077 1497 1455
9 1316 1578 2087 2094 1456
9 1982 1003 1001 999 1457
9 1165 1166 1168 1167 1458
9 1451 1454 2126 1983 1459
9 1828 2103 1006 1010 1460
9 1803 1801 1799 1802 1461
9 1846 1844 2295 915 1462
9 1324 2086 1832 2093 1463
9 2117 1030 1027 2115 1464
9 2092 1526 1316 2094 1465
9 997 999 1001 1000 1466
9 1481 1373 1372 1371 1467
9 2013 2091 2030 1433 1468
9 2056 2084 1869 2106 1469
9 1740 165 166 2396 1470
9 1017 1018 2095 1019 1471
9 902 1781 1677 2193 1472
9 1668 2207 2123 1672 1473
9 2144 1981 1458 2131 1474
9 993 995 997 996 1475
9 1428 2346 1906 1907 1476
9 1750 1751 2077 1496 1477
9 1783 1739 1738 1619 1478
9 864 123 124 2101 1479
9 1479 1744 2304 2100 1480
9 127 865 2130 126 1481
9 2093 2098 1560 1324 1482
9 2148 1979 1462 2138 1483
9 2116 2140 1471 1839 1484
9 1987 2315 869 1997 1485
9 1053 2154 1596 2156 1486
9 1328 1327 2063 2064 1487
9 1916 1523 2334 1915 1488
9 2150 1976 1477 2145 1489
9 1503 1319 1312 1320 1490
9 1178 2121 1136 1139 1491
9 2095 2013 1438 2105 1492
9 1532 1372 1373 1464 1493
9 1004 1006 2103 1005 1494
9 1756 1589 1307 1500 1495
9 1438 2011 2107 2105 1496
9 1370 1371 1372 1351 1497
9 1369 1367 1337 1368 1498
9 1382 1605 1606 2113 1499
9 2128 992 991 993 1500
9 1196 1198 1200 1199 1501
9 2013 2095 1018 2091 1502
9 1575 2056 2106 1578 1503
9 1276 1275 2151 1383 1504
9 1788 2151 1360 1786 1505
9 2192 1302 1361 1757 1506
9 1721 2081 2434 904 1507
9 1809 90 91 2153 1508
9 1439 1442 2111 2011 1509
9 1442 1443 2115 2111 1510
9 1146 1148 1149 1147 1511
9 912 92 93 2116 1512
9 1765 2108 916 2195 1513
9 1382 2113 1568 1807 1514
9 1383 2151 1788 2163 1515
9 1005 2112 1000 1001 1516
9 1336 1335 2097 1337 1517
9 1116 2137 2061 2059 1518
9 1054 1053 2156 2006 1519
9 1211 1210 1307 2173 1520
9 2079 1320 1332 1333 1521
9 1023 1022 2105 2107 1522
9 1272 2248 2259 1563 1523
9 1031 1030 2117 2125 1524
9 989 987 2075 990 1525
9 1664 1666 1667 1665 1526
9 1848 1270 1269 1308 1527
9 2003 1769 2277 870 1528
9 1351 1372 1532 2083 1529
9 98 1923 2362 940 1530
9 987 985 982 986 1531
9 2165 1877 877 2170 1532
9 1335 1333 1332 1334 1533
9 61 62 2170 877 1534
9 109 936 2167 108 1535
9 2271 2413 1709 2100 1536
9 1160 1297 1298 1278 1537
9 1681 1225 1224 1226 1538
9 901 2274 1952 1953 1539
9 2270 1740 1739 1741 1540
9 2370 1346 1344 1654 1541
9 2122 1033 1031 2125 1542
9 1034 1033 2122 2134 1543
9 105 929 2171 104 1544
9 981 2133 1815 1816 1545
9 1027 1026 2111 2115 1546
9 1728 2139 948 947 1547
9 2037 2128 1734 1481 1548
9 1319 1814 1311 1312 1549
9 1298 1297 2060 2062 1550
9 29 1766 2281 28 1551
9 74 75 2181 2057 1552
9 168 942 2222 1758 1553
9 937 125 126 2130 1554
9 2133 981 980 978 1555
9 2186 1501 1638 2096 1556
9 1140 1137 1135 1134 1557
9 1493 1369 2146 1494 1558
9 1038 1037 2126 2144 1559
9 1349 1330 1329 1328 1560
9 1334 1593 2097 1335 1561
9 1460 1895 1897 2376 1562
9 154 155 2330 857 1563
9 1036 1034 2134 1037 1564
9 1591 1694 2332 990 1565
9 1700 893 1713 2325 1566
9 1627 1628 1630 1629 1567
9 1363 1471 2140 1990 1568
9 984 980 981 982 1569
9 1042 1041 2131 2148 1570
9 966 968 983 972 1571
9 1310 1309 1311 1814 1572
9 1296 1561 1675 1362 1573
9 1850 2235 1660 2302 1574
9 879 1917 2188 1916 1575
9 2131 1041 1038 2144 1576
9 1327 1328 1329 1300 1577
9 1046 1045 2138 2150 1578
9 1446 1984 2125 2117 1579
9 1589 1756 909 2368 1580
9 1148 1150 1176 1149 1581
9 107 860 2191 106 1582
9 1941 1943 2273 933 1583
9 2138 1045 1042 2148 1584
9 1707 2417 889 2201 1585
9 1491 2099 907 1795 1586
9 1050 1049 2145 2154 1587
9 1640 2397 908 2185 1588
9 1450 1983 2134 2122 1589
9 1719 2190 1004 1003 1590
9 974 977 978 976 1591
9 2145 1049 1046 2150 1592
9 976 978 980 979 1593
9 1251 1360 2151 1275 1594
9 2140 943 2176 2141 1595
9 1844 1846 2261 1845 1596
9 92 912 2153 91 1597
9 2186 1239 1292 1501 1598
9 1666 1668 1669 1667 1599
9 1260 1679 2253 1680 1600
9 1567 1318 1499 1566 1601
9 1052 1050 2154 1053 1602
9 1636 1635 2297 1637 1603
9 1532 2187 2379 2083 1604
9 1481 1568 2152 1373 1605
9 1747 2344 1737 2349 1606
9 1454 1981 2144 2126 1607
9 2380 975 974 976 1608
9 2160 1585 2006 2156 1609
9 1183 1171 1170 1182 1610
9 1300 1299 1278 1298 1611
9 1201 1202 1205 1203 1612
9 1439 1436 2211 1440 1613
9 986 982 981 2147 1614
9 2014 1957 2348 865 1615
9 1484 1585 2160 1583 1616
9 1458 1979 2148 2131 1617
9 2059 2061 2380 2060 1618
9 1629 1630 1632 1631 1619
9 2198 1222 1339 1524 1620
9 1478 1584 1583 2160 1621
9 1593 1334 2168 1684 1622
9 1195 1192 1193 1194 1623
9 1568 2113 1606 2152 1624
9 1763 1792 2296 1599 1625
9 1184 1183 1186 1185 1626
9 1336 1591 2265 2079 1627
9 1474 1952 2286 1951 1628
9 1245 1242 1243 1244 1629
9 957 1106 1130 960 1630
9 1226 1228 1230 1229 1631
9 1798 2418 953 1128 1632
9 2204 1178 1163 1179 1633
9 1282 1358 2233 1359 1634
9 1509 1512 2224 1969 1635
9 1462 1976 2150 2138 1636
9 1384 1383 2163 1963 1637
9 1764 1662 1566 1499 1638
9 1846 915 2313 1847 1639
9 1286 1352 2240 2114 1640
9 2059 1160 1159 1116 1641
9 2396 906 2339 1738 1642
9 1638 1343 2316 2096 1643
9 1626 1595 1624 1625 1644
9 972 983 1007 1002 1645
9 1257 1616 2350 1759 1646
9 1785 834 851 854 1647
9 1318 1159 1160 1277 1648
9 1477 1596 2154 2145 1649
9 2170 917 1899 2165 1650
9 1293 1240 2234 1586 1651
9 1611 1385 1268 1326 1652
9 2399 1975 1467 2166 1653
9 1797 22 23 2300 1654
9 913 2177 2365 1790 1655
9 860 107 108 2167 1656
9 920 1918 2231 1919 1657
9 93 94 2176 943 1658
9 1170 1171 2202 1169 1659
9 969 967 2035 970 1660
9 1269 1181 1180 1268 1661
9 1996 2293 2004 938 1662
9 917 2170 62 63 1663
9 1786 863 2288 1788 1664
9 859 103 104 2171 1665
9 1732 850 835 896 1666
9 858 1800 2322 1754 1667
9 1229 1230 1232 1231 1668
9 1211 1206 1205 1210 1669
9 1268 1180 2143 1326 1670
9 1153 2183 1256 1166 1671
9 1002 1007 1110 1108 1672
9 2021 824 807 881 1673
9 1331 1643 2427 1793 1674
9 2157 1502 2296 1792 1675
9 1736 853 825 898 1676
9 1987 1997 930 2320 1677
9 937 2383 1960 2101 1678
9 1882 2247 1441 1440 1679
9 969 968 966 967 1680
9 2182 816 830 889 1681
9 1631 1632 1701 1633 1682
9 1409 1410 2251 1411 1683
9 1420 1419 2255 1421 1684
9 1633 1703 2434 2081 1685
9 2428 2247 1882 1880 1686
9 1733 806 808 873 1687
9 1728 1729 2287 2139 1688
9 1296 973 971 970 1689
9 2077 885 1920 2263 1690
9 1846 1352 1288 2261 1691
9 854 851 814 947 1692
9 1007 1116 1159 1110 1693
9 1692 1220 1699 2229 1694
9 929 2432 1820 2171 1695
9 893 846 849 1713 1696
9 1754 1385 1611 1620 1697
9 1703 1702 1705 1704 1698
9 1464 2331 1769 2004 1699
9 2387 1565 1161 2203 1700
9 1134 2230 1132 1133 1701
9 987 986 2197 2075 1702
9 1715 820 834 1785 1703
9 1713 849 850 1732 1704
9 1509 1969 2268 1508 1705
9 953 959 1173 1128 1706
9 2051 2172 1725 905 1707
9 1737 2051 905 1736 1708
9 1323 1696 2254 2053 1709
9 856 827 820 1715 1710
9 1366 1830 2373 1694 1711
9 1248 1249 1794 1246 1712
9 2039 2038 1370 2358 1713
9 1777 2179 2421 2189 1714
9 894 2181 75 76 1715
9 896 835 838 2132 1716
9 971 973 2149 974 1717
9 1883 2211 2401 1885 1718
9 890 815 843 1720 1719
9 2333 1259 2139 2287 1720
9 1448 1888 1889 2294 1721
9 31 32 2276 921 1722
9 2232 2110 1655 1597 1723
9 2239 2168 1334 1332 1724
9 1231 1232 1234 1233 1725
9 1952 2274 100 101 1726
9 1214 1213 1216 1215 1727
9 137 933 2273 136 1728
9 892 821 822 1723 1729
9 1720 843 806 1733 1730
9 2245 1784 2411 1602 1731
9 909 1782 1559 2368 1732
9 1723 822 824 2021 1733
9 1315 1527 2366 2085 1734
9 1944 868 1995 2260 1735
9 1903 2278 1422 1421 1736
9 139 868 2280 138 1737
9 1296 1362 2149 973 1738
9 855 832 812 1730 1739
9 1369 1368 2196 2146 1740
9 1762 1808 2185 908 1741
9 1862 2268 1998 928 1742
9 1725 842 811 905 1743
9 872 844 840 2136 1744
9 886 810 836 2123 1745
9 898 825 813 2155 1746
9 891 826 842 1725 1747
9 2123 836 816 2182 1748
9 1952 101 102 2286 1749
9 1417 1415 2284 1418 1750
9 905 811 853 1736 1751
9 1128 1173 1306 1364 1752
9 2396 1738 1739 1740 1753
9 1996 871 1818 2187 1754
9 121 935 2288 120 1755
9 1326 2143 2402 1796 1756
9 1919 2188 1917 920 1757
9 1873 2292 1354 1697 1758
9 1282 1281 2292 1358 1759
9 1592 1913 884 2241 1760
9 2167 1931 2395 860 1761
9 1451 1449 2294 1452 1762
9 1160 1278 2162 1277 1763
9 1791 946 1779 2405 1764
9 1598 1587 1293 1586 1765
9 929 105 106 2191 1766
9 82 1 83 2353 1767
9 1995 1696 1560 2260 1768
9 1006 1004 2190 1008 1769
9 1472 1951 2372 1622 1770
9 887 1810 2240 1811 1771
9 119 863 2310 118 1772
9 1191 1190 1193 1192 1773
9 2172 2208 891 1725 1774
9 154 2195 916 153 1775
9 956 957 960 958 1776
9 1241 1237 1243 1242 1777
9 961 962 2124 958 1778
9 1233 1234 1239 1235 1779
9 947 948 949 854 1780
9 1842 944 2353 1843 1781
9 1558 1641 2432 1646 1782
9 1911 874 2374 1912 1783
9 1179 1163 2143 1180 1784
9 1365 1485 2351 1364 1785
9 2400 1950 1550 2194 1786
9 1594 1486 1624 1595 1787
9 1320 1312 2239 1332 1788
9 1784 1524 1339 1559 1789
9 1455 1456 2326 1457 1790
9 1356 1986 2315 1985 1791
9 846 893 1710 847 1792
9 1527 1857 1856 2366 1793
9 1592 1537 2109 2389 1794
9 96 2357 95 2 1795
9 1478 1476 2334 1523 1796
9 1431 1429 2337 1487 1797
9 1647 998 2435 1760 1798
9 1390 1962 2345 1961 1799
9 832 855 1728 845 1800
9 1319 1503 2197 1590 1801
9 170 3 171 2335 1802
9 1988 1621 2347 1953 1803
9 1401 1955 2348 1957 1804
9 1330 1349 2358 1350 1805
9 837 888 1714 819 1806
9 1424 1425 2346 1426 1807
9 827 856 1717 818 1808
9 1318 1277 2162 1499 1809
9 1145 1144 1141 1143 1810
9 1328 2064 2244 1349 1811
9 810 886 1722 833 1812
9 2139 1259 950 948 1813
9 2104 2379 2187 1818 1814
9 1187 1188 2409 1185 1815
9 1698 1700 2325 1699 1816
9 844 872 2266 823 1817
9 889 830 841 2201 1818
9 1178 1139 1162 1163 1819
9 1397 1959 2383 1956 1820
9 1554 1930 2395 1931 1821
9 1269 1268 1385 2161 1822
9 1463 1461 2376 1475 1823
9 1486 1594 2375 1485 1824
9 160 903 2340 2422 1825
9 1592 2389 925 1913 1826
9 86 915 2295 85 1827
9 826 891 1726 839 1828
9 821 892 1724 817 1829
9 1215 1216 1222 1217 1830
9 1466 1656 2382 1465 1831
9 2039 988 2390 2038 1832
9 2140 2141 2362 1990 1833
9 1346 2370 1691 2344 1834
9 1711 1712 2306 881 1835
9 1501 1502 2157 1638 1836
9 1260 1680 2388 1681 1837
9 1110 2174 1112 1108 1838
9 979 980 984 2199 1839
9 899 1797 1611 2257 1840
9 1337 2097 2196 1368 1841
9 815 890 1721 828 1842
9 2401 2211 1436 1435 1843
9 1228 1226 1224 1227 1844
9 1315 1526 2213 1527 1845
9 1566 1767 897 2237 1846
9 993 991 2332 994 1847
9 1480 1307 1210 1262 1848
9 959 953 952 954 1849
9 1381 2071 2320 1693 1850
9 1569 1570 1651 1652 1851
9 967 966 964 965 1852
9 964 1806 2393 962 1853
9 1587 1677 1763 1599 1854
9 2287 1753 1749 2333 1855
9 1617 1674 2352 1664 1856
9 961 963 964 962 1857
9 1660 2235 1008 2190 1858
9 2282 1794 1249 2127 1859
9 957 956 954 955 1860
9 1517 1974 2218 1528 1861
9 1216 1338 1339 1222 1862
9 1704 1706 2434 1703 1863
9 2234 2250 1598 1586 1864
9 1183 1182 1325 2164 1865
9 1300 2119 2264 1299 1866
9 1619 1618 1305 1304 1867
9 2386 2282 2127 1574 1868
9 1602 1601 1238 1600 1869
9 1201 1200 1204 1202 1870
9 1886 1887 2241 884 1871
9 2210 1565 2387 1808 1872
9 2198 1524 1784 2245 1873
9 1969 2224 1991 862 1874
9 2135 1604 1603 1601 1875
9 2118 2319 1191 1805 1876
9 1180 1181 2272 1179 1877
9 1353 1609 2306 1610 1878
9 1697 2231 1918 878 1879
9 1517 1516 2227 1974 1880
9 1196 1197 1207 1198 1881
9 809 904 2289 852 1882
9 1437 1249 1248 1263 1883
9 987 989 2390 988 1884
9 1804 1640 1607 1564 1885
9 1177 1272 1273 1176 1886
9 1600 1238 1228 1227 1887
9 987 988 2324 985 1888
9 1131 1132 1582 1130 1889
9 2137 983 968 2236 1890
9 1134 1135 1136 2230 1891
9 1163 1162 2402 2143 1892
9 1480 1262 2219 1597 1893
9 1606 1605 2277 1769 1894
9 1354 1482 2231 1697 1895
9 1289 2085 2369 1345 1896
9 1114 1112 2174 1255 1897
9 2173 2223 1213 1211 1898
9 1876 1410 1359 2233 1899
9 1601 1602 2411 2135 1900
9 1234 1240 1292 1239 1901
9 1325 1545 1642 1580 1902
9 1675 1561 2088 2204 1903
9 160 161 2429 903 1904
9 1801 2102 2322 1800 1905
9 1428 1907 1909 2337 1906
9 958 2124 2200 956 1907
9 1538 1978 2404 2184 1908
9 1203 1759 2350 1208 1909
9 1405 1406 2169 1361 1910
9 1564 1607 2216 1273 1911
9 1133 1250 2336 1678 1912
9 1455 1453 2269 1456 1913
9 958 960 2175 961 1914
9 1686 1690 2341 1253 1915
9 1135 1138 1139 1136 1916
9 1742 1783 2354 2378 1917
9 2366 1855 2369 2085 1918
9 1850 2028 1008 2235 1919
9 1182 1314 1545 1325 1920
9 1569 1207 1304 1305 1921
9 1144 1161 1303 1302 1922
9 1272 1563 1564 1273 1923
9 1302 1303 1405 1361 1924
9 1986 2254 934 2002 1925
9 1891 2269 1453 1452 1926
9 1460 2326 1894 1895 1927
9 1401 1957 2355 1958 1928
9 1743 1672 2123 2182 1929
9 1715 1716 2142 856 1930
9 949 951 2418 1525 1931
9 1239 2186 1237 1235 1932
9 967 965 2228 2035 1933
9 1418 1900 1901 2255 1934
9 888 837 831 2246 1935
9 1593 1684 2281 1766 1936
9 986 2147 1590 2197 1937
9 1648 1172 2419 1770 1938
9 896 2132 1656 2364 1939
9 951 949 948 950 1940
9 1196 1194 2158 1197 1941
9 1425 2278 1903 1904 1942
9 1716 1525 2418 1798 1943
9 1887 2054 1592 2241 1944
9 1280 1321 2242 1322 1945
9 1200 1201 2361 1199 1946
9 1300 1329 2308 2119 1947
9 963 961 2175 2360 1948
9 1140 1141 2192 1137 1949
9 1735 2371 1589 2368 1950
9 1309 1308 2322 2102 1951
9 18 908 2397 17 1952
9 1497 2077 2263 1661 1953
9 2362 1923 2347 1990 1954
9 1187 1189 2298 1188 1955
9 1330 1350 2379 2104 1956
9 1614 1658 2436 1731 1957
9 898 2155 1649 2349 1958
9 1912 1520 1488 2307 1959
9 1953 2347 1923 901 1960
9 167 906 2396 166 1961
9 1326 1796 2257 1611 1962
9 2075 2197 1503 2265 1963
9 1778 2189 1114 1255 1964
9 1594 1718 1717 2375 1965
9 1222 2198 1219 1217 1966
9 1714 2382 1656 2132 1967
9 1601 1603 2215 1238 1968
9 974 975 2311 971 1969
9 2271 2100 2304 1306 1970
9 1598 2193 1677 1587 1971
9 1272 1177 2386 1574 1972
9 1840 2114 2240 1810 1973
9 2428 1444 1441 2247 1974
9 864 2101 1960 2345 1975
9 1644 1348 2424 1645 1976
9 2309 1733 873 2238 1977
9 954 952 2226 955 1978
9 857 1764 2264 1765 1979
9 1390 1963 2283 1962 1980
9 1635 2336 1250 2297 1981
9 1534 1546 2249 1964 1982
9 1478 1523 2367 1584 1983
9 1161 1565 2210 1303 1984
9 1726 891 2208 1727 1985
9 1413 1411 2251 1414 1986
9 1325 1581 2420 2164 1987
9 2098 1944 2260 1560 1988
9 1314 1612 2212 1545 1989
9 1417 1418 2255 1419 1990
9 1534 1964 2256 1533 1991
9 1626 2238 873 1595 1992
9 1538 2184 2430 1945 1993
9 1373 2152 2331 1464 1994
9 921 2258 30 31 1995
9 1356 2053 2254 1986 1996
9 1550 1932 2381 2194 1997
9 2088 1615 2403 2089 1998
9 1207 1197 2158 1304 1999
9 1569 1652 2110 2232 2000
9 1381 1693 2277 1605 2001
9 1289 1345 2261 1288 2002
9 1169 1168 2217 1170 2003
9 1144 1145 2203 1161 2004
9 1320 2079 2265 1503 2005
9 2096 1243 1237 2186 2006
9 1185 1186 2359 1187 2007
9 1730 812 823 2266 2008
9 1566 2237 2394 1567 2009
9 2000 867 2430 2184 2010
9 1631 2267 2312 1629 2011
9 1348 1644 2279 1643 2012
9 1249 1437 2248 2127 2013
9 1569 2206 1198 1207 2014
9 935 2283 1963 2163 2015
9 1309 2102 2412 1311 2016
9 1466 1657 2364 1656 2017
9 1191 2319 1705 2298 2018
9 1325 1580 2328 1581 2019
9 1610 2363 1261 1353 2020
9 1431 1487 2307 1488 2021
9 1269 1270 2272 1181 2022
9 1221 1219 2198 2205 2023
9 1598 2250 2416 1835 2024
9 1505 1508 2268 1862 2025
9 1456 2269 1891 1892 2026
9 1230 1228 1238 2215 2027
9 1512 1965 2431 2224 2028
9 24 858 2300 23 2029
9 2137 2236 2311 2061 2030
9 978 977 2291 2133 2031
9 2096 2316 1244 1243 2032
9 1141 1144 1302 2192 2033
9 1313 2216 1607 2343 2034
9 1740 2270 164 165 2035
9 956 2200 959 954 2036
9 1661 2263 1920 2109 2037
9 960 1130 1582 2175 2038
9 1766 2262 2097 1593 2039
9 99 100 2274 901 2040
9 867 135 136 2273 2041
9 1138 2301 1757 2408 2042
9 1498 1659 2302 1660 2043
9 1213 2223 1338 1216 2044
9 1353 1317 2327 1608 2045
9 964 963 2228 965 2046
9 885 2276 32 33 2047
9 1625 2159 2214 1628 2048
9 2097 2262 2415 2196 2049
9 1221 2205 1227 1224 2050
9 1693 2001 870 2277 2051
9 1424 1422 2278 1425 2052
9 933 137 138 2280 2053
9 1173 959 2200 1291 2054
9 895 27 28 2281 2055
9 1145 1147 1313 2203 2056
9 1843 84 85 2295 2057
9 1304 2158 2433 1619 2058
9 2198 2245 2406 2205 2059
9 1962 2283 935 1999 2060
9 1587 1599 2296 1293 2061
9 942 1651 1570 2222 2062
9 1413 1414 2284 1415 2063
9 1166 1256 2217 1168 2064
9 1198 2206 1204 1200 2065
9 103 859 2286 102 2066
9 1526 2092 2384 2213 2067
9 1805 1673 2426 2118 2068
9 1263 1248 2316 1343 2069
9 863 119 120 2288 2070
9 8 2385 185 0 2071
9 974 2149 2291 977 2072
9 1630 1628 2214 1634 2073
9 2425 2179 1777 2340 2074
9 1147 1149 2216 1313 2075
9 2123 2207 2290 886 2076
9 1182 1170 2217 1314 2077
9 1675 2272 1270 2342 2078
9 1136 2121 2377 2230 2079
9 2433 1193 1190 2354 2080
9 1149 1176 1273 2216 2081
9 1554 1931 2381 1932 2082
9 1252 1354 2292 1281 2083
9 1842 1843 2295 1844 2084
9 2201 841 852 2289 2085
9 1447 1448 2294 1449 2086
9 184 185 2385 945 2087
9 1210 1205 2219 1262 2088
9 1569 1305 2221 1570 2089
9 1915 2334 1475 2078 2090
9 951 950 2226 952 2091
9 1179 2272 1675 2204 2092
9 1668 1666 2290 2207 2093
9 1232 2234 1240 1234 2094
9 1205 1202 1204 2219 2095
9 2436 2414 2424 1731 2096
9 1619 1738 2339 1618 2097
9 1307 1480 2321 1500 2098
9 1632 1630 1634 2225 2099
9 1209 1850 2302 1341 2100
9 1757 2301 1137 2192 2101
9 1728 855 2305 1729 2102
9 1818 1813 2308 2104 2103
9 1467 1958 2355 2166 2104
9 1186 2420 1768 2359 2105
9 1609 2021 881 2306 2106
9 1447 1445 2303 1448 2107
9 1796 2402 2169 1406 2108
9 1406 1405 2318 2178 2109
9 968 969 2311 2236 2110
9 1278 1299 2264 2162 2111
9 997 995 2435 998 2112
9 1659 2323 1341 2302 2113
9 1579 1588 2384 2092 2114
9 1636 2305 855 1730 2115
9 1499 2162 2264 1764 2116
9 1487 1910 1912 2307 2117
9 1230 2250 2234 1232 2118
9 2124 2338 1291 2200 2119
9 2005 2194 2381 936 2120
9 1497 1661 2323 1659 2121
9 928 117 118 2310 2122
9 2102 1801 1803 2412 2123
9 915 86 87 2313 2124
9 1758 2222 1570 2221 2125
9 1501 1292 2296 1502 2126
9 2081 1721 890 2267 2127
9 1177 1253 2341 2386 2128
9 2119 2308 1813 2108 2129
9 2166 1994 866 2399 2130
9 2312 1720 1733 2309 2131
9 859 2171 1820 2372 2132
9 1377 1985 2315 1987 2133
9 1365 1364 1306 2285 2134
9 1492 1760 2373 1830 2135
9 1523 1916 2188 2367 2136
9 1528 2218 2404 1978 2137
9 1767 2330 155 156 2138
9 2177 1437 1263 2365 2139
9 1702 1188 2298 1705 2140
9 1340 1341 2323 1537 2141
9 1291 2271 1306 1173 2142
9 1459 1457 2326 1460 2143
9 1330 2104 2308 1329 2144
9 1310 1815 2410 1848 2145
9 1377 1987 2320 2071 2146
9 865 2348 1956 2130 2147
9 1804 2259 2177 913 2148
9 1254 2427 1643 2279 2149
9 1625 2314 1695 2159 2150
9 1794 2282 1654 1344 2151
9 1665 1667 2317 1671 2152
9 1619 2433 2354 1783 2153
9 172 946 2335 171 2154
9 1463 1475 2334 1476 2155
9 1351 1350 2358 1370 2156
9 1427 1428 2337 1429 2157
9 1707 2201 2289 1706 2158
9 1128 1364 2351 1798 2159
9 1533 2256 2431 1965 2160
9 1819 1622 2372 1820 2161
9 1138 1135 1137 2301 2162
9 1591 990 2075 2265 2163
9 2229 1823 2364 1657 2164
9 1114 2189 2421 1152 2165
9 1385 1754 2322 2161 2166
9 1600 2406 2245 1602 2167
9 1445 1444 2428 2303 2168
9 1394 1961 2345 1960 2169
9 1427 1426 2346 1428 2170
9 2062 2060 2380 2065 2171
9 1720 2312 2267 890 2172
9 1363 1990 2347 1621 2173
9 1640 2185 2343 1607 2174
9 1397 1956 2348 1955 2175
9 81 82 2353 944 2176
9 1362 1676 2291 2149 2177
9 30 2258 2415 2262 2178
9 94 95 2357 2176 2179
9 982 985 2324 984 2180
9 989 990 2332 991 2181
9 97 1935 2357 96 2182
9 1634 2214 2159 1174 2183
9 1957 2014 931 2355 2184
9 970 971 2311 969 2185
9 914 1855 2366 1856 2186
9 1994 2166 2355 931 2187
9 1845 2369 1855 1854 2188
9 2173 2371 1338 2223 2189
9 1546 1950 2400 2249 2190
9 2057 2181 2384 1588 2191
9 993 994 2435 995 2192
9 1322 2242 2401 1435 2193
9 1459 1460 2376 1461 2194
9 1240 1293 2296 1292 2195
9 1931 2167 936 2381 2196
9 1588 2374 874 2057 2197
9 2110 1652 2405 2220 2198
9 1516 1975 2399 2227 2199
9 2213 2384 2181 894 2200
9 2194 2005 861 2400 2201
9 1394 1960 2383 1959 2202
9 2402 1162 2408 2169 2203
9 163 911 2328 1580 2204
9 1819 1820 2432 1641 2205
9 1558 1646 2395 1930 2206
9 1614 1613 2336 1635 2207
9 860 2395 1646 2191 2208
9 1689 1691 2370 1690 2209
9 1771 2329 1657 1466 2210
9 1791 2129 2335 946 2211
9 1545 2212 2429 1642 2212
9 1763 945 2385 2209 2213
9 2184 2404 939 2000 2214
9 1362 1675 2342 1676 2215
9 1597 1655 2321 1480 2216
9 1769 2331 2152 1606 2217
9 1351 2083 2379 1350 2218
9 1542 1945 2430 1943 2219
9 1269 2161 2322 1308 2220
9 2224 2431 932 1991 2221
9 1246 1244 2316 1248 2222
9 991 992 2390 989 2223
9 1704 1705 2319 2118 2224
9 988 2039 2244 2324 2225
9 1639 2391 2327 1623 2226
9 1762 1761 2178 2318 2227
9 1723 2275 2391 892 2228
9 1683 2388 1680 2423 2229
9 2340 903 2429 2212 2230
9 1920 925 2389 2109 2231
9 1189 2378 2354 1190 2232
9 2141 2176 2357 1935 2233
9 2351 1485 2375 2142 2234
9 1919 1584 2367 2188 2235
9 1617 1663 2350 1616 2236
9 1361 2169 2408 1757 2237
9 1992 2227 2399 866 2238
9 169 170 2335 2129 2239
9 900 2220 2405 1779 2240
9 1339 1338 2371 1735 2241
9 1667 1669 2299 2317 2242
9 1270 1848 2410 2342 2243
9 1603 1604 2356 1835 2244
9 1189 1187 2359 2378 2245
9 1736 898 2349 1737 2246
9 1773 2135 2411 910 2247
9 1307 1589 2371 2173 2248
9 952 953 2418 951 2249
9 1132 2230 2377 1582 2250
9 1992 939 2404 2218 2251
9 2136 1726 1727 1645 2252
9 1343 1491 2365 1263 2253
9 2425 2340 2212 1612 2254
9 1654 2341 1690 2370 2255
9 1598 1835 2356 2193 2256
9 1559 1339 1735 2368 2257
9 1732 896 2364 1823 2258
9 856 2142 2375 1717 2259
9 1303 2210 2318 1405 2260
9 1671 2392 1663 1665 2261
9 888 2246 1674 2407 2262
9 2136 2414 2436 872 2263
9 1139 1138 2408 1162 2264
9 1798 2351 2142 1716 2265
9 1742 2378 2359 1768 2266
9 1305 1618 2339 2221 2267
9 1651 1791 2405 1652 2268
9 1227 2205 2406 1600 2269
9 2168 2239 2412 1803 2270
9 1669 1670 2398 2299 2271
9 1644 2243 1687 2279 2272
9 1192 1195 2299 2398 2273
9 1673 1805 2398 1670 2274
9 950 1259 2333 2226 2275
9 1732 1823 2325 1713 2276
9 1702 1701 2409 1188 2277
9 2040 1567 2394 2180 2278
9 1639 1724 892 2391 2279
9 2275 1608 2327 2391 2280
9 1712 2423 1680 2253 2281
9 867 2273 1943 2430 2282
9 1993 932 2431 2256 2283
9 2146 2196 2415 1752 2284
9 1183 2164 2420 1186 2285
9 902 2193 2356 1772 2286
9 1194 1193 2433 2158 2287
9 1887 1885 2401 2242 2288
9 1776 2422 2340 1777 2289
9 1195 1989 2317 2299 2290
9 1993 2249 2400 861 2291
9 1835 2416 2215 1603 2292
9 1312 1311 2412 2239 2293
9 872 2436 1658 2266 2294
9 921 1752 2415 2258 2295
9 886 2290 2352 1722 2296
9 1314 2217 2425 1612 2297
9 9 2209 2385 8 2298
9 1625 1624 2419 2314 2299
9 1153 1152 2421 2183 2300
9 963 2360 2403 2228 2301
9 1663 2392 1208 2350 2302
9 1632 2225 2409 1701 2303
9 904 2434 1706 2289 2304
9 2338 2413 2271 1291 2305
9 2229 1699 2325 1823 2306
9 1230 2215 2416 2250 2307
9 2179 2425 2217 1256 2308
9 2342 2410 2291 1676 2309
9 2136 1645 2424 2414 2310
9 2282 2386 2341 1654 2311
9 1808 2387 2343 2185 2312
9 1880 1879 2303 2428 2313
9 2175 1582 2377 2360 2314
9 2403 2360 2377 2089 2315
9 2124 962 2393 2338 2316
9 994 2373 1760 2435 2317
9 2338 2393 1709 2413 2318
9 1673 1743 2417 2426 2319
9 2118 2426 2417 1707 2320
9 1611 1797 2300 1620 2321
NPOIN= 2437
0 0 0
2.2 0 1
2.2 0.41 2
0 0.41 3
0.15 0.2 4
0.2 0.15 5
0.25 0.2 6
0.2 0.25 7
0.02953465155907094 0 8
0.05897597962763276 0 9
0.0870218388672257 0 10
0.1135399362567679 0 11
0.1388864758262162 0 12
0.1634035314854295 0 13
0.1874232813762629 0 14
0.2112721791985323 0 15
0.2352741840612858 0 16
0.2597555682756948 0 17
0.2850480602462427 0 18
0.3114930965008304 0 19
0.3394459835216388 0 20
0.3688516033376003 0 21
0.3983862548966712 0 22
0.4279209064557422 0 23
0.4574555580148131 0 24
0.4869902095738839 0 25
0.516524861132955 0 26
0.5460595126920259 0 27
0.5755941642510969 0 28
0.6051288158101678 0 29
0.6346634673692386 0 30
0.6641981189283096 0 31
0.6937327704873805 0 32
0.7232674220464514 0 33
0.7528020736055223 0 34
0.7823367251645932 0 35
0.8118713767236642 0 36
0.841406028282735 0 37
0.870940679841806 0 38
0.9004753314008769 0 39
0.9300099829599479 0 40
0.9595446345190189 0 41
0.9890792860780898 0 42
1.018613937637161 0 43
1.048148589196232 0 44
1.077683240755303 0 45
1.107217892314374 0 46
1.136752543873444 0 47
1.166287195432515 0 48
1.195821846991586 0 49
1.225356498550657 0 50
1.254891150109728 0 51
1.284425801668799 0 52
1.31396045322787 0 53
1.343495104786941 0 54
1.373029756346012 0 55
1.402564407905083 0 56
1.432099059464154 0 57
1.461633711023224 0 58
1.491168362582296 0 59
1.520703014141366 0 60
1.550237665700437 0 61
1.579772317259508 0 62
1.609306968818579 0 63
1.63884162037765 0 64
1.668376271936721 0 65
1.697910923495792 0 66
1.727445575054863 0 67
1.756980226613934 0 68
1.786514878173005 0 69
1.816049529732076 0 70
1.845584181291146 0 71
1.875118832850218 0 72
1.904653484409289 0 73
1.93418813596836 0 74
1.963722787527431 0 75
1.993257439086502 0 76
2.022792090645573 0 77
2.052326742204645 0 78
2.081861393763716 0 79
2.111396045322787 0 80
2.140930696881858 0 81
2.170465348440929 0 82
2.2 0.02928571428571423 83
2.2 0.05857142857142844 84
2.2 0.08785714285714263 85
2.2 0.1171428571428568 86
2.2 0.1464285714285712 87
2.2 0.1757142857142855 88
2.2 0.2049999999999998 89
2.2 0.2342857142857141 90
2.2 0.2635714285714283 91
2.2 0.2928571428571426 92
2.2 0.322142857142857 93
2.2 0.3514285714285713 94
2.2 0.3807142857142857 95
2.170640734938948 0.41 96
2.141281469877897 0.41 97
2.111922204816846 0.41 98
2.082562939755794 0.41 99
2.053203674694742 0.41 100
2.023844409633691 0.41 101
1.994485144572639 0.41 102
1.965125879511588 0.41 103
1.935766614450536 0.41 104
1.906407349389485 0.41 105
1.877048084328433 0.41 106
1.847688819267381 0.41 107
1.81832955420633 0.41 108
1.788970289145278 0.41 109
1.759611024084227 0.41 110
1.730251759023175 0.41 111
1.700892493962124 0.41 112
1.671533228901072 0.41 113
1.642173963840021 0.41 114
1.612814698778969 0.41 115
1.583455433717918 0.41 116
1.554096168656866 0.41 117
1.524736903595814 0.41 118
1.495377638534763 0.41 119
1.466018373473712 0.41 120
1.43665910841266 0.41 121
1.407299843351608 0.41 122
1.377940578290557 0.41 123
1.348581313229505 0.41 124
1.319222048168454 0.41 125
1.289862783107402 0.41 126
1.260503518046351 0.41 127
1.231144252985299 0.41 128
1.201784987924247 0.41 129
1.172425722863196 0.41 130
1.143066457802144 0.41 131
1.113707192741093 0.41 132
1.084347927680041 0.41 133
1.054988662618989 0.41 134
1.025629397557938 0.41 135
0.9962701324968866 0.41 136
0.9669108674358351 0.41 137
0.9375516023747834 0.41 138
0.9081923373137319 0.41 139
0.8788330722526803 0.41 140
0.8494738071916288 0.41 141
0.8201145421305773 0.41 142
0.7907552770695256 0.41 143
0.7613960120084742 0.41 144
0.7320367469474227 0.41 145
0.702677481886371 0.41 146
0.6733182168253196 0.41 147
0.6439589517642681 0.41 148
0.6145996867032166 0.41 149
0.5852404216421649 0.41 150
0.5558811565811135 0.41 151
0.526521891520062 0.41 152
0.4971626264590103 0.41 153
0.4678033613979589 0.41 154
0.4384440963369072 0.41 155
0.4090848312758557 0.41 156
0.3797255662148042 0.41 157
0.3503663011537526 0.41 158
0.3212234551611779 0.41 159
0.2934620537535135 0.41 160
0.2669494667423342 0.41 161
0.2413328968858983 0.41 162
0.2162701661313053 0.41 163
0.191425419830491 0.41 164
0.1664658566394617 0.41 165
0.1410568369514054 0.41 166
0.1148586386194959 0.41 167
0.08752217556446817 0.41 168
0.05871853012210337 0.41 169
0.02935926506105213 0.41 170
0 0.3815854051380019 171
0 0.3531708102760039 172
0 0.325453646722034 173
0 0.2992932275009709 174
0 0.2743768526824804 175
0 0.2503940292234534 176
0 0.2270446107706919 177
0 0.2040354515178105 178
0 0.1810769232211548 179
0 0.157880423206444 180
0 0.1341543211708326 181
0 0.1096012956692659 182
0 0.08391489173598976 183
0 0.05677601413830752 184
0 0.02841459486199815 185
0.1504277569313095 0.1934736903889974 186
0.1517037086855466 0.1870590477448739 187
0.1538060233744357 0.1808658283817455 188
0.1566987298107781 0.175 189
0.1603323329854383 0.1695619285495639 190
0.1646446609406726 0.1646446609406726 191
0.169561928549564 0.1603323329854382 192
0.1750000000000001 0.156698729810778 193
0.1808658283817456 0.1538060233744356 194
0.187059047744874 0.1517037086855466 195
0.1934736903889974 0.1504277569313095 196
0.2065263096110026 0.1504277569313095 197
0.2129409522551261 0.1517037086855466 198
0.2191341716182545 0.1538060233744357 199
0.2250000000000001 0.1566987298107781 200
0.2304380714504361 0.1603323329854383 201
0.2353553390593274 0.1646446609406726 202
0.2396676670145618 0.169561928549564 203
0.243301270189222 0.175 204
0.2461939766255644 0.1808658283817456 205
0.2482962913144535 0.187059047744874 206
0.2495722430686906 0.1934736903889974 207
0.2495722430686905 0.2065263096110026 208
0.2482962913144534 0.2129409522551261 209
0.2461939766255643 0.2191341716182545 210
0.2433012701892219 0.2250000000000001 211
0.2396676670145617 0.2304380714504361 212
0.2353553390593273 0.2353553390593274 213
0.230438071450436 0.2396676670145618 214
0.225 0.243301270189222 215
0.2191341716182544 0.2461939766255644 216
0.212940952255126 0.2482962913144534 217
0.2065263096110026 0.2495722430686905 218
0.1934736903889974 0.2495722430686905 219
0.1870590477448739 0.2482962913144534 220
0.1808658283817455 0.2461939766255643 221
0.175 0.2433012701892219 222
0.169561928549564 0.2396676670145617 223
0.1646446609406726 0.2353553390593273 224
0.1603323329854382 0.230438071450436 225
0.1566987298107781 0.225 226
0.1538060233744357 0.2191341716182544 227
0.1517037086855466 0.212940952255126 228
0.1504277569313095 0.2065263096110025 229
0.1806355445201226 0.1532505813131345 230
0.180398352142651 0.1526784759899943 231
0.1801540439938553 0.15208920750716 232
0.1799024066005956 0.1514822609698406 233
0.179376257975029 0.1502131964549595 234
0.1796432200855381 0.1508571060364016 235
0.1791012870012045 0.1495499695860741 236
0.1788180668981654 0.1488668459111221 237
0.178526350192035 0.1481632285259216 238
0.1782258819847208 0.1474385026191651 239
0.1779163997311871 0.1466920349352058 240
0.1775976330100474 0.1459231732207278 241
0.2438220983630248 0.2253004738819923 242
0.2443585513820419 0.2256099619804444 243
0.2449110979916294 0.22592873472185 244
0.2454802209995045 0.2262570706454977 245
0.2460664176976159 0.2265952566468549 246
0.2466702002966707 0.2269435882282528 247
0.2472920963736972 0.2273023697570927 248
0.1560893307881097 0.1663083561343249 249
0.230804267563671 0.240144580997412 250
0.2315699470168339 0.2411417604441535 251
0.231181449560303 0.2406358023997477 252
0.2323822563486944 0.2421996681192016 253
0.2319700993970607 0.2416628972298915 254
0.2332440353188651 0.2433220023716601 255
0.2328067780088769 0.242752542135191 256
0.2336944103481529 0.2439085464152233 257
0.2341582966283193 0.2445126867800934 258
0.2346360994968907 0.2451349513559095 259
0.2351282364515193 0.2457758838690002 260
0.2356351375147866 0.2464360443574835 261
0.1598551802805407 0.1691960435449582 262
0.1593637129944961 0.1688191819902144 263
0.1588575016898702 0.1684310145888282 264
0.1583361040461057 0.1680312021654004 265
0.1577990644730281 0.1676193953692698 266
0.1566761684296801 0.1667583485392403 267
0.1572459137127581 0.1671952343692553 268
0.2371346900970988 0.2371335300293262 269
0.2376133836491517 0.237611911491774 270
0.2381064380077662 0.2381046443980952 271
0.2386142839971391 0.2386121592916061 272
0.2391373653661932 0.2391348996319223 273
0.2396761391763189 0.239673322182448 274
0.2402310762007484 0.2402278974094894 275
0.2408026613359108 0.2407991098933421 276
0.241391394025128 0.2413874587517104 277
0.206604987756406 0.2501683607498763 278
0.2066860262461716 0.2507823619614976 279
0.2067694958906301 0.2514147832094676 280
0.2068554696244224 0.2520661770948767 281
0.207225942119426 0.2548731218129079 282
0.2069440225702284 0.252737112796848 283
0.2070352321044087 0.2534281765698785 284
0.2071291779246143 0.2541399722560999 285
0.2073256092400821 0.2556282658564202 286
0.207428266374358 0.2564060642212379 287
0.2076429121764154 0.2580323628222351 288
0.2075340032226621 0.257207196537 289
0.1688191819902144 0.2406362870055039 290
0.1684310145888283 0.2411424983101297 291
0.1691960435449583 0.2401448197194593 292
0.1680312021654005 0.2416638959538944 293
0.1554848880172923 0.1658448639572621 294
0.1548623119633503 0.1653674670148873 295
0.15422105862779 0.1648757481642413 296
0.153560567692163 0.1643692777480759 297
0.2357806520802471 0.2357803747926752 298
0.2362187244917945 0.2362181615980235 299
0.2366699390756882 0.2366690820075322 300
0.2500916397985398 0.2134213870141337 301
0.2507263500004131 0.2135912352890394 302
0.2513801015083426 0.2137661790121923 303
0.25205346556151 0.2139463710470398 304
0.2527470305362723 0.2141319688429327 305
0.2534614024602777 0.2143231345727024 306
0.2541972055420031 0.2145200352743651 307
0.2549550827161804 0.2147228429970778 308
0.2557356962055829 0.2149317349514719 309
0.2565397280996675 0.2151468936644977 310
0.1746991865114762 0.1561780977088975 311
0.1743893486182966 0.1556418466439606 312
0.1740702155883216 0.1550895080470756 313
0.1737415085674474 0.154520599292284 314
0.1734029403359469 0.1539346232748487 315
0.1730542150575014 0.1533310679768903 316
0.1726950280207026 0.1527094060199932 317
0.1723250653727998 0.1520690942043891 318
0.2494754163015753 0.2132564857763611 319
0.2427525421351912 0.1671932219911231 320
0.2433220023716602 0.166755964681135 321
0.2439085464152234 0.1663055896518472 322
0.2451349513559097 0.1653639005031094 323
0.2445126867800934 0.1658417033716808 324
0.2457758838690003 0.1648717635484808 325
0.2464360443574837 0.1643648624852134 326
0.1642193479197529 0.1642196252073247 327
0.1637812755082055 0.1637818384019765 328
0.1633300609243118 0.1633309179924678 329
0.1628653099029013 0.1628664699706738 330
0.1623866163508483 0.162388088508226 331
0.1618935619922338 0.1618953556019048 332
0.2416628972298916 0.1680299006029394 333
0.2421996681192017 0.1676177436513057 334
0.2411417604441536 0.1684300529831662 335
0.1526784759899943 0.219601647857349 336
0.1508571060364016 0.2203567799144619 337
0.1502131964549595 0.220623742024971 338
0.1514822609698406 0.2200975933994044 339
0.1520892075071599 0.2198459560061448 340
0.149549969586074 0.2208987129987955 341
0.1488668459111221 0.2211819331018346 342
0.1481632285259216 0.221473649807965 343
0.147438502619165 0.2217741180152793 344
0.1466920349352058 0.222083600268813 345
0.1459231732207278 0.2224023669899526 346
0.2488771410618041 0.2130963874872616 347
0.2485924188811517 0.228052546055744 348
0.2479326493330344 0.2276719147317978 349
0.2492719815157125 0.2284445963194085 350
0.2499719310293101 0.2288484080909831 351
0.2506928790283157 0.2292643342157048 352
0.1532505813131345 0.2193644554798774 353
0.2492697337708574 0.1715515104722999 354
0.2499694197801869 0.171147242297945 355
0.2506900963697964 0.1707308460783595 356
0.1869032337308711 0.1511229604324913 357
0.1867427452964482 0.1505247897318444 358
0.1865774422089925 0.1499086739101781 359
0.1864071800289132 0.1492740746138618 360
0.1862318099834315 0.148620437338656 361
0.1860511788365853 0.147947190945194 362
0.1858651287553338 0.1472537471599282 363
0.1854761166404448 0.1458038255493159 364
0.1856734971716446 0.1465395000611044 365
0.1850634136877592 0.1442656037126173 366
0.184847730652043 0.1434617123103742 367
0.1852728146933091 0.1450460808021737 368
0.2501683607498763 0.193395012243594 369
0.2507823619614976 0.1933139737538284 370
0.2514147832094676 0.1932305041093699 371
0.2520661770948767 0.1931445303755777 372
0.252737112796848 0.1930559774297716 373
0.2534281765698785 0.1929647678955914 374
0.2541399722560999 0.1928708220753858 375
0.2548731218129079 0.192774057880574 376
0.2556282658564202 0.1926743907599178 377
0.2564060642212379 0.192571733625642 378
0.2572071965370001 0.1924659967773379 379
0.1671952343692553 0.2427540862872419 380
0.1667583485392404 0.2433238315703199 381
0.166308356134325 0.2439106692118903 382
0.1658448639572622 0.2445151119827077 383
0.1653674670148874 0.2451376880366497 384
0.1648757481642413 0.24577894137221 385
0.164369277748076 0.246439432307837 386
0.2066045989674061 0.1498315880650808 387
0.2066852370045017 0.1492175341328653 388
0.2070327172577986 0.1465714923442842 389
0.2067682941827103 0.1485850585826834 390
0.206853843076265 0.147933608765996 391
0.2069419584366263 0.1472626154548079 392
0.2071261988436059 0.1458596355404448 393
0.2072224848769876 0.1451264230324903 394
0.2073216594913707 0.1443712141492971 395
0.2074238093441853 0.1435933489996081 396
0.2075290236925842 0.1427921478954284 397
0.2076373944714351 0.1419669107581233 398
0.2438219022911025 0.1746991865114762 399
0.2443581533560394 0.1743893486182966 400
0.2449104919529245 0.1740702155883216 401
0.245479400707716 0.1737415085674474 402
0.2460653767251514 0.1734029403359469 403
0.2485904269656831 0.17194400384546 404
0.2466689320231097 0.1730542150575015 405
0.2472905939800069 0.1726950280207026 406
0.2479309057956109 0.1723250653727998 407
0.1676193953692698 0.242200935526972 408
0.2149365863122408 0.2557343962873826 409
0.2151522693479571 0.2565382876896258 410
0.2511344885346493 0.2211787114647551 411
0.2137681900165685 0.251379562661344 412
0.1926743907599179 0.1443717341435798 413
0.24914369068943 0.2203548564481537 414
0.2139488211634147 0.2520528090548059 415
0.1932305041093699 0.1485852167905324 416
0.2130967662691289 0.2488770395675087 417
0.1929647678955914 0.1465718234301215 418
0.1930559774297717 0.147262887203152 419
0.1603238608236811 0.1603266778175521 420
0.2401448197194593 0.2308039564550418 421
0.1591973386640892 0.1592008901066579 422
0.2406362870055039 0.2311808180097856 423
0.2411424983101298 0.2315689854111718 424
0.2416638959538944 0.2319687978345996 425
0.242200935526972 0.2323806046307302 426
0.1923570878235846 0.1419676371777649 427
0.1924659967773379 0.1427928034629999 428
0.2497877742395995 0.2206213985610015 429
0.193395012243594 0.1498316392501237 430
0.1933139737538284 0.1492176380385024 431
0.1613857160028609 0.1613878407083939 432
0.1597689237992517 0.1597721025905106 433
0.1925717336256421 0.1435939357787621 434
0.2193640931862054 0.153250431246182 435
0.158608605974872 0.1586125412482896 436
0.2198448361926338 0.1520887436652164 437
0.2206213985610016 0.1502122257604004 438
0.2208959369372349 0.1495488197037257 439
0.2211787114647551 0.1488655114653507 440
0.220096077697816 0.1514816331456862 441
0.2217699647243473 0.1474367822697325 442
0.2220789600854809 0.1466901129083377 443
0.2223972253074485 0.1459210434661012 444
0.2485183668543138 0.220096077697816 445
0.2540789565338988 0.2223972253074484 446
0.2533098870916622 0.2220789600854808 447
0.1928708220753858 0.1458600277439001 448
0.2467495687538179 0.2193640931862054 449
0.2473218286459192 0.2196009124011948 450
0.2504511802962743 0.2208959369372348 451
0.2525632177302675 0.2217699647243472 452
0.2196009124011947 0.1526781713540807 453
0.2132572547035518 0.2494752102681556 454
0.2479112563347835 0.2198448361926338 455
0.2134225577910075 0.2500913260898219 456
0.2135928199710868 0.2507259253861382 457
0.1608626346338068 0.1608651003680777 458
0.192774057880574 0.1451268781870921 459
0.1931445303755777 0.1479338229051233 460
0.2141348712446662 0.2527462528400717 461
0.221469969228101 0.1481617039798245 462
0.2518382960201755 0.2214699692281009 463
0.2203548564481538 0.15085630931057 464
0.2143265028283554 0.2534604999388955 465
0.2145238833595552 0.254196174450684 466
0.2147271853066909 0.2549539191978262 467
0.2445151119827077 0.2341551360427379 468
0.1867435142236389 0.2494754163015754 469
0.2518367714740785 0.178526350192035 470
0.246439432307837 0.2356307222519241 471
0.2439106692118903 0.2336916438656751 472
0.1554873132199067 0.2341582966283192 473
0.1865786129858663 0.2500916397985398 474
0.2485177390301594 0.1799024066005956 475
0.1603266778175521 0.2396761391763189 476
0.1597721025905107 0.2402310762007484 477
0.2501684119349191 0.2066045989674061 478
0.1566779976283399 0.233244035318865 479
0.1864087647109606 0.250726350000413 480
0.252561497380835 0.1782258819847207 481
0.2451376880366497 0.2346325329851127 482
0.1588582395558465 0.2315699470168338 483
0.157247457864809 0.2328067780088769 484
0.2540768267792722 0.1775976330100473 485
0.1850682650485281 0.2557356962055829 486
0.1583371027701085 0.2319700993970606 487
0.1856768654272976 0.2534614024602777 488
0.1560914535847767 0.2336944103481528 489
0.1548650486440905 0.2346360994968906 490
0.24577894137221 0.2351242518357587 491
0.2479107924928401 0.1801540439938552 492
0.2511331540888779 0.1788180668981653 493
0.1858680311570673 0.2527470305362724 494
0.2533079650647942 0.177916399731187 495
0.2433238315703199 0.2332416514607597 496
0.1535639556425165 0.2356351375147865 497
0.1637818384019766 0.2362187244917944 498
0.161387840708394 0.238614283997139 499
0.2507824658671346 0.2066852370045018 500
0.1542241161309998 0.2351282364515191 501
0.2514149414173166 0.2067682941827103 502
0.252066391234004 0.206853843076265 503
0.1642196252073248 0.2357806520802471 504
0.2497868035450406 0.179376257975029 505
0.1628664699706739 0.2371346900970988 506
0.1593641976002523 0.2311814495603028 507
0.250450030413926 0.1791012870012045 508
0.1592008901066579 0.2408026613359107 509
0.159855419002588 0.2308042675636709 510
0.1586125412482897 0.241391394025128 511
0.1854799647256348 0.2541972055420031 512
0.1852771570029221 0.2549550827161803 513
0.1578003318807985 0.2323822563486942 514
0.1860536289529602 0.25205346556151 515
0.2473215240100057 0.180398352142651 516
0.2491428939635985 0.1796432200855381 517
0.1862338209878077 0.2513801015083426 518
0.2427540862872419 0.2328047656307447 519
0.2467494186868655 0.1806355445201226 520
0.1633309179924678 0.2366699390756882 521
0.1869036125127385 0.2488771410618041 522
0.1623880885082261 0.2376133836491517 523
0.1618953556019048 0.2381064380077662 524
0.1608651003680778 0.2391373653661931 525
0.1848531063355022 0.2565397280996675 526
0.1561780977088976 0.2253008134885238 527
0.1520690942043891 0.2276749346272001 528
0.1427928034629999 0.2075340032226621 529
0.1533310679768903 0.2269457849424985 530
0.1500305802198131 0.228852757702055 531
0.148620437338656 0.2137681900165685 532
0.1479471909451942 0.2139488211634147 533
0.2556287858507029 0.2073216594913707 534
0.1419676371777649 0.2076429121764153 535
0.1719474539442561 0.2485924188811517 536
0.2572078521045716 0.2075290236925843 537
0.1472628872031521 0.2069440225702283 538
0.1746995261180078 0.2438220983630249 539
0.1707356657842953 0.2506928790283158 540
0.1539346232748486 0.2265970596640531 541
0.1511229604324914 0.2130967662691289 542
0.154520599292284 0.2262584914325526 543
0.1499086739101781 0.2134225577910075 544
0.1507302662291427 0.2284484895277001 545
0.2253004738819924 0.1561779016369751 546
0.1458600277439002 0.2071291779246142 547
0.2534285076557158 0.2070327172577986 548
0.1734047433531452 0.2460664176976161 549
0.1740712652781502 0.2449110979916295 550
0.1485852167905324 0.20676949589063 551
0.1465718234301215 0.2070352321044086 552
0.2548735769675097 0.2072224848769876 553
0.1443717341435798 0.2073256092400821 554
0.1730564117717472 0.2466702002966708 555
0.1556418466439606 0.2256106513817034 556
0.1527094060199932 0.2273049719792974 557
0.1435939357787621 0.207428266374358 558
0.1505247897318445 0.2132572547035519 559
0.1472537471599282 0.2141348712446663 560
0.1492740746138619 0.2135928199710868 561
0.1465395000611045 0.2143265028283554 562
0.2256099619804444 0.1556414486179581 563
0.22592873472185 0.1550889020083706 564
0.1492176380385024 0.2066860262461715 565
0.1479338229051234 0.2068554696244223 566
0.2580330892418766 0.2076373944714353 567
0.1550895080470756 0.2259297844116784 568
0.1514095730343169 0.22805599615454 569
0.1743900380195558 0.2443585513820419 570
0.1723280852682024 0.2479326493330344 571
0.1726976302429074 0.2472920963736972 572
0.252737384545192 0.2069419584366264 573
0.1450460808021738 0.2147271853066909 574
0.1442656037126173 0.2149365863122407 575
0.1434617123103742 0.2151522693479571 576
0.2541403644595551 0.207126198843606 577
0.2564066510003919 0.2074238093441853 578
0.1715554036805916 0.2492719815157126 579
0.1498316392501238 0.206604987756406 580
0.1451268781870921 0.207225942119426 581
0.1493099036302036 0.2292691539216405 582
0.1458038255493159 0.2145238833595551 583
0.1737429293545024 0.2454802209995046 584
0.1711515919090171 0.2499719310293103 585
0.2139463710470398 0.14794653443849 586
0.2143231345727025 0.1465385975397223 587
0.2262570706454977 0.1545197790004954 588
0.2311808180097857 0.1593637129944961 589
0.1932317058172898 0.2514149414173166 590
0.2253008134885238 0.2438219022911025 591
0.2276749346272002 0.2479309057956109 592
0.228852757702055 0.2499694197801869 593
0.2280559961545401 0.248590426965683 594
0.2292691539216406 0.2506900963697964 595
0.1933147629954983 0.2507824658671347 596
0.2308039564550418 0.1598551802805407 597
0.2351242518357588 0.1542210586277901 598
0.1929672827422014 0.2534285076557157 599
0.1923626055285649 0.2580330892418767 600
0.2149317349514719 0.1442643037944171 601
0.2259297844116784 0.2449104919529244 602
0.2356307222519242 0.153560567692163 603
0.2147228429970779 0.1450449172838197 604
0.228052546055744 0.1514075811188483 605
0.2332416514607597 0.1566761684296801 606
0.2135912352890394 0.1492736499995869 607
0.1924709763074158 0.2572078521045716 608
0.2323806046307303 0.157799064473028 609
0.2336916438656751 0.1560893307881098 610
0.226595256646855 0.153933582302384 611
0.234155136042738 0.1554848880172923 612
0.1926783405086294 0.2556287858507029 613
0.2130963874872616 0.1511228589381959 614
0.2151468936644978 0.1434602719003325 615
0.2256106513817034 0.2443581533560394 616
0.2269457849424986 0.2466689320231097 617
0.2319687978345997 0.1583361040461056 618
0.2357803747926753 0.1642193479197529 619
0.2362181615980236 0.1637812755082056 620
0.2276719147317978 0.1520673506669656 621
0.2134213870141337 0.1499083602014603 622
0.2265970596640531 0.2460653767251513 623
0.2284484895277001 0.2492697337708574 624
0.2346325329851128 0.1548623119633503 625
0.1927775151230124 0.2548735769675097 626
0.2284445963194085 0.1507280184842875 627
0.1933954010325939 0.2501684119349192 628
0.2141319688429327 0.1472529694637276 629
0.2269435882282529 0.1533297997033292 630
0.2145200352743653 0.1458027944579969 631
0.2288484080909831 0.1500280689706898 632
0.2273023697570927 0.1527079036263028 633
0.2292643342157048 0.1493071209716842 634
0.193146156923735 0.252066391234004 635
0.1928738011563941 0.2541403644595551 636
0.2315689854111719 0.1588575016898703 637
0.2262584914325526 0.245479400707716 638
0.2328047656307448 0.1572459137127581 639
0.1930580415633737 0.2527373845451921 640
0.2273049719792974 0.2472905939800068 641
0.1925761906558148 0.2564066510003919 642
0.2137661790121923 0.1486198984916574 643
0.2132564857763611 0.1505245836984246 644
0.2549539191978263 0.1852728146933091 645
0.1499083602014603 0.1865786129858663 646
0.2527462528400718 0.1858651287553337 647
0.1434602719003325 0.1848531063355022 648
0.1561779016369751 0.1746995261180077 649
0.1474367822697324 0.1782300352756528 650
0.2386121592916062 0.1613857160028609 651
0.1492736499995869 0.1864087647109606 652
0.2381046443980953 0.1618935619922338 653
0.1458027944579969 0.1854799647256348 654
0.2507259253861382 0.1864071800289131 655
0.1472529694637277 0.1858680311570673 656
0.153250431246182 0.1806359068137946 657
0.1495488197037256 0.1791040630627652 658
0.1514816331456861 0.1799039223021839 659
0.2565382876896258 0.1848477306520429 660
0.2413874587517104 0.158608605974872 661
0.1488655114653507 0.1788212885352449 662
0.2557343962873827 0.1850634136877592 663
0.153933582302384 0.1734047433531451 664
0.1520673506669655 0.1723280852682023 665
0.1545197790004954 0.1737429293545023 666
0.2366690820075323 0.1633300609243118 667
0.1507280184842874 0.1715554036805915 668
0.2371335300293262 0.1628653099029012 669
0.2494752102681557 0.1867427452964481 670
0.250091326089822 0.1865774422089925 671
0.2513795626613441 0.1862318099834314 672
0.1508563093105699 0.1796451435518462 673
0.1493071209716842 0.1707356657842952 674
0.1511228589381959 0.1869036125127385 675
0.1498315880650809 0.1933954010325939 676
0.2488770395675087 0.1869032337308711 677
0.2534604999388956 0.1856734971716446 678
0.1442643037944171 0.1850682650485281 679
0.2376119114917741 0.1623866163508483 680
0.2391348996319224 0.1608626346338068 681
0.1481617039798244 0.178530030771899 682
0.1514075811188482 0.1719474539442561 683
0.2402278974094895 0.1597689237992516 684
0.1486198984916575 0.1862338209878077 685
0.2396733221824481 0.1603238608236811 686
0.2407991098933422 0.1591973386640892 687
0.1465385975397223 0.1856768654272976 688
0.1526781713540807 0.1803990875988052 689
0.1450449172838196 0.1852771570029222 690
0.1520887436652164 0.1801551638073662 691
0.1502122257604004 0.1793786014389984 692
0.1466901129083377 0.1779210399145191 693
0.1459210434661011 0.1776027746925515 694
0.14794653443849 0.1860536289529602 695
0.1550889020083706 0.1740712652781501 696
0.252052809054806 0.1860511788365852 697
0.155641448617958 0.1743900380195557 698
0.1505245836984247 0.1867435142236389 699
0.1533297997033292 0.1730564117717472 700
0.2541961744506841 0.1854761166404448 701
0.1527079036263027 0.1726976302429073 702
0.1500280689706898 0.171151591909017 703
0.2000019919154686 0.143891457789716 704
0.2000003980260026 0.1487793866378522 705
0.2000022477448552 0.1431069141528914 706
0.2000025112491233 0.142298834206962 707
0.2000027826585195 0.1414665118626547 708
0.257701165793038 0.2000025112491234 709
0.1999996019739974 0.2512206133621477 710
0.2525155620780504 0.2000008202917887 711
0.2000017435374235 0.1446531506410021 712
0.1443712141492971 0.1926783405086294 713
0.1493987126294839 0.2000001960719225 714
0.1451264230324903 0.1927775151230124 715
0.1487793866378523 0.2000003980260026 716
0.146807683689092 0.2000010409724648 717
0.2000001960719224 0.1493987126294838 718
0.1999980080845313 0.256108542210284 719
0.1435933489996081 0.1925761906558148 720
0.1472626154548079 0.1930580415633737 721
0.2000012682735611 0.1461106268292486 722
0.1999972173414805 0.2585334881373453 723
0.147933608765996 0.193146156923735 724
0.1485850585826834 0.1932317058172898 725
0.2512206133621477 0.2000003980260026 726
0.1481414808664717 0.2000006060387051 727
0.2518585191335283 0.2000006060387051 728
0.2553468493589979 0.2000017435374236 729
0.2538893731707513 0.2000012682735612 730
0.2585334881373453 0.2000027826585196 731
0.1999998039280775 0.2506012873705161 732
0.1465714923442842 0.1929672827422014 733
0.14539265826361 0.2000015023936905 734
0.1419669107581234 0.1923626055285649 735
0.1999989590275352 0.253192316310908 736
0.1999987317264388 0.2538893731707513 737
0.1458596355404449 0.192873801156394 738
0.143891457789716 0.2000019919154688 739
0.142298834206962 0.2000025112491234 740
0.1461106268292487 0.2000012682735612 741
0.256108542210284 0.2000019919154688 742
0.2506012873705161 0.2000001960719225 743
0.1999984976063095 0.25460734173639 744
0.1446531506410021 0.2000017435374236 745
0.1999991797082112 0.2525155620780503 746
0.1999977522551447 0.2568930858471086 747
0.1999993939612948 0.2518585191335284 748
0.1474844379219497 0.2000008202917887 749
0.1492175341328653 0.1933147629954983 750
0.1427921478954284 0.1924709763074158 751
0.1414665118626547 0.2000027826585196 752
0.253192316310908 0.2000010409724648 753
0.2568930858471086 0.2000022477448553 754
0.1999974887508766 0.257701165793038 755
0.1431069141528915 0.2000022477448553 756
0.25460734173639 0.2000015023936905 757
0.1999982564625764 0.2553468493589979 758
0.2000006060387051 0.1481414808664717 759
0.2000008202917887 0.1474844379219497 760
0.2000010409724647 0.146807683689092 761
0.2000015023936904 0.14539265826361 762
0.1648717635484808 0.1542241161309998 763
0.171147242297945 0.1500305802198131 764
0.2401445809974121 0.1691957324363291 765
0.1688185504396971 0.1593641976002522 766
0.1676177436513058 0.1578003318807984 767
0.2406358023997478 0.1688185504396972 768
0.1719440038454599 0.151409573034317 769
0.166755964681135 0.1566779976283399 770
0.1653639005031093 0.1548650486440905 771
0.1715515104722999 0.1507302662291426 772
0.1707308460783594 0.1493099036302036 773
0.169195732436329 0.159855419002588 774
0.1671932219911231 0.157247457864809 775
0.1684300529831662 0.1588582395558464 776
0.1663055896518472 0.1560914535847767 777
0.1658417033716807 0.1554873132199066 778
0.1680299006029393 0.1583371027701085 779
0.1643648624852134 0.1535639556425164 780
0.1779210399145191 0.2533098870916622 781
0.1776027746925515 0.2540789565338988 782
0.2580323628222351 0.1923570878235847 783
0.2193644554798774 0.2467494186868655 784
0.219601647857349 0.2473215240100056 785
0.2198459560061448 0.24791079249284 786
0.2200975933994044 0.2485177390301594 787
0.2203567799144619 0.2491428939635983 788
0.2208987129987955 0.2504500304139259 789
0.220623742024971 0.2497868035450405 790
0.2211819331018346 0.2511331540888779 791
0.221473649807965 0.2518367714740784 792
0.2217741180152792 0.2525614973808349 793
0.2220836002688129 0.2533079650647942 794
0.2224023669899526 0.2540768267792722 795
0.1801551638073662 0.2479112563347836 796
0.1806359068137946 0.246749568753818 797
0.1803990875988053 0.2473218286459193 798
0.179903922302184 0.2485183668543138 799
0.1796451435518462 0.24914369068943 800
0.1791040630627652 0.2504511802962743 801
0.1793786014389984 0.2497877742395996 802
0.1788212885352449 0.2511344885346493 803
0.178530030771899 0.2518382960201755 804
0.1782300352756528 0.2525632177302675 805
0.2361572456099521 0.2471160096606214 806
0.1528802620284672 0.1638476132194256 807
0.2419977886950218 0.2419934580758297 808
0.2077550883987812 0.2588822840960272 809
0.1638476132194256 0.2471197379715329 810
0.2077490163736516 0.1411169165066991 811
0.2514323932570942 0.1703019579721864 812
0.1846255771252552 0.1426337041660638 813
0.2588822840960272 0.1922449116012188 814
0.2227306967127265 0.2548687543451846 815
0.1772749615139249 0.2548710980594026 816
0.1772693032872735 0.1451312456548154 817
0.2514354554672915 0.2296927381241682 818
0.1451312456548154 0.2227306967127266 819
0.2573678809505746 0.2153685071389144 820
0.1703019579721864 0.1485676067429059 821
0.1638427543900479 0.1528839903393786 822
0.2471160096606215 0.163842754390048 823
0.1580022113049783 0.1580065419241703 824
0.1922449116012188 0.1411177159039728 825
0.2227250384860752 0.1451289019405975 826
0.2548710980594026 0.2227250384860751 827
0.2153744228747448 0.2573662958339362 828
0.2471197379715329 0.2361523867805744 829
0.1846314928610856 0.2573678809505746 830
0.1528839903393786 0.236157245609952 831
0.2548687543451846 0.1772693032872735 832
0.1580065419241704 0.2419977886950218 833
0.2588830834933009 0.2077490163736517 834
0.1411177159039728 0.2077550883987811 835
0.1703072618758319 0.2514354554672916 836
0.1485676067429058 0.2296980420278136 837
0.1426337041660638 0.2153744228747449 838
0.2296927381241682 0.1485645445327085 839
0.2361523867805745 0.1528802620284671 840
0.1922509836263484 0.2588830834933009 841
0.2153685071389144 0.1426321190494254 842
0.2296980420278136 0.2514323932570941 843
0.2419934580758297 0.1580022113049782 844
0.2573662958339363 0.184625577125255 845
0.1426321190494254 0.1846314928610856 846
0.1451289019405975 0.1772749615139248 847
0.1485645445327084 0.1703072618758318 848
0.1411169165066991 0.1922509836263483 849
0.1406092198480182 0.2000030622101976 850
0.2593907801519818 0.2000030622101976 851
0.1999969377898024 0.2593907801519818 852
0.2000030622101975 0.1406092198480182 853
0.266080772821405 0.2037550381180452 854
0.2625982648956404 0.176292626621026 855
0.2605562997492751 0.22777855167677 856
0.4514605982398688 0.3800655219207485 857
0.4497306344610056 0.03107266412981805 858
1.968010283294961 0.3831057087123817 859
1.856015349525957 0.3860789998408963 860
1.742069062604057 0.3835880638282901 861
1.61507519411397 0.3843625681335398 862
1.502107734430207 0.382271219808433 863
1.381250976816846 0.3840724157144906 864
1.269186864908448 0.3850537526755097 865
1.155466447775592 0.3824949865793286 866
1.027956591220216 0.3850743785571857 867
0.9170176585831042 0.3817434942425834 868
0.7952007536277186 0.3836554179191025 869
0.684345754954672 0.3827844384984208 870
0.5561828467896337 0.3843434898407921 871
0.2488661825056908 0.155942956295701 872
0.2458657366657271 0.2517292490392729 873
1.915782496703966 0.02605111197224433 874
1.79684727315294 0.02600249785440356 875
1.679082348006964 0.02692557585254957 876
1.562113481874752 0.02782353701649554 877
1.441405697170165 0.02730446765887332 878
1.322655630727684 0.0252753161759163 879
1.20701163763175 0.02566228910326757 880
0.1490989645599581 0.1561037361813079 881
1.089214760111309 0.02669120842627787 882
0.971141272283671 0.02669263046978687 883
0.8450069245911553 0.02591076617062774 884
0.7268264473444896 0.02800617928626623 885
0.1576427589101244 0.2509298727511693 886
2.173238973717418 0.1971187850052023 887
0.1423753961493246 0.2322395074029377 888
0.1813425403814112 0.263946290502214 889
0.2213948524549644 0.2617833749771149 890
0.2246438934557217 0.1388181807340494 891
0.1688226149687417 0.1414290077020496 892
0.1353840975447447 0.1819716114735476 893
2.001709904240171 0.02504607452422408 894
0.5406622386107762 0.0256096100471741 895
0.1340982250216732 0.2071290947944067 896
0.374533189458514 0.3861450297664106 897
0.1915446607358812 0.1342213352260456 898
0.3654824332922856 0.02407595527577713 899
0.02812231792089359 0.3091050061041962 900
2.072691826304725 0.3865113509162768 901
0.02083622890967041 0.1029961273836046 902
0.2808637606784925 0.389888015853319 903
0.2051199038637662 0.2655221080409766 904
0.2081915503533166 0.1345307651827544 905
0.1210481373247301 0.3871415990958665 906
0.1190581037234468 0.02623182721614889 907
0.2788026353471236 0.01824642383160258 908
0.02032647749944583 0.2298157661239363 909
0.02113380767228179 0.1637705817348649 910
0.204096747194371 0.3832720109436749 911
2.172275371080385 0.2832432325871539 912
0.1886385120478979 0.0212139712140208 913
2.086227402787879 0.02516493952339102 914
2.173079117166034 0.1129077299018791 915
0.4992663218123687 0.3871398461168569 916
1.619556355761441 0.0267199782522399 917
1.739578031717762 0.02644608968290271 918
1.149660526306946 0.0262872332510854 919
1.382096857895295 0.02759974446107696 920
0.6703882941550714 0.03239744314923729 921
0.9059234347480434 0.02684263054281136 922
1.855281205870795 0.0266026807802206 923
1.030225715326071 0.02578632408801296 924
0.7955651567196151 0.02479313293370969 925
1.264589034016922 0.02533253091237089 926
1.5012593073084 0.0279365319184918 927
1.558455444633583 0.3832292177254306 928
1.912089701215855 0.3852722919035906 929
0.7395132995358955 0.3834833507572381 930
1.212532966195384 0.3851203507947718 931
1.673048446238312 0.3834957841911747 932
0.9718799019324905 0.3837563279925874 933
0.8526299619359825 0.380815053037915 934
1.440573360882617 0.3751697562693877 935
1.799465924218955 0.3861826151131179 936
1.325392138433902 0.3844503969439457 937
0.6267437824544504 0.3837340353828484 938
1.086192497885093 0.3827208805083344 939
2.127464315467929 0.3861541002845053 940
0.07042099280414504 0.02261200489404527 941
0.07470725261977118 0.379626060986763 942
2.173079582861535 0.3377251060052258 943
2.143073806548518 0.02623589691068798 944
0.02539872286046752 0.05202151223579954 945
0.02431445233033114 0.3573612553059938 946
0.2665904274165126 0.1953971664359446 947
0.2743886774078876 0.198722171582664 948
0.2735806346837818 0.2069933306500276 949
0.281811677812519 0.2007495747072758 950
0.2817042368805248 0.2091832121091121 951
0.2906170086862337 0.2097944074879308 952
0.2902751263164004 0.2200844787262445 953
0.3004933739017165 0.2085778620504761 954
0.2985500546612125 0.1978248938311656 955
0.3112773862712116 0.2061260453036198 956
0.3088209641451909 0.1940101718270193 957
0.3229621997764189 0.2033837968056604 958
0.3007343231177377 0.2200623891118921 959
0.3201675474954798 0.1896638140667098 960
0.3359624191070807 0.2011240816846592 961
0.3367476777569209 0.2176481293308818 962
0.3501010481041749 0.1988601775868364 963
0.354680997148094 0.2187826132731758 964
0.3656644611181081 0.2095622327613946 965
0.3714741045024186 0.2298373231129838 966
0.3766437715651444 0.2142100788734763 967
0.3872343285850692 0.2364713160365418 968
0.3923196156846895 0.2200648877809076 969
0.3963000266883172 0.2020093607765019 970
0.4140890540613325 0.2060614051587919 971
0.3653641229965882 0.2472077588898833 972
0.4149876519161246 0.1913910027519201 973
0.4359024765031954 0.2069260096802407 974
0.4301282113708592 0.2264176909275855 975
0.4569404279817668 0.2204261158229903 976
0.4498360713990259 0.1940563078969024 977
0.4655695636839446 0.1999744404668042 978
0.4781308586308939 0.2308349330577033 979
0.4874982905923594 0.2092667461527283 980
0.4975869058942902 0.1835164880293755 981
0.5190304330013343 0.2009156696765289 982
0.3828771263357857 0.2533665273172925 983
0.5092331547826973 0.2198274764336584 984
0.5331599001128836 0.2102692528667509 985
0.5289449999872029 0.1833921802279655 986
0.5510353286221809 0.1997074150981082 987
0.5541911282947056 0.2295145919790078 988
0.5808874071581874 0.202604001847238 989
0.5829967309309568 0.1753356107193793 990
0.6062478417350299 0.2045356984326809 991
0.604754047649503 0.2240728993866329 992
0.6361023074168357 0.2083804718997193 993
0.6321244379534022 0.1791289319277082 994
0.6566628597153683 0.1954230337236966 995
0.6616256242327081 0.2284787817352303 996
0.6791731483672375 0.2024857512475152 997
0.6785552290131025 0.1741630278886782 998
0.6996667776147196 0.1930157620941573 999
0.7013014180290591 0.2230976539410986 1000
0.7151869572423275 0.2026644809544833 1001
0.357188334471731 0.2685030905432628 1002
0.7246380979857443 0.1802355862499011 1003
0.7493899276580607 0.1899642233396959 1004
0.7383701615324967 0.2161044691815781 1005
0.7813803150736922 0.1982157910326873 1006
0.3793489850257932 0.272516186121034 1007
0.7786205428389614 0.1667202015865602 1008
0.809241713736113 0.1834435679633301 1009
0.8002311653409646 0.215002104285746 1010
0.8184419317790173 0.2060847672644363 1011
0.8331912526356207 0.1706197477539684 1012
0.8423781014663219 0.1939365348606307 1013
0.8520794022945848 0.2174772405323474 1014
0.8772199138934531 0.2035807074982417 1015
0.8893614970565483 0.2264310634515525 1016
0.9141264386457632 0.2116218327015437 1017
0.9020161490385695 0.1894388400869944 1018
0.9358622306415312 0.1976663457852053 1019
0.9300628266167938 0.2337637252258758 1020
0.9518713283093232 0.2156296590870894 1021
0.9500919366693699 0.1878737718431696 1022
0.9655352219119044 0.1956629942569141 1023
0.9755106891594141 0.2320920763351086 1024
0.9899311579793582 0.2069992796593628 1025
0.9967793931517728 0.1798953759180322 1026
1.023675516680582 0.1860943465292881 1027
1.02401427826018 0.2187930116459444 1028
1.048251394838521 0.2092603187728867 1029
1.049129750841066 0.1891316013672236 1030
1.074165532250056 0.1939113449276647 1031
1.066910983312652 0.2190624136222541 1032
1.100220322480114 0.1993823406940887 1033
1.125828030990951 0.2036893112678682 1034
1.125199157175176 0.2250120404726291 1035
1.151236040043753 0.2090507447136646 1036
1.152337674709665 0.1809342405562767 1037
1.178210842126596 0.1854956255695782 1038
1.177942489611579 0.213834289602068 1039
1.204504217438216 0.2167045755145593 1040
1.204046217169748 0.1881873756396552 1041
1.22971635682993 0.1895192810415969 1042
1.230139533892727 0.2182024857892908 1043
1.255323533236806 0.21823861309739 1044
1.255191333126934 0.1900793607114746 1045
1.280639433067862 0.1912156578604279 1046
1.280149681600669 0.2188482241381534 1047
1.30475405374595 0.2222002830662591 1048
1.306004654763908 0.1944529352539191 1049
1.331722000737104 0.1993494124420778 1050
1.330073846038252 0.2285826387436575 1051
1.357883035521011 0.2039497512784571 1052
1.358180152383447 0.1747144828988118 1053
1.383137018158627 0.1757743897188638 1054
1.385231358619514 0.2050090686737286 1055
1.413069437310423 0.2002456385594933 1056
1.408241785936402 0.1708898124946707 1057
1.439835376374249 0.1892445547046152 1058
1.451533702745677 0.2148290594909682 1059
1.474525235496269 0.1985837190571533 1060
1.464736839101485 0.1770549913601209 1061
1.490700555463105 0.1867366289369042 1062
1.490980513706234 0.2168343048773962 1063
1.51459318923721 0.192885277254161 1064
1.50953090015675 0.2361254463502993 1065
1.534693586173036 0.218667097072869 1066
1.547324752480647 0.1793513089956328 1067
1.561154472327837 0.2023605814117715 1068
1.552762950626419 0.2411547990389361 1069
1.578533056584237 0.223699227256195 1070
1.586130835443675 0.1868112101989084 1071
1.603481574465022 0.2068585752665222 1072
1.622380147818435 0.2265042256405651 1073
1.645399306477254 0.2098816550974943 1074
1.627416634948166 0.1904974682833221 1075
1.661551961088594 0.1968833429641901 1076
1.66603716767082 0.2265334968314463 1077
1.68668518747412 0.2038139319762484 1078
1.685176993089124 0.1742712131670731 1079
1.70935444224445 0.1958939682755601 1080
1.710457348367504 0.2242871910419437 1081
1.726275002422002 0.2052459100029222 1082
1.734439884707276 0.1829850803225921 1083
1.760564048782689 0.1904119344125566 1084
1.752319879826931 0.2161197613576225 1085
1.789318657717493 0.1945191248781487 1086
1.789514795955947 0.1656370342463391 1087
1.817248103048383 0.1938644842167378 1088
1.823558326805685 0.2175462352524744 1089
1.840808638082367 0.2108382966802485 1090
1.841609000570859 0.1937087629722385 1091
1.864504034469526 0.1994240625975397 1092
1.855498281172584 0.2199034816529526 1093
1.888365574553536 0.2098851630985191 1094
1.897323287015167 0.1846467557136721 1095
1.92283559324685 0.1977443030995286 1096
1.913906666814677 0.2218551562896109 1097
1.946728132527675 0.2079366871121865 1098
1.955130893417205 0.1877990227891729 1099
1.969560853684041 0.1959851436800363 1100
1.96934559241134 0.2119635454813729 1101
1.991794925140966 0.2077624623558607 1102
1.983654527060302 0.1876407354693736 1103
1.996458694029808 0.2323120755423968 1104
2.023012889081872 0.2223745969064644 1105
0.3039326112405679 0.1833393678654536 1106
2.030717912407686 0.2472643249644571 1107
0.3605269946576231 0.2854901270453742 1108
2.054681614257971 0.2344521832001503 1109
0.3736134828246332 0.2911883733734913 1110
0.3391930553293527 0.2805139762466384 1111
0.3497838701043896 0.2947606584451551 1112
0.3243274154306754 0.2906354822260644 1113
0.3327235595384304 0.3100259064474771 1114
0.3132939170314714 0.2971725884326812 1115
0.399852202327873 0.2752304554266561 1116
1.488115857254399 0.2535308123635697 1117
2.047733834973222 0.2125654022679969 1118
1.488315593728528 0.1682742726927035 1119
1.502917877029797 0.2723804457183915 1120
1.968471301212523 0.2363568479324459 1121
1.459205068388637 0.151461210438134 1122
0.8573259926744583 0.157008201764336 1123
0.8233515188409524 0.1480069913725331 1124
0.8637734654236942 0.2408088965438125 1125
0.8768361988172224 0.2639812591691946 1126
2.041005638588171 0.2726966006758556 1127
0.2889205420573038 0.2308537676919878 1128
0.850924030883364 0.2790394847561616 1129
0.3146079350786852 0.1773697915052757 1130
0.306315128838357 0.1668373597973526 1131
0.3169076364464992 0.1582196663722258 1132
0.3045394962330823 0.1479336062148714 1133
0.3139107241604051 0.1366495045535009 1134
0.3238088576813217 0.1256440604391321 1135
0.3383439691325439 0.1351079308694169 1136
0.3134368212906899 0.1149289197936738 1137
0.3315719237383964 0.1144606225194222 1138
0.346284170030785 0.1212748293134385 1139
0.2982877409776622 0.123112110721299 1140
0.2934584594586722 0.1035857663738702 1141
0.279499099594485 0.1194082101168236 1142
0.2776851497455497 0.1032683925233737 1143
0.2908208001275299 0.08716212779768863 1144
0.2758897743149097 0.08671832165339118 1145
0.2600421857388927 0.1020902796643382 1146
0.2606194282672786 0.08417650182821325 1147
0.2446898799967469 0.09388894305267716 1148
0.2461747333191937 0.08078699934641898 1149
0.2354640476246714 0.08966942457821815 1150
0.8468332841901755 0.1342465462645596 1151
0.3122868439077549 0.3096484595490229 1152
0.2978802644737772 0.3083608591389677 1153
1.484697490128531 0.1427814929633628 1154
2.070451420576044 0.2252242855840026 1155
2.070704258264342 0.2077615334477184 1156
1.487259031512072 0.2807757840984995 1157
2.012280209270716 0.287273309731607 1158
0.39638673786784 0.3020188704572812 1159
0.4272187106733945 0.2985496782846284 1160
0.2892443054589316 0.07221186489718065 1161
0.3519034330891861 0.10613968645118 1162
0.3698548298001891 0.1128749452380387 1163
0.3007679540470101 0.2898348631919175 1164
0.2822988879961986 0.2941333068189211 1165
0.2834359611519705 0.3096313234192403 1166
0.267758202759813 0.2966872217247148 1167
0.2679573520059659 0.3112932207538939 1168
0.252916558129419 0.3105457614552146 1169
0.2496543038756274 0.3247279300712841 1170
0.2393426082907317 0.3207794124093426 1171
0.2785077320899378 0.280451608548754 1172
0.3003101948939277 0.2321791920823517 1173
0.2542661182884914 0.2971644702391177 1174
0.8646765764582915 0.2999694842098615 1175
0.233353034474495 0.07944841810390799 1176
0.2216145454604782 0.08133511471915644 1177
0.3637227239277355 0.1291551647378536 1178
0.3885250605121665 0.1201395561383188 1179
0.393756794946213 0.1030910079660046 1180
0.4072382188076242 0.1097207101010332 1181
0.2427285303332494 0.3394716762783339 1182
0.2286023363717065 0.3294870840730081 1183
0.2255374754616618 0.3129815682886135 1184
0.2118049492354728 0.3158071838692703 1185
0.2121710675676735 0.3305518845918589 1186
0.198485121385195 0.3174303574147647 1187
0.199240202727525 0.3040493851879646 1188
0.1852893574358724 0.3177988617207228 1189
0.1715683495316938 0.316654658912358 1190
0.1747371425146675 0.3001847871334262 1191
0.1603420074715557 0.3001864379293078 1192
0.1578448224629007 0.3138002736030829 1193
0.1453387875383764 0.3093812082327116 1194
0.1484206842381959 0.2965268836368656 1195
0.131053730216885 0.3039356258335139 1196
0.1307526425517878 0.316607195205957 1197
0.1153164673260462 0.3089222739380646 1198
0.1221726829993457 0.294275212513823 1199
0.1120705395526838 0.296182746089525 1200
0.1094396047525762 0.2837312129142125 1201
0.09916280930560473 0.285184566000087 1202
0.1070766477032333 0.2708220397053325 1203
0.0951946762848821 0.2983752770788596 1204
0.09130086523145087 0.273972447577753 1205
0.092927978115664 0.2568308114491267 1206
0.1199940354816571 0.3219248219033131 1207
0.1185672562715916 0.269029124215825 1208
0.8115952079634372 0.1271934921267138 1209
0.07439440280290621 0.2682348980665613 1210
0.07874362604511931 0.2537687148056048 1211
0.09474666436640611 0.2459435816752664 1212
0.08369932835340199 0.2380511594991844 1213
0.09973201042017155 0.2270099182112802 1214
0.08768702594259237 0.215925643761351 1215
0.07595386060873066 0.2232509890492591 1216
0.08097675228862355 0.2079286126172445 1217
0.09772048792765187 0.2074838429630241 1218
0.08773871210375583 0.1966926323689577 1219
0.104486779683798 0.1913600881248885 1220
0.09116964251926074 0.1797798069721703 1221
0.07044804353703871 0.2104730049783391 1222
0.1048385123672751 0.1795206378932994 1223
0.09525930550885175 0.1658353920874987 1224
0.1077183367373513 0.1673584808554054 1225
0.09948794537219419 0.1519151882068444 1226
0.08242830457182304 0.164502017625689 1227
0.08516234701536307 0.1499501760738426 1228
0.1043644617883887 0.1372633816338951 1229
0.08682228929295288 0.1309920904611252 1230
0.110094148933908 0.1229142145443183 1231
0.09711522697668085 0.1150553301112451 1232
0.1159829788184071 0.1100711110501948 1233
0.1049636129125343 0.1024777583877928 1234
0.1201395224216724 0.1008691728577384 1235
0.127252318426864 0.1160754799939135 1236
0.1324834317889624 0.1008421848596814 1237
0.07049637783501161 0.1502344337041641 1238
0.1136176783306568 0.0923812962520104 1239
0.09360044003912305 0.09307728133914725 1240
0.145226163331847 0.1122096474249039 1241
0.1545946213348823 0.1039874630700465 1242
0.1466240871693651 0.09178558956168537 1243
0.1598789742855663 0.08672995097190429 1244
0.1659780242664257 0.09914346243655887 1245
0.1733940227200758 0.08444360291188976 1246
0.1779249922548586 0.09678020325619019 1247
0.1704292647878137 0.0705635750665016 1248
0.1850637828215828 0.07067053193604647 1249
0.2960082438747202 0.1579477653377061 1250
1.510636043071492 0.2962114500750325 1251
1.453986173294653 0.1232346264856516 1252
0.2279123472889824 0.09670615617635106 1253
0.2516695373370269 0.1120592534740415 1254
0.3522249641793439 0.3217722747757866 1255
0.2865863721956043 0.3245813767429139 1256
0.1071245108167386 0.24331893267977 1257
2.055651435195805 0.3024105324558183 1258
0.2816034602842528 0.1949272324772154 1259
0.1194535426936268 0.1425376150804076 1260
0.1382608654609989 0.1228645657103137 1261
0.07140500378474757 0.2791200246093638 1262
0.1690608615189886 0.05511288974396245 1263
0.8479272590646704 0.3101419260308148 1264
0.8253959092723699 0.30098534817696 1265
0.172129015736291 0.1097983244584519 1266
0.1826865134372877 0.1077657986826314 1267
0.4012777514142502 0.08592218763731768 1268
0.4220920494119451 0.09945768533954431 1269
0.4272269928951143 0.1251086991584177 1270
0.1119364532528047 0.227021908292848 1271
0.2150526104730347 0.06572149121717183 1272
0.2308571900058376 0.06470320476027808 1273
2.021024364127037 0.3153253985083624 1274
1.486761495451637 0.2981416852548043 1275
1.464761971159349 0.2934607743757036 1276
0.4233651106489459 0.318054018268986 1277
0.4477202734013281 0.3116572240120201 1278
0.8342434574980859 0.1128138057638397 1279
0.8711240632249146 0.1209121345412699 1280
1.4812720123333 0.1149331097443643 1281
1.507400469581968 0.108986426382205 1282
2.093634271574603 0.2103018648266453 1283
2.097079863710479 0.1841485251145556 1284
2.070018448737127 0.1824990594085606 1285
2.104127272792894 0.1596104910718363 1286
2.069296264723209 0.1473141097233404 1287
2.094550484852699 0.1196944730452365 1288
2.075869854514594 0.09936775212076088 1289
2.04104713906396 0.1116003542605589 1290
0.31190655857992 0.231427893344349 1291
0.1032033238642764 0.08115152450664649 1292
0.08064340227922906 0.08543982196888091 1293
2.078558095159647 0.3099981434906168 1294
2.096343703085261 0.2973861053712091 1295
0.4005831212170552 0.1800128507061464 1296
0.4429064051987907 0.2872771670651432 1297
0.4570412846332519 0.2945974181629296 1298
0.4619988035304433 0.3209247297286513 1299
0.4799281882151751 0.309140172589854 1300
0.2784039534347118 0.1332726330282459 1301
0.3056315798941414 0.08575042922890162 1302
0.303217376127814 0.07028278308347211 1303
0.1295245670003569 0.3337164900036242 1304
0.1175348362544509 0.3460226225788733 1305
0.2996303949312605 0.2475804586622443 1306
0.05573155921031026 0.2636633613839989 1307
0.4483215614204847 0.09954731206951403 1308
0.4725194827977641 0.1006075810418801 1309
0.4716190708288099 0.1268679721629473 1310
0.4965454938717448 0.1038778415713454 1311
0.5198573946241382 0.108955456430705 1312
0.261073745035311 0.06823983243315554 1313
0.2569059391663612 0.3483234620226804 1314
2.039507507660688 0.07731130124881333 1315
2.006185194191195 0.09909606635788819 1316
0.1546138972639336 0.1206385146160492 1317
0.4082871926917416 0.325598118275125 1318
0.5166063220284339 0.1337485980606725 1319
0.5422904839288281 0.1150688874255742 1320
0.8588395114292349 0.09858135048158798 1321
0.8959300225962304 0.1101942851029752 1322
0.8731311217041163 0.3216545585553674 1323
0.8972995991480062 0.3119666331685336 1324
0.2316932437791279 0.3575767956749399 1325
0.3810808741141025 0.07610664607195003 1326
0.4854018473827997 0.2814240915314229 1327
0.5077733164441697 0.2840624619360164 1328
0.5100734346868259 0.3090366792639211 1329
0.5352436886615102 0.3074371519187255 1330
0.2668806094861074 0.1291852893105142 1331
0.5490173528890039 0.09328646297122636 1332
0.564522537021023 0.101315108379088 1333
0.562321163293633 0.07351362224364819 1334
0.5798426309287177 0.09054859863452625 1335
0.5939268445209208 0.1173903933480554 1336
0.6181067662606867 0.09707370084829539 1337
0.06471462920989834 0.2298679926952949 1338
0.05512079058524555 0.2157624592220644 1339
0.8188386450132394 0.09299088842469264 1340
0.797041919199871 0.1082618984215964 1341
0.1773563492461806 0.119214998371733 1342
0.1517057909032321 0.05578161083062561 1343
0.1898345885792622 0.09608424386358151 1344
2.093128226802281 0.09040718434937747 1345
0.1934861333557282 0.1071550864499382 1346
0.2644979236399514 0.1391958859161632 1347
0.2552132586811244 0.1346071261465367 1348
0.5310416475271547 0.2821957577604887 1349
0.5591814505435123 0.3052046191135567 1350
0.5820889339979566 0.3054981857104648 1351
2.118828918731808 0.1373515772311071 1352
0.1489199797483227 0.1313963105285897 1353
1.44614057138268 0.08889977595748089 1354
1.418836418702729 0.1095091563414055 1355
0.8252101889963228 0.3306654713791533 1356
0.8005412089554718 0.3101568790811157 1357
1.506960079640484 0.08282528105632044 1358
1.531334710409065 0.1015593318819882 1359
1.51117435364568 0.3245406952216629 1360
0.3210151933197645 0.08456213602970496 1361
0.4176926594164451 0.1690621101298358 1362
2.106756046529425 0.319256382771156 1363
0.2864142987148395 0.2416468312893171 1364
0.2829693678640677 0.2520868612944464 1365
0.6187721424997646 0.1323988568111081 1366
0.633505688673359 0.1145029492778431 1367
0.6342242990217555 0.08646680450160989 1368
0.6491761109396156 0.09624657804626521 1369
0.5844693556930337 0.2767486261049016 1370
0.6055252771047632 0.2891552590118106 1371
0.605274978320421 0.3085057409739329 1372
0.6294993406901284 0.3107761669276289 1373
0.1176117489949657 0.2341948031344155 1374
0.8018668946147627 0.2691100230662469 1375
0.7756267407791823 0.2974714037134819 1376
0.7746878675677773 0.3303796795485753 1377
0.7530019426161021 0.3081401723840916 1378
0.758547860229537 0.2749541120275837 1379
0.7333289991832692 0.293558830071614 1380
0.7247915782228417 0.3263551349410504 1381
0.6967346594695137 0.289954221498839 1382
1.460356624286663 0.3189146430576744 1383
1.436086659298816 0.3121714292287617 1384
0.4127267000064307 0.06880773034919554 1385
2.084624835189367 0.2346876505202017 1386
2.118649503263657 0.2163767877208245 1387
1.441210233272473 0.2843554069455005 1388
1.41112298126229 0.3060953859103268 1389
1.409192309156978 0.3333676844233047 1390
1.384791392676393 0.3017959275826809 1391
1.386063774998836 0.2701775819020183 1392
1.357598777585798 0.2992098710532176 1393
1.357966493311689 0.3297471018845593 1394
1.329979060791664 0.2995759393178301 1395
1.304037222397249 0.3035683444671253 1396
1.30538439261647 0.3315436260296648 1397
1.279660915991657 0.3070263636974399 1398
1.278157521176622 0.2872862617030368 1399
1.255119138655896 0.3080965293101079 1400
1.253305900668428 0.3340055019666628 1401
1.229815070419704 0.3075500662219449 1402
1.230488424977307 0.2872364906794986 1403
1.204690819066981 0.3062799360164611 1404
0.3195044921108861 0.06775699056370454 1405
0.3384850249702978 0.06719987279243414 1406
1.984979408553242 0.2999455844480416 1407
1.534836813883533 0.1277443414116993 1408
1.559510242839736 0.1198551858912398 1409
1.554886359367951 0.09244934442824808 1410
1.584035076236276 0.1140524037642113 1411
1.586940888473423 0.1396706586753733 1412
1.609115751589135 0.1111595039466767 1413
1.605711288659698 0.08315927560052946 1414
1.63465620222559 0.1109878071911422 1415
1.634347841374806 0.1385956597300431 1416
1.660812328082677 0.1126297680281566 1417
1.659761287478223 0.08324043097587212 1418
1.68722239370253 0.1161015167344341 1419
1.713223470622075 0.1212176399060225 1420
1.71522896788046 0.09120914273721994 1421
1.737815487709741 0.09778229370905654 1422
1.738399952292481 0.1276660210633367 1423
1.762986641804749 0.1052577857241077 1424
1.759399477231428 0.07885293265901566 1425
1.787730710539045 0.1077958986844368 1426
1.813771652888971 0.1082554716275745 1427
1.810530439147443 0.07969622290447781 1428
1.841086612849532 0.1074187801799947 1429
1.843531234298895 0.1378912378054003 1430
1.868458477354088 0.1038060659604446 1431
2.110649993390266 0.2521221221121402 1432
0.9055344942643662 0.1313936195368761 1433
0.9231229990154841 0.1228288733418872 1434
0.9211678207294671 0.105826428499277 1435
0.9476741717022277 0.1086966671577689 1436
0.1854880518002101 0.05608455110740981 1437
0.9453414790126438 0.1350123766693143 1438
0.9746710177826194 0.115799223829609 1439
0.97699009265528 0.08802690007360306 1440
1.002424421774924 0.09604499594505353 1441
1.000694493312924 0.1230431741404267 1442
1.025743142430797 0.1287047560650581 1443
1.025534265408014 0.1016150892042358 1444
1.049751597987614 0.1048499555477354 1445
1.050595225205399 0.1330578864333344 1446
1.075216133048281 0.1079846068532837 1447
1.072861678324784 0.08005422410707007 1448
1.101167396865877 0.1122285746633175 1449
1.101415033328741 0.1412615148463725 1450
1.1270533743805 0.1180146557360226 1451
1.127906756583666 0.08955850516239135 1452
1.152566004288376 0.09740940236367344 1453
1.15247882770729 0.124270109447518 1454
1.176281946919416 0.102436316526784 1455
1.171624716499894 0.07737803566053972 1456
1.200809105744885 0.1044032445133629 1457
1.20276745021094 0.1318799654437123 1458
1.226390749968732 0.1050804658834684 1459
1.222544153897483 0.077941276040287 1460
1.252444848910911 0.1052802545625004 1461
1.254028268252109 0.1335149577608208 1462
1.279379822566212 0.1054592436355062 1463
0.6312664102457648 0.3348631015876598 1464
0.1246874014702852 0.2271936639016207 1465
0.117233275264025 0.2187368811279183 1466
1.20091161402685 0.3328776045252061 1467
1.180314596497405 0.3050566348002889 1468
1.18226734656913 0.2847538882888393 1469
1.15604395910181 0.3024537649464702 1470
2.131165114124161 0.30726672546211 1471
1.993256264551711 0.3249449057060638 1472
1.967116086092409 0.3102336312715708 1473
2.026401497652405 0.3447470126071315 1474
1.276881619612587 0.07773062449432705 1475
1.307921299430508 0.1059776480464157 1476
1.307744996262075 0.1361222950009215 1477
1.342568487156518 0.1059669858175354 1478
0.3289716957433484 0.2667285399570778 1479
0.05948001511681289 0.2822636456690068 1480
0.628097490648161 0.2803126396380324 1481
1.423358045254234 0.07585367087244971 1482
1.405736531933336 0.08722268276285049 1483
1.396939276370811 0.1232143426244817 1484
0.2729023470377069 0.2465920519586565 1485
0.2685361407267201 0.2555885048287024 1486
1.863909320908428 0.07801074944575231 1487
1.892399341445217 0.09509042779576604 1488
1.907029945719704 0.1179724695510816 1489
1.928717905147751 0.1037202340473868 1490
0.148864834852888 0.03875181702820932 1491
0.6469916986535176 0.1313486282237553 1492
0.6728577346508362 0.1137158809444888 1493
0.6802895701381803 0.08727468420468087 1494
0.7133515208063719 0.1104250823080593 1495
0.6996069851816475 0.07816736097369056 1496
0.7414125847258166 0.08661887926455683 1497
0.7430517474866022 0.1285986342523239 1498
0.4218179836614407 0.3428516726281503 1499
0.04066061846294255 0.2705610249973485 1500
0.1150763307998309 0.07038802916170644 1501
0.1056861574835208 0.06094136428118416 1502
0.5390512433875519 0.1388756599404375 1503
1.538715080254834 0.3246921935262079 1504
1.565647320777037 0.3276472681404578 1505
1.571627399790224 0.299020191160335 1506
1.593181640706562 0.3118985794004546 1507
1.591619016322996 0.3312799938973869 1508
1.618167734833897 0.3334297081495228 1509
1.619168946960488 0.3042719333305978 1510
1.650601731586113 0.3148029388927108 1511
1.644754382603046 0.3361506062568117 1512
1.667633749909761 0.3217304069444538 1513
1.666898959905659 0.2968325557487707 1514
1.6840441429121 0.3139480238869924 1515
1.152115946062632 0.3278960117313151 1516
1.129626767104394 0.3263649343436607 1517
1.130194052330141 0.3006411868259732 1518
1.104471058451687 0.3038850128680912 1519
1.914108469007653 0.08387891896941016 1520
1.943359614665776 0.09394768708317328 1521
1.94733344697168 0.1210107596520262 1522
1.333382438827237 0.07481237442763336 1523
0.05545433323792204 0.2000143957471593 1524
0.272349326875633 0.2155317772927941 1525
2.011164072213391 0.07534808344565802 1526
2.035510182894557 0.05070443591444135 1527
1.106549009727143 0.3285833474540337 1528
1.079931619707616 0.3082678181302029 1529
1.07849852793594 0.2900165895361344 1530
1.055428402443049 0.3102746518848982 1531
0.601642634087852 0.3366595235134078 1532
1.691577706581555 0.3338968690761231 1533
1.715147744101331 0.3303749397089649 1534
1.715785344401651 0.3020663928162364 1535
1.747720531793367 0.308437980989603 1536
0.8011030877954201 0.07447105096913922 1537
1.05606316092966 0.334571113501025 1538
1.031354618536664 0.3096748375251544 1539
1.032691855911829 0.2920523752168833 1540
1.007434247937807 0.3059252599312977 1541
1.004401161176267 0.3316118300144077 1542
0.9781922124035304 0.3285687129117028 1543
0.9813060655279924 0.3003900145326288 1544
0.2503665717411234 0.3654384844428845 1545
1.738849824885683 0.3323336110246627 1546
1.767103088847979 0.3196364264844221 1547
1.767579289897814 0.2920468107383523 1548
1.791929308647346 0.3115940923093421 1549
1.787751694220511 0.3380894696668791 1550
1.816418387013982 0.3185602243097365 1551
1.817094784935554 0.2888533205069214 1552
1.843339574423209 0.3017733300832784 1553
1.840201316719692 0.336576373010883 1554
1.867882948661648 0.3173332773413668 1555
1.866393171516429 0.2869264909220016 1556
1.892799476580596 0.3083194796855748 1557
1.892503080201514 0.3367449278911711 1558
0.03761034207119529 0.2108614838631452 1559
0.9024747229287344 0.3368160806071726 1560
0.3939961340820661 0.1614080130740849 1561
2.145154191606807 0.2516315426334143 1562
0.2157326301664149 0.0516169604332232 1563
0.2270671709957913 0.04836032022435058 1564
0.2883828007841286 0.06180737452897356 1565
0.4016611507014549 0.3597823911707213 1566
0.3881625712933887 0.3359661102134411 1567
0.6586726236344069 0.2921118124457573 1568
0.09644580847756146 0.3304186038769864 1569
0.09094512458928916 0.3574586942855265 1570
1.918812169988633 0.3156340276181145 1571
1.914537428660468 0.2828254929289687 1572
1.936843660145708 0.07676513877328175 1573
0.207460630805403 0.07423711678516684 1574
2.013275965928662 0.1377205345213176 1575
0.9517279170323087 0.3278162554251812 1576
0.9524364415894305 0.2985369541845976 1577
1.989817886618242 0.1195960084230235 1578
1.961240976994256 0.07433152024332382 1579
0.2273674585997242 0.3815409303560632 1580
0.2142614593308271 0.3619816684261434 1581
0.326831803307912 0.1706950726069085 1582
1.38432751499994 0.1036036897443782 1583
1.367181288062688 0.08467126720124726 1584
1.382422740789933 0.1323635764478133 1585
0.07671133816709741 0.09732882648356535 1586
0.06514602983805973 0.08067649833051574 1587
1.954020053704249 0.04999355086625007 1588
0.04333578294755069 0.2465010147470383 1589
0.5150491929166057 0.1573852546498651 1590
0.5872240654839648 0.1485425228513612 1591
0.8228770459302078 0.05849223074602627 1592
0.5788305417492154 0.05312365036997652 1593
0.2598794485632304 0.249438394702457 1594
0.2545832883767273 0.2577232235156317 1595
1.335406236060837 0.1406301355303372 1596
0.06685851255692299 0.2960814253101416 1597
0.06307875917659467 0.1034468408750251 1598
0.07086287633996013 0.06564379567363929 1599
0.06972191081611423 0.1643426708994576 1600
0.05618251912935013 0.1511858627638634 1601
0.05628238889981119 0.1659082538964274 1602
0.05615047908316173 0.1371835515381025 1603
0.04519363990911751 0.1382061134744192 1604
0.6988543679591519 0.3242020694061579 1605
0.6751897225067331 0.3216510876875875 1606
0.2448816720219688 0.04788255155502164 1607
0.1572981986224957 0.132028447021251 1608
0.1525732651171688 0.1422789833015753 1609
0.1400805183656659 0.1395071365991303 1610
0.3923769981295316 0.05165512358273072 1611
0.2679220458741044 0.3557726467344954 1612
0.2743468814901584 0.1442199590179052 1613
0.2687943299577294 0.1529256641748333 1614
0.3792921108843356 0.1792435206813231 1615
0.1174347681781067 0.2490965368539552 1616
0.1285525908894223 0.2452907986925635 1617
0.1287217473123794 0.3539319240416574 1618
0.1438807189297793 0.3471643218991516 1619
0.4146954604666545 0.04222821794338763 1620
2.081833664841874 0.3286560069738177 1621
1.968367433655345 0.3302520653568615 1622
0.1687048708349373 0.1225540424325013 1623
0.262799020876865 0.2640767511287546 1624
0.2553664409801595 0.2738673683871053 1625
0.248065906118337 0.2650746449467112 1626
0.2399782160759223 0.2705307672553184 1627
0.2435586973066516 0.2789306833215353 1628
0.230679746576699 0.2747830614105014 1629
0.2333905972992534 0.2838936520748976 1630
0.22090828014527 0.2782343851367077 1631
0.2222975266726237 0.2880711587507506 1632
0.211019903971548 0.2806612717433311 1633
0.2395368770761727 0.295157870032748 1634
0.2779467211621073 0.1592157985278027 1635
0.2695143532836529 0.1673349946900201 1636
0.2803255529016188 0.1734135554483912 1637
0.1303662355897872 0.05726588840282809 1638
0.1731455181774708 0.1305221268992771 1639
0.2461412450503895 0.02435764276284511 1640
1.91833111665187 0.3351088713309736 1641
0.2458997834861634 0.3864376324833553 1642
0.2571560262898415 0.1254535367358771 1643
0.2460565466288042 0.1301641882115325 1644
0.2442870887268715 0.1387748590499702 1645
1.889256481287784 0.3612007116963913 1646
0.6781413235789271 0.1473148926075772 1647
0.2937580129039207 0.2703477734060844 1648
0.1810855286393382 0.1278820334795808 1649
0.1624691927481529 0.1141631035562138 1650
0.07031527707889729 0.3576400746688839 1651
0.06718034512894255 0.3368106062755904 1652
0.122350551525008 0.1283532367478708 1653
0.2015807288922681 0.09615083375105284 1654
0.04945075498834983 0.3024275701556132 1655
0.1273683477934288 0.2160165537409909 1656
0.1173546310762712 0.2077360192386407 1657
0.2619225221821488 0.1590372526183946 1658
0.7601792774736593 0.1070779875132643 1659
0.7641245670184746 0.1414708213563232 1660
0.7632801241831105 0.07038890675835607 1661
0.4235759386859359 0.3689573886247264 1662
0.1267946542104756 0.2593240268821595 1663
0.1396227569725 0.2551997408825125 1664
0.1355219919291248 0.2638705161872393 1665
0.147439049961517 0.2614545300100469 1666
0.1440697868437576 0.2698226589379378 1667
0.1548432404079928 0.2655903724833942 1668
0.1527533292524772 0.2745108459924587 1669
0.1615618188020288 0.2772292124745696 1670
0.1315735392161674 0.2728646511234377 1671
0.1627859450239267 0.2678612619079801 1672
0.1700805464108435 0.2779650811314184 1673
0.1401399517129518 0.2415128323910267 1674
0.4057752351669408 0.1482680686019887 1675
0.4295924631326054 0.162735293652374 1676
0.04609262582808871 0.07774386625246252 1677
0.291398991724288 0.1391586076462465 1678
0.1291650319242994 0.140210479465215 1679
0.1272997783192488 0.1512943596537168 1680
0.1120560143159508 0.1554070054387333 1681
0.1189391573837028 0.1689910706588259 1682
0.131087187917461 0.1618921343281789 1683
0.5627652406849025 0.04382470651921086 1684
0.2412037791315077 0.1051043954404443 1685
0.227124542360514 0.1112783447991624 1686
0.2381745445917821 0.1157065271322644 1687
0.2267177749608322 0.1220906419818542 1688
0.2166610026456074 0.1193734196860156 1689
0.2155919415424427 0.1086098039061874 1690
0.2065811028851792 0.1177381813664261 1691
0.1072129473340429 0.2014278634653402 1692
0.7191117271588428 0.3552758823054608 1693
0.6109450117301861 0.1538218375268673 1694
0.2665307118314154 0.284536482398603 1695
0.8783069417827412 0.3460513345267373 1696
1.447010982485013 0.05552038965225797 1697
0.1167668658039946 0.1792872978781898 1698
0.1161053971989175 0.1894387969531002 1699
0.1267890958283197 0.1801860509048641 1700
0.2109975766665412 0.2908020831351986 1701
0.2001816800014063 0.2923657740765975 1702
0.2013368879103431 0.28220589618172 1703
0.1918313301741632 0.2828628325246796 1704
0.1899649959507406 0.2927318619299346 1705
0.1941412496342459 0.2738445462231591 1706
0.1858563139913283 0.2731255394063393 1707
0.3404744913832669 0.2546286896574521 1708
0.328822391589162 0.245446495699014 1709
0.1375821188684979 0.1735259194413917 1710
0.140974529218847 0.1629431463317529 1711
0.1377878237652879 0.1526973345889297 1712
0.1340439074358809 0.1904030003661145 1713
0.1365474330659211 0.2247987115463041 1714
0.2632541257420002 0.2198738799577286 1715
0.2704008687629225 0.2241094369765526 1716
0.2571505971919134 0.2354021969327412 1717
0.2526504511957876 0.2430143053546066 1718
0.7321451186158238 0.1544582265193177 1719
0.2292443065025451 0.2586214603002981 1720
0.2133555216130538 0.2641209373130471 1721
0.151997645672999 0.2449832589158278 1722
0.1621044033666128 0.1456093973951267 1723
0.1757538593168911 0.1381431156084678 1724
0.2163704080919848 0.1361513937500098 1725
0.232944166818066 0.1424547450173763 1726
0.2350980924047165 0.1347470980737906 1727
0.2674042392117537 0.1855730019701295 1728
0.2742586804805154 0.1795557069313207 1729
0.2590089758627738 0.1689875940321792 1730
0.2605850810919063 0.1472966629797735 1731
0.1336434554617424 0.1988210412123123 1732
0.2368411034895903 0.2550184562621057 1733
0.6455870763969194 0.2524050180345208 1734
0.04873274919695181 0.2284721792765301 1735
0.1997699839086788 0.1338655405624592 1736
0.1987118362416016 0.1260415159325686 1737
0.1443546923037249 0.3687233268076724 1738
0.1639711212237915 0.3688176409894314 1739
0.1647325805595773 0.3890552279308841 1740
0.1828334346058528 0.3678747705982859 1741
0.1823420348236392 0.3497337832599493 1742
0.1709422838377274 0.2695071928635809 1743
0.3157285279450933 0.2768785655013722 1744
0.02073139655038236 0.2848786820652219 1745
0.1994878158582017 0.3651557816844906 1746
0.1867004020873578 0.1176086023458751 1747
0.2966253997953182 0.1741920393683811 1748
0.2943239566130297 0.1884893212280597 1749
0.6866234628879111 0.05602417778735325 1750
0.702548722719243 0.04664241177965053 1751
0.6577786630223978 0.04973888421974559 1752
0.2881568283443476 0.180420196202677 1753
0.4286266576810157 0.05243286937199723 1754
0.08931032597038313 0.02306398550902206 1755
0.02553265062145438 0.2566611811211646 1756
0.3216564153767505 0.09964491295509922 1757
0.1016776728389314 0.3815865672297913 1758
0.1059530190839494 0.2578780835235324 1759
0.6533397992996195 0.1526714433911328 1760
0.3377354270830906 0.02421452266050292 1761
0.3058678505012976 0.02719139961384656 1762
0.05801451594930285 0.04678456548022064 1763
0.4377946357265597 0.3594715436557214 1764
0.472584650772778 0.3702829337536944 1765
0.59284712789367 0.02852856223274197 1766
0.403194212144797 0.3863591621773119 1767
0.1980521269658276 0.3482219815605515 1768
0.6634075597897267 0.350628501849169 1769
0.2783178053164952 0.2621370465862768 1770
0.1061873864054542 0.2144735854243272 1771
0.02010383104484603 0.1199625827860631 1772
0.02531130996806574 0.1441910616146654 1773
0.3460948102190744 0.3859402521223407 1774
0.3440733967412496 0.361988436279987 1775
0.3197497625649379 0.3866008496682629 1776
0.3145385197323584 0.3584723831064565 1777
0.3461139824327132 0.3399235367838154 1778
0.02396832335472232 0.3330389762699583 1779
2.145737518076152 0.2215831621378676 1780
0.02356481226618956 0.07879201260101415 1781
0.01960707008220441 0.2073891348626092 1782
0.1651022902237324 0.3496165607054917 1783
0.04302907519695709 0.1890058736511434 1784
0.2651307581599336 0.2117541087393893 1785
1.50749663155531 0.3536928391679568 1786
1.534750939652579 0.3545242475589367 1787
1.480072912108721 0.3511539786220043 1788
0.1319314037516836 0.2325231678146686 1789
0.1662080640466838 0.01977601942479093 1790
0.04795487342768689 0.3588687243124007 1791
0.08832007655449936 0.04497665231771983 1792
0.2663165466812644 0.1175222304653211 1793
0.1867399528113003 0.08391768282386451 1794
0.1440248237138235 0.02053820602043799 1795
0.3597039573205709 0.0697826458075865 1796
0.3935738190031357 0.02418459999763703 1797
0.2789788148441501 0.2277632442579623 1798
0.4827558366301911 0.02620211396657743 1799
0.4596630696840207 0.05051533944930289 1800
0.4796397592410616 0.05069107871924342 1801
0.5119702627026614 0.02598483570414087 1802
0.5072215422581451 0.05223206025080981 1803
0.2152002516566709 0.02757440969270547 1804
0.1711152653781127 0.2873310124944308 1805
0.3486640232584804 0.2390808183424609 1806
0.6706375061760919 0.2690842419972234 1807
0.2872405849952928 0.0443126081101132 1808
2.173103473234133 0.2271265216013934 1809
2.146545033329332 0.1921553111400316 1810
2.173677836241034 0.1684304072473939 1811
0.5257448222308203 0.3857750777628985 1812
0.521808159229494 0.3611326229325566 1813
0.4945022569042972 0.1298026183476755 1814
0.4712903147861197 0.1526316005993069 1815
0.4941156390226782 0.1550018837393499 1816
0.9891388196094556 0.2732349945522184 1817
0.5498882308722993 0.3583216380165004 1818
1.943755810434006 0.3326922431787397 1819
1.942474223046275 0.3586604022990831 1820
1.945402619229186 0.2995333329188886 1821
1.930883148883896 0.2580764856142967 1822
0.1256046990517324 0.1983430985560676 1823
0.7276584154831002 0.2691464207472331 1824
0.7094805056105917 0.2605713251205069 1825
0.7424840277775542 0.2557511629497523 1826
0.774848237691858 0.2611453113592875 1827
0.8001838705952617 0.2353119256987798 1828
0.8366251743985129 0.2548179416871878 1829
0.6325767945957892 0.1402465031345893 1830
0.9527524600362681 0.2622730089914935 1831
0.9163284638449966 0.2755373865116653 1832
1.003914865857334 0.2472630962378483 1833
1.031067261996303 0.2626996215178493 1834
0.05674604154101237 0.1226544640668166 1835
0.7057743668648604 0.1473697124113666 1836
1.902547580732611 0.2453523860935115 1837
2.121168486904589 0.2844330894001965 1838
2.147849950060737 0.2979899867750349 1839
2.121541693348146 0.1889977000400945 1840
2.114469029982478 0.0254785099708591 1841
2.14428698026475 0.05282243076165924 1842
2.172162398224236 0.05558505699838892 1843
2.143779803606323 0.08036080396113437 1844
2.116472129211142 0.07587504589376981 1845
2.140447172605674 0.1136521752452049 1846
2.153756903787734 0.1379051002765927 1847
0.4489423404281097 0.1251561642756212 1848
2.082109319873967 0.2762816318462154 1849
0.7915523833384653 0.1404757359119782 1850
1.015826779746689 0.2838015077328891 1851
1.055149988421058 0.2831931768804507 1852
1.076669363641072 0.259324278128672 1853
2.116431358385181 0.05103291311725455 1854
2.089529514481411 0.05016561162831618 1855
2.057938451797739 0.02523863845121413 1856
2.029654689297438 0.02524012791157032 1857
1.469684579453609 0.2358396704153414 1858
1.452085669202599 0.2579989339521455 1859
1.423432653889017 0.2372798186950788 1860
1.387069880084737 0.2368884748135744 1861
1.562057135167956 0.3557229915301583 1862
1.52686142915239 0.2586460143562537 1863
1.357555517629119 0.2341359677065534 1864
1.3226153207003 0.2624420697558332 1865
1.302333602374615 0.2435562486049338 1866
1.278180634425884 0.2506673858480722 1867
1.927346075902286 0.138322689433318 1868
1.949562797530731 0.1554940629236882 1869
1.879530732833776 0.1383909774563474 1870
1.910033035370249 0.1596571012117679 1871
1.470270984502195 0.02765870420432107 1872
1.47563025833804 0.05613415787034459 1873
1.506356477021859 0.05608389802567229 1874
1.532206622565232 0.02833922261697075 1875
1.545471221646806 0.05985338409994642 1876
1.571963871045058 0.05695744210843381 1877
1.059053726353229 0.02617920631529216 1878
1.039789485758416 0.0517548201838208 1879
1.013017296251656 0.05200067554350626 1880
1.001096985062788 0.02627008979715911 1881
0.9861529200086092 0.05590054151246046 1882
0.9450592872159597 0.05452775017831005 1883
0.9386205010349603 0.02700578639211432 1884
0.9106474449856397 0.05464003293484518 1885
0.8739965123431734 0.02657733509606641 1886
0.8715008075235509 0.05783583599552689 1887
1.06741563987141 0.05293086478506498 1888
1.097188335156941 0.05473822172763892 1889
1.11977175999185 0.02692491226412469 1890
1.134051091842163 0.05736380240217079 1891
1.161800051988768 0.05263993662411565 1892
1.1782027589983 0.02588732144510283 1893
1.188474740431157 0.05180127344749347 1894
1.215829316664143 0.05161468981498799 1895
1.235415471773831 0.02555393405067369 1896
1.243473712348268 0.0514592481082374 1897
1.648633087016101 0.02680200889680562 1898
1.627291665472728 0.05430095121172254 1899
1.655643906539998 0.05467734093727517 1900
1.685907396362357 0.05575822142375211 1901
1.709726913332791 0.02704588937110669 1902
1.723642640822208 0.0567217774084465 1903
1.750772409055255 0.05321026261977699 1904
1.768010110288008 0.02619345973389045 1905
1.77731585570567 0.05269150496076344 1906
1.80473014025847 0.05252180880313312 1907
1.825454070767436 0.02611775352118706 1908
1.832517255206078 0.0524114745860923 1909
1.860843169254442 0.05316147328986659 1910
1.885291707199772 0.02713129226099761 1911
1.893972338398885 0.05912914772063849 1912
0.8183155566387719 0.02580695897575835 1913
1.293401814837001 0.02517070465098792 1914
1.300337800466809 0.0506476639120092 1915
1.328054224888698 0.05020916053576346 1916
1.351495612157142 0.02652080228734968 1917
1.411774750244174 0.02769044426392661 1918
1.386636194433215 0.06082624442259602 1919
0.7607948882052108 0.03330803547920783 1920
1.839074363082701 0.2363386220422273 1921
1.861343318815705 0.2521430078001255 1922
2.097846380909311 0.3780811336145071 1923
1.427609917152379 0.1346354676695971 1924
1.163082823659182 0.2762186517124937 1925
1.128160189790974 0.2659218522598576 1926
1.179524679013535 0.2470822479593512 1927
1.255034540116536 0.2404956824477639 1928
1.231025931498036 0.2559854430068568 1929
1.866048862364524 0.3366427755076611 1930
1.835009652718746 0.3618578504222921 1931
1.813432940290384 0.3374426736044603 1932
2.01568144420033 0.1981047369194514 1933
1.815538136518527 0.1376628886466704 1934
2.146389434583423 0.3854993404152299 1935
1.572547284727086 0.2625261857812066 1936
1.597985492982254 0.2436798436100126 1937
1.870885678626619 0.1734293681923305 1938
1.815966495110963 0.2528610292631208 1939
1.789228886440253 0.2274623895769196 1940
0.9755607225686304 0.3567677477012468 1941
0.9490343049911188 0.355890678973617 1942
1.002318211964586 0.3582984648837434 1943
0.9238716389488302 0.3557104656283551 1944
1.030298630013245 0.3340261749596906 1945
1.619532887764608 0.2627874832003958 1946
1.643537886071872 0.2443885872127776 1947
1.509863453936401 0.1354065772336985 1948
1.76351283481149 0.1331830473062452 1949
1.762485669064614 0.3362953660335455 1950
1.996896427229003 0.3519578873309364 1951
2.033012595329357 0.378466765737015 1952
2.06278396791624 0.3627418073850717 1953
2.066192815236814 0.2552319215877875 1954
1.278991379729896 0.3330654513142586 1955
1.302542897253624 0.3586183059482688 1956
1.248252814823299 0.3597956206089299 1957
1.226567939264736 0.3336958471457007 1958
1.331084840182829 0.3299244709191119 1959
1.356361772169603 0.3576886827461394 1960
1.383959299082533 0.3307688759037851 1961
1.408540324575638 0.3578553652890285 1962
1.431750541223306 0.3381667511140758 1963
1.713787330929458 0.3474828812033581 1964
1.668800773040391 0.3372914037640387 1965
1.711913493418534 0.1504421347937535 1966
1.735930686821865 0.2389731320071722 1967
1.659382517246373 0.1418434167760771 1968
1.616726457393163 0.3588157668735907 1969
1.564003870934443 0.1452850263372119 1970
1.689276558386136 0.2427716341791415 1971
1.610105289598015 0.1378211183199531 1972
1.666477744357392 0.2616109300086292 1973
1.128355688416153 0.3440346412029051 1974
1.175532586076621 0.3306716237835351 1975
1.280422885280087 0.1343932124635147 1976
1.714228509796266 0.2599321803491261 1977
1.081869239966747 0.3322013165667714 1978
1.228154769917131 0.1330168147149799 1979
1.763923433329846 0.2545593093495202 1980
1.177482141962345 0.1290219077672103 1981
0.7017986700231447 0.1746554668043359 1982
1.126966229347594 0.1467611388844875 1983
1.075827249340913 0.1370049230570137 1984
0.7998437411043098 0.3309294255283122 1985
0.8249095476611523 0.356279325773937 1986
0.7717107342187086 0.3570801879318501 1987
2.05590681382077 0.3362059966417593 1988
0.1366835804742732 0.2906103419624294 1989
2.115583645830722 0.3430977788587005 1990
1.643524735168501 0.3845257664670269 1991
1.122286702561165 0.375996469204647 1992
1.708548345462895 0.3775701986085627 1993
1.18395544827313 0.3843350743697566 1994
0.8870167403963813 0.3744348086939966 1995
0.5973240297046072 0.3822556262669754 1996
0.7670622691737897 0.3836000950140019 1997
1.586597393655512 0.3837144478483585 1998
1.408694000113897 0.382589903824833 1999
1.056410049338425 0.384634862311065 2000
0.7115551523720026 0.3829615430922174 2001
0.8232031608931616 0.3828208555300857 2002
0.6548479000421616 0.3825149335616588 2003
0.6315226785744801 0.357900630101039 2004
1.770839708194766 0.3854907454586743 2005
1.382436405633993 0.1497185610840482 2006
1.47346019602811 0.271781470865152 2007
2.002603423545954 0.2592468114700178 2008
1.544415609972347 0.2884849083549595 2009
1.51323450488452 0.1617704627554601 2010
0.9731674734568494 0.1442253078496033 2011
1.433664868098873 0.1616689671433667 2012
0.9160501741052824 0.1533899984676333 2013
1.240484358148999 0.3850704930172818 2014
2.031686613084702 0.1616343587805307 2015
1.57226584551218 0.1669802495808361 2016
1.966529894821134 0.2704142619012033 2017
1.60944385899161 0.1660861022183197 2018
1.653178873530944 0.172805542386914 2019
1.816194724707077 0.1663772723921041 2020
0.1555509523942009 0.1504968480070944 2021
1.41507856620503 0.2754438489314959 2022
1.710122927265472 0.1768458386140229 2023
1.762956130513153 0.1616336357762517 2024
1.595142956071001 0.2816555627369868 2025
1.095863621533568 0.2799565002212887 2026
2.041763110909558 0.188253813679238 2027
0.8007572257238327 0.1603122842112981 2028
1.539445101001612 0.153807755568986 2029
0.8814698180468745 0.1439540917965699 2030
1.404014172970087 0.1448692300724282 2031
1.35671270561645 0.2665883761417519 2032
1.643460032262495 0.2807727154658304 2033
1.294773346659196 0.2778642601040281 2034
0.3794522127498053 0.1978484256561681 2035
1.144835153074521 0.2353815524347914 2036
0.605202455190518 0.2561464085636073 2037
0.5730101835140866 0.255004112567143 2038
0.5536049354846927 0.2547591368380804 2039
0.3770339685924833 0.3190344445379882 2040
1.204941891926026 0.2382191119883622 2041
1.254304559863346 0.2787516073791164 2042
1.58857369174415 0.1573993084530285 2043
1.205951320421479 0.2712660143419227 2044
1.099642607414126 0.2333211253603816 2045
1.940245438743875 0.2315085571886447 2046
1.690345285805667 0.2794896479841824 2047
0.02036260987525296 0.18525803734089 2048
2.004932194105904 0.1756517483309864 2049
1.050507974129653 0.2412405593217789 2050
0.2077054588464986 0.1267267006656636 2051
0.8268034484271034 0.2291280770792464 2052
0.8493612372346411 0.3280447480442509 2053
0.8428106203665287 0.07771672903334031 2054
1.632468849189097 0.1584722942591877 2055
1.989017370013208 0.155574365583282 2056
1.944657829548664 0.02510889688973694 2057
1.740781869133603 0.2764314936288538 2058
0.4216337199303423 0.2733538322193978 2059
0.4428284934661918 0.2711196159883352 2060
0.4187799620019262 0.2514247556199485 2061
0.463763510357411 0.2748327675963959 2062
0.4913249422967075 0.2604562906808055 2063
0.5069323585126425 0.2668463576475333 2064
0.4697405620529378 0.2526923667644382 2065
1.685580944489154 0.1457938969403757 2066
0.8670847493377136 0.1803283086892168 2067
1.791148841294898 0.2720683485733911 2068
1.737072554144374 0.1558590301770126 2069
0.9036675454802956 0.2499702871838985 2070
0.7498290042940312 0.3289698787412497 2071
1.840438993455879 0.2701942906267075 2072
1.789111105190187 0.1361715527634301 2073
1.88632095611992 0.2672634252305511 2074
0.5583064385089824 0.1698426318416028 2075
1.843354621834266 0.1677290831837266 2076
0.724560103622792 0.05885685527635612 2077
1.271527078763421 0.05122442688207826 2078
0.5648838169231405 0.1188799265470538 2079
2.146312797057146 0.2794454879063316 2080
0.2119269260275026 0.2718885573021489 2081
1.934350509766011 0.175224603483431 2082
0.5820705080697084 0.3235071040720185 2083
1.969314833860913 0.1713631722466645 2084
2.066916875176479 0.07539077527815607 2085
0.8886291071011995 0.2877658383266207 2086
1.966049446262244 0.1003536975214529 2087
0.3758072985229333 0.1548835796255829 2088
0.360820901219736 0.1664373380939592 2089
1.876924536643094 0.2319079784714812 2090
0.8915729576965563 0.1667801425933073 2091
1.985280768305979 0.07342946243874565 2092
0.9235255081759928 0.3035020861774372 2093
1.986704136575737 0.09077268513568124 2094
0.9255393567689596 0.1766535361965885 2095
0.1392911335498428 0.07687888643772298 2096
0.605487786373806 0.06939363007783955 2097
0.9258713417499624 0.3305550949802614 2098
0.1338432572726234 0.04067151806555877 2099
0.3195958866602456 0.2546950464568192 2100
1.353045105858638 0.3841454771501669 2101
0.4758352854600765 0.075188177468024 2102
0.7672004301583576 0.234911740929577 2103
0.5415717314258288 0.3326544878291063 2104
0.9481357906967407 0.1694750826410191 2105
1.96891040338267 0.1375997897003109 2106
0.9711684817377279 0.1717992702538309 2107
0.49570281192924 0.3638530789571347 2108
0.7830921260431123 0.05616128709027854 2109
0.05974660307900681 0.3185175185307391 2110
0.9990265903807581 0.1512114303579853 2111
0.7232418967989778 0.2386115402324071 2112
0.6760986042656063 0.3017049414488134 2113
2.122410142944004 0.1694896719195483 2114
1.024717739220972 0.1569824583161494 2115
2.165688337019003 0.307022816591885 2116
1.050128939149861 0.1614641025712424 2117
0.1813660033732584 0.2828670642115066 2118
0.4890311190518496 0.3386890782664939 2119
0.6858185903910966 0.2454631331321998 2120
0.3552708458911716 0.1445809755400678 2121
1.101041624501215 0.1703803092535223 2122
0.1639176118855465 0.258269767019817 2123
0.3235735336692621 0.2177657967080692 2124
1.075437946817017 0.1657311053739702 2125
1.152492305789352 0.1523148255845992 2126
0.1983391254079687 0.07215530594882019 2127
0.6217801269995162 0.2358083843746352 2128
0.05218153342875098 0.3832514993516027 2129
1.296956632963366 0.3846061697409169 2130
1.203556005563676 0.1597422921939077 2131
0.135237738366477 0.2154828895442054 2132
0.4700056091335609 0.1774509819047106 2133
1.126552119414056 0.1754752137666151 2134
0.04192897100157089 0.1495522373217294 2135
0.2428406075972881 0.147804591967506 2136
0.400157465372739 0.254614676468006 2137
1.254786588569604 0.1619604667044199 2138
0.276483397563004 0.1915122692337879 2139
2.148240895925431 0.3307971047645769 2140
2.147488049304134 0.3610830753919688 2141
0.2677706785317967 0.2325912257498847 2142
0.3751567689206534 0.09533548785151544 2143
1.177980828881299 0.1567313573075164 2144
1.306787817468511 0.1659042642287777 2145
0.6625734892002912 0.07123322417558209 2146
0.5146953655949419 0.1742760619755022 2147
1.229089235270488 0.1611008597974938 2148
0.4268700635591122 0.1855602677289026 2149
1.280676385946036 0.1632916217652387 2150
1.484702508448706 0.3231364483741221 2151
0.6533750740949615 0.3154016155883781 2152
2.172859676530335 0.2563922971269436 2153
1.332892391747271 0.1702344089426386 2154
0.1833134849908531 0.1356996129165747 2155
1.360617779215525 0.1468589350926685 2156
0.109662471611358 0.0480323893809019 2157
0.1393639948901652 0.3220929374311429 2158
0.2551830067086442 0.2857538528535041 2159
1.368415785254078 0.1230162755142274 2160
0.4268013705698401 0.07940662499519555 2161
0.4367393888128216 0.3279687798417062 2162
1.454279248121354 0.3452650635281512 2163
0.2238390698866197 0.343961216872069 2164
1.599183433589177 0.05519438149586209 2165
1.193570303421688 0.3585224727144319 2166
1.827394703046178 0.3861095205954887 2167
0.540213214343192 0.05543713101352882 2168
0.3378323791402031 0.08553142487260344 2169
1.590230264169708 0.02742861840452887 2170
1.939687656770589 0.3843410092179277 2171
0.2167665290438742 0.1284022996214935 2172
0.06541456375422627 0.2477391550944638 2173
0.3632577573419471 0.3066767065584849 2174
0.3328373349253393 0.1854518390293422 2175
2.173462854024335 0.3572039823500197 2176
0.1872451169954952 0.03996423755270637 2177
0.3380920866889772 0.04700172914522513 2178
0.295954326471821 0.339415917642629 2179
0.3653210386134789 0.3277084931391704 2180
1.97307040279 0.0248737131975782 2181
0.1735461986752674 0.2617326116477369 2182
0.2971538356507589 0.3195624927362408 2183
1.056663246137774 0.3592124062862559 2184
0.2699416550071825 0.03526705173111827 2185
0.1250716639167671 0.08422753496399842 2186
0.5767644238043548 0.3513882017659147 2187
1.354348172196648 0.05223964389469063 2188
0.3252528082208719 0.3334218332250022 2189
0.7561691944586701 0.1634918461176667 2190
1.883781270122888 0.3856798928775059 2191
0.3082494575870212 0.1011767682991604 2192
0.04150415531519824 0.1015960125740441 2193
1.780330598906252 0.3612808336594351 2194
0.480490406664831 0.3876122014026281 2195
0.6357377828916613 0.0684951774648859 2196
0.5355858747350846 0.1626238009692086 2197
0.06935595181721732 0.1933266145624476 2198
0.5000912636467263 0.2406291760677624 2199
0.3118361787439161 0.218858449280845 2200
0.1891018655121115 0.2654540783504327 2201
0.2391930261807986 0.3106574145078181 2202
0.275874294859986 0.07125072898485371 2203
0.382939181829037 0.1374518601021179 2204
0.07806969244602624 0.177747830350142 2205
0.1028553381949036 0.3115928252411926 2206
0.1564736357977825 0.2597304598532325 2207
0.225839826787501 0.131068484336496 2208
0.04570669695870544 0.02425884341919071 2209
0.2983456605781075 0.05624207209009036 2210
0.9471922221159939 0.08267155367876548 2211
0.2671234633099295 0.3697699669262031 2212
2.007663698406758 0.05016585086918279 2213
0.2466089444592028 0.2859792397588677 2214
0.06987776234224019 0.1355250301384793 2215
0.2457619421426964 0.06554650082468419 2216
0.2682120182436881 0.3313801780975266 2217
1.110687871262561 0.3507507070681471 2218
0.08013001233377781 0.28687439452335 2219
0.04520898702715126 0.322776109861059 2220
0.1090027234601266 0.3623858956184279 2221
0.08906525582595548 0.374026868827408 2222
0.07071483208436913 0.2385636370758998 2223
1.644012939752074 0.359710366422166 2224
0.2242397397494954 0.2997776096201185 2225
0.2894820487097801 0.2002801584600039 2226
1.145956429832218 0.3529430093782882 2227
0.3643935250015924 0.1971012141969381 2228
0.116669028155451 0.1989720394760286 2229
0.3281356128976874 0.1476920945507913 2230
1.418592543768691 0.05556354974364452 2231
0.07808787802137007 0.3104592347840411 2232
1.526564391615451 0.08273559917044883 2233
0.0851811049715343 0.1054843701212812 2234
0.778058451499698 0.1494220917619908 2235
0.3991345488827791 0.2407264152334131 2236
0.371141283283108 0.362443968899496 2237
0.2438041957609129 0.2602320496075901 2238
0.5271077768155414 0.08441245755891764 2239
2.143076113309765 0.1602959857760116 2240
0.8460846604594668 0.0459805563469636 2241
0.8860591143408941 0.08742771650179275 2242
0.2364827701599632 0.1257092168418477 2243
0.5242127779683257 0.2544858945053989 2244
0.05990792702572145 0.1797066563833508 2245
0.1469853579262288 0.2386938624960661 2246
1.004312076887134 0.07738220965613221 2247
0.2002883980097103 0.05928856655591125 2248
1.729131319168919 0.3534876274492871 2249
0.07562760867231888 0.116585894352606 2250
1.579139512640368 0.08636903657589115 2251
0.1287525645453304 0.1709695481047668 2252
0.1333181202804991 0.1455404487613684 2253
0.8517639996009371 0.3528579404250873 2254
1.687646265664662 0.08618582165714346 2255
1.696618391475484 0.3571699341002792 2256
0.3632499027750908 0.04797816409869607 2257
0.6480275397090032 0.02796022264043341 2258
0.2045645730638038 0.04537660185569778 2259
0.9055447026739979 0.3547898708362205 2260
2.110173617422581 0.09901662211424661 2261
0.6178849777060769 0.03625649399728131 2262
0.7499801935700455 0.05496892573893583 2263
0.4595771470753129 0.3428134290076333 2264
0.5626717906394211 0.1436111970215046 2265
0.2543650143589898 0.1622040940946559 2266
0.2208669183150861 0.2695714030143364 2267
1.589287211171423 0.3572950445560887 2268
1.153705356148334 0.07858881594015404 2269
0.1859811562295951 0.3878975204554636 2270
0.3137334962694647 0.2432788880138989 2271
0.4072095616751614 0.124563812525906 2272
0.9996403654985382 0.3843596646587911 2273
2.053944356900549 0.3925110970470758 2274
0.1594256478541177 0.1380894756706043 2275
0.6990398815029277 0.02730098624098032 2276
0.6920663587581065 0.3535506978369101 2277
1.741349726497958 0.07945153409455485 2278
0.2480835521041066 0.1208939800831798 2279
0.9439406009702508 0.3829977899617554 2280
0.5677008981183536 0.02535561284117807 2281
0.1990785884805366 0.08418710545313524 2282
1.426382049599244 0.3562033646911176 2283
1.631918822698439 0.08284124184634457 2284
0.2916376690575253 0.2563295196564535 2285
1.997452468878454 0.3807765411833282 2286
0.2812033594228898 0.1858354984403918 2287
1.47286580765471 0.3799234783444896 2288
0.1970624245284535 0.2660188178127532 2289
0.1519619510005371 0.2554121164818168 2290
0.4447586810450334 0.174301017882743 2291
1.478154437059454 0.08568360417286325 2292
0.6109490769346968 0.3584207061695719 2293
1.100299665873163 0.08385786307638721 2294
2.172040866508319 0.0844539264010345 2295
0.08922442013641119 0.06745192567574704 2296
0.2876389274666569 0.166252239425504 2297
0.1875791393403703 0.3040470919786573 2298
0.1506830097482348 0.2847572649692734 2299
0.4204993775091888 0.02485078377900371 2300
0.3222176372060959 0.1096749848611525 2301
0.7781716969981941 0.123997964931417 2302
1.046125233882499 0.07817423488713263 2303
0.3076808156930665 0.2629368718141405 2304
0.2687853710011762 0.1749285597677844 2305
0.1449349973037177 0.1476385983265579 2306
1.882820687753484 0.07817825372839882 2307
0.5154608375079947 0.3352479117513445 2308
0.2377667780548538 0.2628565382660751 2309
1.530064542389163 0.3825974204401927 2310
0.4114652673477355 0.2289543791921091 2311
0.2296086458134365 0.266430537203843 2312
2.173849422072873 0.1412375689348224 2313
0.2649342673489147 0.2765366306320208 2314
0.7979643342077121 0.3570597221724886 2315
0.1550570132023291 0.07230905921462544 2316
0.1405907546919311 0.2794927017445997 2317
0.3157496025368947 0.05002938570723359 2318
0.1824692577422433 0.2918529251831075 2319
0.7450914910462024 0.3562038530226053 2320
0.04052273688459973 0.2883071677555673 2321
0.4475355162490899 0.07084733792769282 2322
0.7803925247654721 0.08989233026966052 2323
0.530585273749607 0.2271336901167131 2324
0.125684938998998 0.1894967182281108 2325
1.19587077498101 0.07783967117095042 2326
0.1615222797847873 0.1275740925958498 2327
0.2154385294656609 0.3761890539198276 2328
0.1103612334641715 0.2079839877314071 2329
0.4290877352600737 0.3858714489355034 2330
0.6486567415193283 0.3326798870170402 2331
0.6082367708144987 0.1785508422215588 2332
0.2865392749250208 0.19246068432182 2333
1.305067202088875 0.0774535325675606 2334
0.02648405654293673 0.3830932341846132 2335
0.2849595615745094 0.1502411156941497 2336
1.837162666691222 0.07927693548174181 2337
0.3228518776273738 0.230831543220717 2338
0.1260154433367021 0.3673143140963722 2339
0.2884799165006937 0.3727316810313192 2340
0.2135708742291028 0.09631584659140757 2341
0.4285922253556292 0.1470477585555763 2342
0.2634827691139529 0.05191660500355702 2343
0.1964374640644653 0.117132859217861 2344
1.382688057926463 0.3576969160597619 2345
1.783751695000276 0.07974028311499681 2346
2.089169839576166 0.3529517033050479 2347
1.274949562550887 0.3591725289611746 2348
0.1895484274017795 0.1264209797004642 2349
0.117201396743378 0.2580030296887756 2350
0.2764362345145599 0.2371735360305961 2351
0.1456146887544131 0.2491250284089288 2352
2.17145565569872 0.02773265494807392 2353
0.1680594637903117 0.3321641537081013 2354
1.220435512796477 0.359401829323803 2355
0.03723083753375667 0.1253571977708962 2356
2.172511169152666 0.383286484295249 2357
0.5557922959530052 0.2799690321287085 2358
0.1979814370711342 0.3322698058900841 2359
0.3473257978080748 0.1821453792495331 2360
0.1236841432570204 0.2825430831075497 2361
2.122598801293274 0.3679783437188384 2362
0.1324773181202245 0.1331319770362526 2363
0.1260058616272777 0.2074410425036159 2364
0.1678464976588944 0.03835471916806535 2365
2.062479299893365 0.05037551866125944 2366
1.352338597869821 0.07102992647332254 2367
0.03779178217643842 0.2292804987288979 2368
2.091594231801887 0.07359330727293745 2369
0.2043022480490239 0.1074056877884574 2370
0.0551836861976891 0.2378500382520992 2371
1.968938729278066 0.3560566294761498 2372
0.6321720923433811 0.1560122527611814 2373
1.925873569308068 0.05266475062956527 2374
0.264385850580989 0.2410094560019484 2375
1.248893749856645 0.07808085369275103 2376
0.3442545737752619 0.1623302344801754 2377
0.1833991885686471 0.3330208894455803 2378
0.5655710830228455 0.3281094088473813 2379
0.4431584368178176 0.2438933130495856 2380
1.807257151431178 0.3617876889455331 2381
0.129072447580205 0.2224548403171211 2382
1.32904041218575 0.3577601167058631 2383
1.980298865933185 0.04965978932436527 2384
0.02647340847736479 0.02598580145523594 2385
0.2104768861911906 0.08362199825340516 2386
0.2788900680905863 0.05752128068490794 2387
0.12230947444604 0.1592574136633412 2388
0.7981987527546101 0.04578359070843777 2389
0.5835190088162016 0.2337672637305014 2390
0.1659158693802192 0.13434935137947 2391
0.125621341797395 0.2673439779088925 2392
0.3345240717397298 0.2330951352552391 2393
0.3677538629839653 0.3413832040189845 2394
1.861747115308763 0.361498584208838 2395
0.142789378913138 0.388846840643541 2396
0.2620959862597222 0.01338447166559195 2397
0.1610822598126626 0.2875393099003698 2398
1.166937072457426 0.3560448529333911 2399
1.753137638808363 0.3587131587016538 2400
0.9159893518110274 0.08225720295801943 2401
0.3561101628187513 0.08919480779064975 2402
0.3627300043261352 0.1802136844563631 2403
1.084413559755782 0.3564188115634472 2404
0.04584854589924325 0.3372963344681725 2405
0.06929712446483283 0.1742714811057036 2406
0.1374229635214179 0.2346534937590318 2407
0.3358880243991997 0.1013539267994868 2408
0.2114666666009041 0.3025746086089889 2409
0.4488558597334928 0.1492452553943378 2410
0.0404474502630412 0.1665288804537612 2411
0.5018787460425126 0.07865458686610552 2412
0.3218388873354806 0.2398489922429932 2413
0.2507904602889981 0.1482040648465734 2414
0.6410055439682767 0.04482709942569743 2415
0.06790788998786979 0.1245514578935769 2416
0.1784898547927994 0.2713323152420139 2417
0.28082145743868 0.2182076123084344 2418
0.2712083574233608 0.2709024969175091 2419
0.2128123801967393 0.346037333946899 2420
0.3076237560759975 0.3254786938935056 2421
0.3020296329593987 0.3884918889750873 2422
0.1321879758378749 0.1554943196299809 2423
0.252645480012869 0.1425920259757399 2424
0.2803474072571428 0.3498844452240404 2425
0.1763454432362875 0.2772050223373805 2426
0.2583486183447071 0.1180256358747972 2427
1.021561554924359 0.07703510197798161 2428
0.2661762293144497 0.3891057631594672 2429
1.029293033790167 0.3592523119005563 2430
1.671161119069879 0.3590129555343178 2431
1.915644562439099 0.3600979579577204 2432
0.1526075142383662 0.3284361771662739 2433
0.2030982237324911 0.2733416435829826 2434
0.6554527893387581 0.1765000222366572 2435
0.255616764489321 0.1543999348600472 2436
NMARK= 4
MARKER_TAG= inlet
MARKER_ELEMS= 16
3 3 171 
3 171 172 
3 172 173 
3 173 174 
3 174 175 
3 175 176 
3 176 177 
3 177 178 
3 178 179 
3 179 180 
3 180 181 
3 181 182 
3 182 183 
3 183 184 
3 184 185 
3 185 0 
MARKER_TAG= outlet
MARKER_ELEMS= 14
3 1 83 
3 83 84 
3 84 85 
3 85 86 
3 86 87 
3 87 88 
3 88 89 
3 89 90 
3 90 91 
3 91 92 
3 92 93 
3 93 94 
3 94 95 
3 95 2 
MARKER_TAG= wall
MARKER_ELEMS= 152
3 0 8 
3 8 9 
3 9 10 
3 10 11 
3 11 12 
3 12 13 
3 13 14 
3 14 15 
3 15 16 
3 16 17 
3 17 18 
3 18 19 
3 19 20 
3 20 21 
3 21 22 
3 22 23 
3 23 24 
3 24 25 
3 25 26 
3 26 27 
3 27 28 
3 28 29 
3 29 30 
3 30 31 
3 31 32 
3 32 33 
3 33 34 
3 34 35 
3 35 36 
3 36 37 
3 37 38 
3 38 39 
3 39 40 
3 40 41 
3 41 42 
3 42 43 
3 43 44 
3 44 45 
3 45 46 
3 46 47 
3 47 48 
3 48 49 
3 49 50 
3 50 51 
3 51 52 
3 52 53 
3 53 54 
3 54 55 
3 55 56 
3 56 57 
3 57 58 
3 58 59 
3 59 60 
3 60 61 
3 61 62 
3 62 63 
3 63 64 
3 64 65 
3 65 66 
3 66 67 
3 67 68 
3 68 69 
3 69 70 
3 70 71 
3 71 72 
3 72 73 
3 73 74 
3 74 75 
3 75 76 
3 76 77 
3 77 78 
3 78 79 
3 79 80 
3 80 81 
3 81 82 
3 82 1 
3 2 96 
3 96 97 
3 97 98 
3 98 99 
3 99 100 
3 100 101 
3 101 102 
3 102 103 
3 103 104 
3 104 105 
3 105 106 
3 106 107 
3 107 108 
3 108 109 
3 109 110 
3 110 111 
3 111 112 
3 112 113 
3 113 114 
3 114 115 
3 115 116 
3 116 117 
3 117 118 
3 118 119 
3 119 120 
3 120 121 
3 121 122 
3 122 123 
3 123 124 
3 124 125 
3 125 126 
3 126 127 
3 127 128 
3 128 129 
3 129 130 
3 130 131 
3 131 132 
3 132 133 
3 133 134 
3 134 135 
3 135 136 
3 136 137 
3 137 138 
3 138 139 
3 139 140 
3 140 141 
3 141 142 
3 142 143 
3 143 144 
3 144 145 
3 145 146 
3 146 147 
3 147 148 
3 148 149 
3 149 150 
3 150 151 
3 151 152 
3 152 153 
3 153 154 
3 154 155 
3 155 156 
3 156 157 
3 157 158 
3 158 159 
3 159 160 
3 160 161 
3 161 162 
3 162 163 
3 163 164 
3 164 165 
3 165 166 
3 166 167 
3 167 168 
3 168 169 
3 169 170 
3 170 3 
MARKER_TAG= cylinder
MARKER_ELEMS= 48
3 4 186 
3 186 187 
3 187 188 
3 188 189 
3 189 190 
3 190 191 
3 191 192 
3 192 193 
3 193 194 
3 194 195 
3 195 196 
3 196 5 
3 5 197 
3 197 198 
3 198 199 
3 199 200 
3 200 201 
3 201 202 
3 202 203 
3 203 204 
3 204 205 
3 205 206 
3 206 207 
3 207 6 
3 6 208 
3 208 209 
3 209 210 
3 210 211 
3 211 212 
3 212 213 
3 213 214 
3 214 215 
3 215 216 
3 216 217 
3 217 218 
3 218 7 
3 7 219 
3 219 220 
3 220 221 
3 221 222 
3 222 223 
3 223 224 
3 224 225 
3 225 226 
3 226 227 
3 227 228 
3 228 229 
3 229 4 
