NDIME= 2
NELEM= 4840
9 317 350 395 318 0
9 350 347 408 395 1
9 347 335 414 408 2
9 319 390 388 320 3
9 390 403 402 388 4
9 403 415 400 402 5
9 320 388 377 321 6
9 388 402 379 377 7
9 402 400 380 379 8
9 316 392 350 317 9
9 392 387 347 350 10
9 387 386 335 347 11
9 318 395 390 319 12
9 395 408 403 390 13
9 408 414 415 403 14
9 7 332 369 315 15
9 332 336 373 369 16
9 336 355 374 373 17
9 315 369 392 316 18
9 369 373 387 392 19
9 373 374 386 387 20
9 314 391 332 7 21
9 391 389 336 332 22
9 389 417 355 336 23
9 311 405 372 312 24
9 405 410 360 372 25
9 410 394 342 360 26
9 309 343 326 310 27
9 343 361 393 326 28
9 361 322 416 393 29
9 312 372 358 313 30
9 372 360 349 358 31
9 360 342 334 349 32
9 313 358 391 314 33
9 358 349 389 391 34
9 349 334 417 389 35
9 6 362 396 308 36
9 362 359 397 396 37
9 359 383 401 397 38
9 308 396 343 309 39
9 396 397 361 343 40
9 397 401 322 361 41
9 321 377 368 4 42
9 377 379 354 368 43
9 379 380 341 354 44
9 310 326 405 311 45
9 326 393 410 405 46
9 393 416 394 410 47
9 302 376 407 303 48
9 376 366 398 407 49
9 366 353 399 398 50
9 5 339 381 301 51
9 339 348 330 381 52
9 348 340 323 330 53
9 4 368 404 294 54
9 368 354 406 404 55
9 354 341 411 406 56
9 304 371 382 305 57
9 371 378 385 382 58
9 378 351 364 385 59
9 307 331 362 6 60
9 331 363 359 362 61
9 363 365 383 359 62
9 305 382 328 306 63
9 382 385 384 328 64
9 385 364 346 384 65
9 306 328 331 307 66
9 328 384 363 331 67
9 384 346 365 363 68
9 301 381 376 302 69
9 381 330 366 376 70
9 330 323 353 366 71
9 303 407 371 304 72
9 407 398 378 371 73
9 398 399 351 378 74
9 298 370 327 299 75
9 370 345 325 327 76
9 345 329 338 325 77
9 300 412 339 5 78
9 412 413 348 339 79
9 413 409 340 348 80
9 294 404 357 295 81
9 404 406 367 357 82
9 406 411 333 367 83
9 296 324 352 297 84
9 324 356 375 352 85
9 356 344 337 375 86
9 297 352 370 298 87
9 352 375 345 370 88
9 375 337 329 345 89
9 299 327 412 300 90
9 327 325 413 412 91
9 325 338 409 413 92
9 295 357 324 296 93
9 357 367 356 324 94
9 367 333 344 356 95
9 4847 445 3392 2929 96
9 4918 4663 2987 3158 97
9 3309 3308 3310 437 98
9 4512 2925 3202 514 99
9 3623 4415 443 4725 100
9 496 4322 2906 4804 101
9 2921 4525 419 4240 102
9 2926 4481 494 3046 103
9 4201 4202 4483 1669 104
9 459 4410 2982 2981 105
9 446 2983 2907 2984 106
9 2953 4408 527 4670 107
9 4455 442 4759 2978 108
9 4646 2930 4638 1030 109
9 4576 3121 4872 2805 110
9 2754 4774 4634 4773 111
9 3361 4734 481 4524 112
9 2983 508 4549 2907 113
9 4511 517 4780 3783 114
9 2853 4753 4330 4377 115
9 473 2881 4779 3003 116
9 4419 430 4755 3013 117
9 3320 436 4711 2949 118
9 4693 2944 2975 4703 119
9 2029 4201 1669 1613 120
9 501 2979 2873 4758 121
9 4028 454 4570 4569 122
9 3132 4923 4428 4584 123
9 4812 4451 2821 3193 124
9 1030 4638 2878 4666 125
9 3659 450 4704 2941 126
9 4772 2754 4773 2973 127
9 4679 2944 4693 1101 128
9 284 285 512 3088 129
9 3429 433 3498 3016 130
9 3620 4411 525 4678 131
9 4646 4631 3038 2930 132
9 3559 4799 483 4732 133
9 4416 462 4824 3922 134
9 3602 4722 2915 4895 135
9 2897 4679 1101 4620 136
9 4782 2913 4490 2444 137
9 4017 2585 4727 3021 138
9 2749 2745 4986 4820 139
9 3046 494 4655 3083 140
9 2395 3978 4919 2999 141
9 432 4836 2911 4700 142
9 2802 2807 3128 3129 143
9 3392 2947 3433 2212 144
9 4825 4290 4747 4250 145
9 4832 2948 4807 458 146
9 4716 540 417 334 147
9 4826 2864 323 340 148
9 4682 2902 374 355 149
9 4558 411 341 2885 150
9 4737 2892 399 353 151
9 4807 2605 364 351 152
9 4558 2866 333 411 153
9 4604 2579 338 329 154
9 4857 160 161 2972 155
9 3436 478 4523 2958 156
9 4662 2999 415 414 157
9 4833 2905 4764 2955 158
9 2734 2736 2819 3036 159
9 2998 342 394 4746 160
9 2441 4599 2952 4701 161
9 3238 3240 4959 2816 162
9 3013 4755 4871 3012 163
9 2871 3160 452 4839 164
9 2192 3310 3308 2695 165
9 3123 3032 4999 467 166
9 2464 2466 2925 4512 167
9 2945 4914 444 4414 168
9 2585 380 400 4727 169
9 2584 4837 337 344 170
9 4338 2964 4742 503 171
9 466 2902 4942 4607 172
9 4816 444 4914 3594 173
9 2605 4807 2948 2947 174
9 4238 3394 4917 424 175
9 4179 3947 3948 4543 176
9 2956 484 3275 3273 177
9 3256 4781 2644 4789 178
9 85 476 3261 3262 179
9 2921 4240 4749 3950 180
9 4704 532 4848 2941 181
9 4475 2560 4781 3256 182
9 2173 2968 4931 2967 183
9 415 2999 4919 471 184
9 4911 432 4700 2974 185
9 491 4731 4856 2913 186
9 4346 3038 4631 1113 187
9 414 454 4028 4662 188
9 531 4200 4199 4890 189
9 437 45 46 3309 190
9 4543 3948 4984 3005 191
9 338 2579 2580 472 192
9 4833 2955 2584 470 193
9 399 2892 2908 458 194
9 341 491 2913 2885 195
9 417 540 541 468 196
9 4102 4833 2866 4819 197
9 4522 1092 4703 2975 198
9 2945 4414 526 3010 199
9 4669 425 4809 2957 200
9 4749 485 4866 3950 201
9 4109 3991 4509 2296 202
9 2910 4325 469 4920 203
9 461 3034 17 18 204
9 4201 2029 4197 4198 205
9 342 2998 4824 462 206
9 2983 446 162 163 207
9 93 3011 474 92 208
9 23 24 524 3612 209
9 2759 2988 4996 2760 210
9 4711 521 4842 2949 211
9 4728 2822 4290 4825 212
9 2954 4990 3640 2729 213
9 3663 4398 438 3706 214
9 3038 4346 3250 2530 215
9 4764 2455 4907 2955 216
9 3000 4526 1669 4483 217
9 4899 3646 4745 447 218
9 2830 108 109 467 219
9 2985 2986 2988 2759 220
9 4682 355 417 468 221
9 2902 466 386 374 222
9 2864 473 353 323 223
9 2584 344 333 470 224
9 2585 491 341 380 225
9 2605 445 346 364 226
9 4977 409 338 472 227
9 4699 4557 401 383 228
9 4768 4169 4908 520 229
9 4637 4522 2577 2876 230
9 448 4509 3991 4660 231
9 4758 2873 4363 4941 232
9 3123 2755 3241 3032 233
9 3155 3049 4970 3156 234
9 3172 422 4442 2996 235
9 4653 4622 3029 3028 236
9 2541 4303 4821 4652 237
9 2577 4522 2975 2976 238
9 342 462 4716 334 239
9 3181 4941 4363 2769 240
9 2867 4899 447 416 241
9 487 3913 3914 4995 242
9 108 2830 2977 107 243
9 4410 523 4744 2982 244
9 3331 488 4691 3329 245
9 4661 4525 2921 2538 246
9 3125 4577 1082 4671 247
9 111 2991 3123 110 248
9 4524 481 4777 3396 249
9 2759 2751 2749 2985 250
9 3429 3397 4884 433 251
9 4569 4570 4628 2570 252
9 3885 3884 3852 2860 253
9 3014 1863 1862 3018 254
9 3001 435 4583 3248 255
9 2912 3150 510 4877 256
9 3033 4738 401 4557 257
9 3132 4584 2532 4491 258
9 4753 4920 469 4330 259
9 4679 2897 2000 3037 260
9 4786 3357 4922 423 261
9 3052 861 3055 3053 262
9 3904 3155 3156 1734 263
9 4892 3148 4969 2207 264
9 4186 4197 2029 4222 265
9 2834 4683 2564 4692 266
9 254 510 3150 253 267
9 4179 4543 3004 2440 268
9 205 4239 4238 204 269
9 4739 322 401 4738 270
9 2506 4488 1489 3057 271
9 2213 3031 3030 4723 272
9 2367 3006 2986 4663 273
9 2984 3036 2819 4948 274
9 104 105 439 2970 275
9 3610 3020 3612 524 276
9 2976 3051 2018 2577 277
9 2957 4809 4946 3274 278
9 4892 2207 4840 3073 279
9 4346 4506 2465 3250 280
9 3307 4741 480 4823 281
9 2223 2732 4549 4831 282
9 4878 3074 4844 2920 283
9 1022 3045 1527 1060 284
9 4746 2608 4824 2998 285
9 3239 4815 131 132 286
9 3045 4642 4666 2878 287
9 2598 4567 1187 3176 288
9 2253 3151 3054 4502 289
9 3077 508 164 165 290
9 3284 4648 3175 4580 291
9 3050 2743 2741 3049 292
9 2987 4820 3050 3158 293
9 2976 3252 2011 3051 294
9 4462 1136 4526 3000 295
9 3118 506 4879 2965 296
9 2568 4657 4640 2880 297
9 2957 3274 2956 2282 298
9 178 3970 4973 177 299
9 2062 3427 3426 3480 300
9 4725 443 4851 3990 301
9 2601 3141 3144 4273 302
9 3034 509 16 17 303
9 3367 2068 3442 3368 304
9 50 3269 4905 49 305
9 2973 4773 2972 2971 306
9 3162 2273 4273 3144 307
9 3056 4476 869 3464 308
9 4743 3367 3368 3369 309
9 3085 3469 1785 3084 310
9 2813 2824 2825 2812 311
9 3994 3712 4321 1379 312
9 2634 3081 4405 2451 313
9 3151 1171 3289 3054 314
9 3475 2827 4838 3476 315
9 3394 4238 4239 2586 316
9 3745 4528 3112 2336 317
9 3040 3024 3343 1709 318
9 472 2580 4924 2989 319
9 3047 3025 3356 2044 320
9 491 2585 4017 4731 321
9 1783 4443 3084 1785 322
9 3008 502 4947 2990 323
9 3161 3039 3162 939 324
9 2217 3501 3500 2516 325
9 4759 516 4869 2978 326
9 3145 2046 3276 4614 327
9 939 823 819 3161 328
9 3005 3022 2197 2202 329
9 3417 1832 3420 3418 330
9 2813 2924 4927 2824 331
9 3141 2601 4263 3142 332
9 1314 1316 3191 4340 333
9 3066 3065 493 3072 334
9 1378 3149 2613 3876 335
9 399 458 4807 351 336
9 849 3055 861 847 337
9 1861 4470 3277 1860 338
9 3452 3451 3453 1374 339
9 213 3275 484 212 340
9 155 3192 498 154 341
9 2656 2227 2256 3115 342
9 1375 1300 1298 3474 343
9 3124 3060 3115 2256 344
9 3474 3472 3454 1375 345
9 4773 4634 4857 2972 346
9 3183 926 3189 3185 347
9 3283 1769 3281 3282 348
9 1374 1306 1304 3452 349
9 2724 2064 3048 3173 350
9 4488 3047 3226 4664 351
9 1107 1108 1136 4462 352
9 2336 3112 3341 2660 353
9 3057 4496 1368 4499 354
9 1379 4321 3555 4537 355
9 2958 4523 4770 2870 356
9 3113 2576 2018 2019 357
9 3115 4349 3196 2656 358
9 4594 2545 2644 4781 359
9 4862 4786 423 4242 360
9 3580 4630 4241 2844 361
9 2536 3000 4483 2539 362
9 3139 3146 2072 1169 363
9 4390 2481 2636 3116 364
9 3173 3048 3278 2597 365
9 813 4554 3161 819 366
9 2819 4772 2973 4948 367
9 2591 3276 2046 2045 368
9 3149 1378 3554 3552 369
9 3296 944 3294 3136 370
9 487 4775 2898 4553 371
9 1351 3105 3107 3345 372
9 2018 3051 2011 2013 373
9 2005 2007 2604 2603 374
9 2068 3367 3042 3366 375
9 3423 4515 3480 3426 376
9 2074 3152 3151 2253 377
9 2262 2260 3127 3277 378
9 2528 2930 3038 2530 379
9 3144 3468 939 3162 380
9 11 3065 534 10 381
9 2859 1863 3014 3015 382
9 1103 4729 2880 4640 383
9 3928 4504 2508 4501 384
9 1822 3208 4352 1824 385
9 259 260 535 3074 386
9 4732 483 4855 2993 387
9 3453 2268 3455 3419 388
9 4761 2830 467 4999 389
9 414 335 4950 454 390
9 4213 3555 4321 2265 391
9 4510 3447 3448 4516 392
9 4186 4194 4196 4197 393
9 2046 3145 3142 4263 394
9 3000 2536 1539 4462 395
9 2859 2858 4470 1863 396
9 1828 3237 3251 2513 397
9 3450 4539 1375 3454 398
9 3225 3075 3191 1321 399
9 845 3289 1171 843 400
9 1059 3029 4622 1021 401
9 1316 1318 1321 3191 402
9 2976 2604 2007 3252 403
9 3124 3168 3400 1716 404
9 510 254 255 3030 405
9 386 466 4861 2828 406
9 333 2866 4833 470 407
9 1964 3278 2230 1827 408
9 2876 2577 2018 2576 409
9 4397 885 886 3267 410
9 3225 1349 3390 3197 411
9 3069 3080 3071 3068 412
9 3278 4373 3061 2230 413
9 3296 3140 3313 877 414
9 3192 155 156 3133 415
9 2013 2016 2019 2018 416
9 3163 2488 4421 3799 417
9 288 289 3109 3131 418
9 1762 1620 1769 3283 419
9 3072 3073 4840 4762 420
9 416 322 4739 2867 421
9 4433 2629 2630 4441 422
9 4653 3028 2575 4609 423
9 1307 3187 1351 1305 424
9 4779 2881 4975 4159 425
9 3079 3073 3072 493 426
9 2200 2878 4638 2526 427
9 885 4397 2452 4279 428
9 2451 4405 2073 3492 429
9 1820 4529 3208 1822 430
9 3105 1351 3187 3103 431
9 3263 3264 895 4357 432
9 1779 3111 1949 1781 433
9 144 3130 519 143 434
9 4373 2452 4397 3061 435
9 452 3160 267 268 436
9 3419 4310 1374 3453 437
9 3140 3296 3136 4450 438
9 1716 4275 3060 3124 439
9 2647 3288 3167 4474 440
9 2605 2947 3392 445 441
9 3197 4284 3075 3225 442
9 4657 2568 4675 3035 443
9 3089 3091 3321 1352 444
9 2297 3401 1179 3507 445
9 4499 1368 4516 3448 446
9 1799 3420 1832 1801 447
9 4857 492 159 160 448
9 1825 4555 3237 1828 449
9 1544 3226 3047 2044 450
9 1630 3400 3168 4556 451
9 3117 4482 3138 4467 452
9 416 447 4746 394 453
9 2575 2183 2196 2197 454
9 4388 2073 4405 3078 455
9 4213 3553 1491 3555 456
9 860 4530 3190 4485 457
9 415 471 4727 400 458
9 329 337 4837 460 459
9 2295 3127 2259 3135 460
9 4648 3284 3464 4684 461
9 1671 1956 3242 2616 462
9 2618 3281 1769 4227 463
9 2656 3196 3197 3390 464
9 2889 3388 1994 3236 465
9 4678 525 4816 3594 466
9 1312 1313 1352 3321 467
9 265 3118 539 264 468
9 2604 2944 4679 2603 469
9 4285 3432 2626 3457 470
9 861 3052 3054 3289 471
9 1491 3553 3552 3554 472
9 1319 1317 1362 3424 473
9 2631 2250 2468 3337 474
9 1307 1309 1312 4328 475
9 942 3243 3126 4372 476
9 289 290 507 3109 477
9 353 473 3003 4737 478
9 2481 4390 1510 4344 479
9 2467 4315 1500 4293 480
9 3321 3100 4328 1312 481
9 887 3206 943 889 482
9 3111 4427 2255 4430 483
9 3065 11 12 493 484
9 3018 1862 3126 3019 485
9 3026 258 259 4791 486
9 3027 1754 2182 2183 487
9 499 3120 4872 3121 488
9 3345 3107 4378 3344 489
9 2247 2245 2249 3341 490
9 4701 3004 2202 2441 491
9 541 540 4716 2849 492
9 110 3123 467 109 493
9 516 3486 4982 4869 494
9 2295 1860 3277 3127 495
9 3016 3498 4355 3017 496
9 3396 4777 4884 3397 497
9 2892 4737 4921 2908 498
9 1527 3045 2878 2200 499
9 269 270 511 3212 500
9 2221 1708 1709 3343 501
9 3063 519 3129 3128 502
9 2268 3453 3451 3456 503
9 3230 3228 2632 4307 504
9 3039 4283 2273 3162 505
9 3199 4447 1521 3244 506
9 3028 3027 2183 2575 507
9 2220 2071 2044 3356 508
9 3204 3205 3249 943 509
9 1168 3231 3230 3430 510
9 2996 2554 3207 3172 511
9 3204 4566 3457 2626 512
9 4307 710 3430 3230 513
9 2967 4715 1677 2173 514
9 895 3266 3062 3267 515
9 3099 3097 4443 1949 516
9 3423 1362 4257 3422 517
9 14 3147 3079 13 518
9 3244 2663 3441 3199 519
9 2478 3242 1956 4386 520
9 2080 3466 2283 4253 521
9 944 4493 3295 3294 522
9 1832 3417 3419 3455 523
9 3053 3055 4476 3056 524
9 3469 3085 4541 3467 525
9 3118 265 266 506 526
9 1803 3455 2268 1805 527
9 881 878 877 3313 528
9 3125 2561 2559 1993 529
9 3353 3351 4255 897 530
9 1858 1860 2295 3295 531
9 2925 4818 489 3202 532
9 1525 3027 3028 3029 533
9 3037 2002 2004 2005 534
9 3244 1521 4448 3245 535
9 3515 2283 3466 3137 536
9 1356 4546 2629 4433 537
9 445 4847 365 346 538
9 3337 3336 3391 2631 539
9 2874 141 142 3063 540
9 1854 4263 2601 1852 541
9 2255 1948 3170 3169 542
9 4520 3086 4528 1431 543
9 4505 4541 3085 4329 544
9 3803 4392 4421 1957 545
9 2093 4545 3380 4532 546
9 4285 3457 2072 3146 547
9 4461 3117 4467 2640 548
9 1288 3554 1378 1290 549
9 4441 2630 4504 3928 550
9 2079 4388 3078 4572 551
9 2270 2837 3172 3207 552
9 1925 2621 3242 3186 553
9 2991 111 112 500 554
9 2488 3808 1957 4421 555
9 2572 4484 3434 3433 556
9 3022 3005 4984 3023 557
9 2220 3356 3343 3024 558
9 2221 3343 3356 3025 559
9 493 12 13 3079 560
9 3163 4435 1261 4445 561
9 258 3026 4980 257 562
9 2069 2070 3165 3164 563
9 2148 3434 3523 2430 564
9 926 811 804 3189 565
9 3147 14 15 463 566
9 3319 3318 3317 3293 567
9 3076 505 127 128 568
9 3351 3350 1190 4255 569
9 3876 4544 4548 1294 570
9 3160 3096 266 267 571
9 4785 3064 3063 3128 572
9 2662 3534 2258 3441 573
9 3069 3068 3067 3066 574
9 1859 1178 4372 3126 575
9 1357 4672 3447 4510 576
9 3195 4460 723 4465 577
9 3203 3198 3441 2258 578
9 1298 1295 1294 4548 579
9 2961 4677 434 3303 580
9 3030 255 256 455 581
9 3228 3227 3186 2632 582
9 943 3206 4566 3204 583
9 462 4416 2849 4716 584
9 2258 1955 4519 3203 585
9 3173 3174 3175 2724 586
9 944 3296 877 875 587
9 2249 4535 2660 3341 588
9 2479 4550 2634 4587 589
9 3168 3124 2256 3164 590
9 1169 3313 3140 3139 591
9 260 261 3114 535 592
9 3063 142 143 519 593
9 4532 4517 4289 2093 594
9 1362 3423 3426 3424 595
9 3410 3409 3247 3248 596
9 3288 2647 2384 3287 597
9 3082 2807 2802 2803 598
9 1759 2833 3293 3317 599
9 2796 2794 2792 2795 600
9 537 3076 128 129 601
9 2843 4588 713 4590 602
9 2728 4446 1063 4469 603
9 3131 453 287 288 604
9 2798 2797 2794 2796 605
9 3207 3443 1561 2270 606
9 1763 2205 3260 3259 607
9 3512 4387 2302 4418 608
9 2804 2808 3082 2803 609
9 2216 2021 2022 3223 610
9 1949 3111 4430 3099 611
9 4289 3138 4482 1797 612
9 3172 3009 4955 422 613
9 268 269 3212 452 614
9 3258 1995 1763 3259 615
9 4542 3520 4269 2277 616
9 3885 2860 2737 2735 617
9 2263 3136 3294 3135 618
9 2010 2011 3252 2008 619
9 3132 3131 3109 4923 620
9 2803 2802 2797 2798 621
9 3424 3426 3427 3425 622
9 3799 738 4435 3163 623
9 3641 2729 2728 4469 624
9 1349 3225 1321 1322 625
9 3201 4987 2818 4687 626
9 3246 1755 3213 3232 627
9 2655 3390 1349 3431 628
9 286 287 453 3224 629
9 1014 1012 3177 3210 630
9 129 130 4815 537 631
9 500 112 113 3178 632
9 1955 3515 3137 4519 633
9 3178 4602 4893 500 634
9 3107 4538 2495 4378 635
9 3186 3227 1923 1925 636
9 2852 4632 839 4636 637
9 4362 2498 4387 3512 638
9 1876 4645 3086 4520 639
9 3169 3159 4430 2255 640
9 3775 2363 4868 3006 641
9 3409 2026 3364 3247 642
9 1831 4401 3465 1829 643
9 162 2971 2972 161 644
9 2977 2830 4761 4720 645
9 3217 3219 3223 2022 646
9 2291 2934 3369 3368 647
9 4842 521 4945 3664 648
9 3258 3257 3304 1995 649
9 504 125 126 3201 650
9 3231 1168 3402 4429 651
9 3138 4289 4517 2658 652
9 1570 1572 1716 3400 653
9 3399 4498 3243 942 654
9 3387 3279 3271 2023 655
9 3178 113 114 515 656
9 1998 2897 4620 4573 657
9 3018 3019 4614 3276 658
9 3317 3316 1601 1759 659
9 157 158 3119 3120 660
9 106 107 2977 4989 661
9 802 805 1190 4244 662
9 3065 3066 3067 534 663
9 4556 3288 3287 1630 664
9 3853 3773 1734 3156 665
9 3237 2472 2473 3251 666
9 837 4454 2631 3391 667
9 3418 3420 4444 3421 668
9 4445 1261 4460 3195 669
9 794 3391 3336 796 670
9 2081 4456 3153 4452 671
9 2152 4472 2498 4362 672
9 1009 1012 1013 1011 673
9 1755 3280 2274 3213 674
9 2803 2798 4437 2804 675
9 1668 3297 2089 1508 676
9 1735 4332 3287 2384 677
9 1144 1146 1829 3465 678
9 891 3249 1155 893 679
9 1363 4449 3171 4518 680
9 2257 3171 4449 4351 681
9 3255 511 270 271 682
9 3350 3354 4244 1190 683
9 3344 4378 4546 1356 684
9 3234 1994 1165 3246 685
9 2186 2835 2837 2270 686
9 1012 1009 1007 3177 687
9 1518 1673 1995 3304 688
9 2202 2197 2196 2201 689
9 2084 3406 3405 3493 690
9 1155 3249 3205 4339 691
9 3385 4318 3335 1583 692
9 2555 3312 3298 2278 693
9 253 3150 451 252 694
9 3491 3490 715 4375 695
9 2730 4402 3210 4403 696
9 3416 3418 3421 3422 697
9 1974 4404 4577 3125 698
9 2812 2760 4996 2813 699
9 2200 2526 2527 1727 700
9 2023 3271 2933 3270 701
9 3301 3386 1756 3300 702
9 1587 1584 1583 3335 703
9 3223 3013 3012 2216 704
9 523 4412 4858 4744 705
9 3303 3363 2171 3302 706
9 1165 1163 1755 3246 707
9 1014 3210 4402 1025 708
9 1764 3377 3292 2205 709
9 802 4244 4366 900 710
9 3224 512 285 286 711
9 2277 4269 4401 2271 712
9 3286 3322 1840 2280 713
9 2484 2275 2284 3268 714
9 2956 3273 3271 3279 715
9 3265 3264 3263 2639 716
9 427 3268 2284 3269 717
9 3216 3428 1765 3312 718
9 2484 2274 1752 2275 719
9 3056 3464 3284 3282 720
9 3381 1170 4324 3382 721
9 3560 3562 2388 2904 722
9 1566 1564 1562 1565 723
9 895 3264 3265 3266 724
9 4564 4315 3152 3153 725
9 1673 1518 1175 1520 726
9 3221 3218 2643 3257 727
9 628 630 3375 3482 728
9 3560 3561 4799 3559 729
9 2985 2987 4663 2986 730
9 3305 1553 4013 3502 731
9 3306 3502 2694 2695 732
9 1508 1667 1820 1668 733
9 1012 1014 1015 1013 734
9 463 15 16 3044 735
9 3280 1157 1752 2274 736
9 3270 2933 2932 1698 737
9 505 3200 126 127 738
9 2217 2542 4983 3501 739
9 3366 3042 3041 3040 740
9 3920 3562 3558 1952 741
9 3326 3325 3324 1619 742
9 2025 2554 2555 2278 743
9 1635 1633 4311 3364 744
9 1571 3298 3312 1765 745
9 1566 1565 2025 1567 746
9 2944 2604 2976 2975 747
9 1571 1568 1567 3298 748
9 3406 4438 3231 4429 749
9 2517 2027 1605 3314 750
9 3218 3221 3222 3220 751
9 4530 860 3336 3337 752
9 2554 2996 2997 2555 753
9 1668 1820 1822 1821 754
9 2022 3322 2642 3217 755
9 3349 2083 1916 3346 756
9 4197 4196 4199 4198 757
9 1172 3413 2469 4246 758
9 1109 1108 1107 1106 759
9 2279 1996 1591 3324 760
9 2293 4353 3291 4368 761
9 3102 4432 1628 3445 762
9 3270 1696 1694 2023 763
9 3259 3260 3262 3261 764
9 3220 3219 3217 3218 765
9 3424 3425 4439 1319 766
9 3091 3093 3100 3321 767
9 4366 4267 3458 900 768
9 1170 3381 638 641 769
9 3119 492 4985 4589 770
9 2936 2185 2021 2216 771
9 1777 1776 1779 1778 772
9 2741 2739 4970 3049 773
9 3938 2357 4261 3383 774
9 3363 3360 2028 3359 775
9 1994 1528 1166 1165 776
9 2025 2278 3298 1567 777
9 3723 4235 3460 3461 778
9 3493 3405 3407 2094 779
9 1303 3345 3344 1301 780
9 1952 3557 1532 1530 781
9 690 687 686 3439 782
9 3304 1519 1176 1518 783
9 3215 1350 4382 3253 784
9 4081 4832 458 2908 785
9 4465 723 4473 3211 786
9 1775 1776 1777 1651 787
9 2933 3271 3273 3272 788
9 115 3188 515 114 789
9 3053 3056 3282 3281 790
9 3436 3437 2057 2622 791
9 3279 2281 2282 2956 792
9 3214 3213 2274 2484 793
9 4529 1820 1667 2285 794
9 3427 2062 3467 4541 795
9 2792 2791 2788 2790 796
9 1571 1570 1569 1568 797
9 3334 3325 3326 3327 798
9 1570 1571 1573 1572 799
9 2932 2291 1700 1698 800
9 2081 1920 1918 3393 801
9 3297 1668 1821 2067 802
9 3540 3254 3506 3513 803
9 1576 2286 3300 3444 804
9 2205 1763 1674 1764 805
9 846 844 3398 3399 806
9 3299 1172 652 3412 807
9 3349 3350 3351 2083 808
9 2281 2027 2517 2282 809
9 3135 3294 3295 2295 810
9 1157 3280 1161 1158 811
9 652 649 648 3412 812
9 3324 3325 3334 2279 813
9 1821 1822 1824 1823 814
9 1674 1763 1995 1673 815
9 1356 1299 1301 3344 816
9 4327 1759 1601 1599 817
9 4295 1573 1571 1765 818
9 1161 1163 1164 1162 819
9 3345 1303 1305 1351 820
9 3364 2026 1637 1635 821
9 2526 2528 2529 2527 822
9 2026 3409 2960 3408 823
9 1605 2027 2281 1691 824
9 3340 3528 1406 3339 825
9 2023 1694 1692 3387 826
9 1705 2068 3366 1707 827
9 3143 3398 840 1855 828
9 1916 1914 2092 3346 829
9 2286 1576 1574 1766 830
9 1163 1165 1166 1164 831
9 3342 2721 3896 4313 832
9 1646 1647 2283 3515 833
9 2993 3009 3172 2837 834
9 3422 4257 3414 3416 835
9 804 802 800 801 836
9 3300 1756 1579 3444 837
9 1918 1917 1915 1916 838
9 811 805 802 804 839
9 1518 1176 1174 1175 840
9 3090 4335 1717 4260 841
9 3751 2319 4297 3323 842
9 4539 3450 3451 3452 843
9 1179 3389 651 653 844
9 1778 1779 1781 1780 845
9 1162 1160 1158 1161 846
9 3377 1764 1771 1772 847
9 813 812 805 811 848
9 858 3411 871 859 849
9 1519 3304 3257 2643 850
9 4554 813 811 926 851
9 2794 2793 2791 2792 852
9 638 636 635 637 853
9 1920 1919 1917 1918 854
9 659 3440 3338 662 855
9 637 640 641 638 856
9 3295 3411 858 1858 857
9 1807 3456 2226 1809 858
9 2959 2289 1641 2219 859
9 3393 2083 3351 3352 860
9 3408 2219 1641 1639 861
9 1766 2287 2590 2286 862
9 640 642 643 641 863
9 2028 1849 1847 3359 864
9 3365 2028 3360 3361 865
9 1567 1568 1569 1566 866
9 1309 1311 1313 1312 867
9 819 814 812 813 868
9 2586 2544 1997 2214 869
9 3233 3232 3213 3214 870
9 1156 3371 3378 3372 871
9 630 632 1156 3375 872
9 4261 1550 4258 3355 873
9 3559 3558 3562 3560 874
9 1922 1921 1919 1920 875
9 3335 1619 1589 1587 876
9 1301 1302 1304 1303 877
9 4340 1352 1313 1314 878
9 1916 1915 1913 1914 879
9 1994 3388 1555 1528 880
9 1303 1304 1306 1305 881
9 860 799 796 3336 882
9 1783 1782 1780 1781 883
9 3332 3385 1756 3386 884
9 3357 2287 2288 2609 885
9 795 3460 4235 793 886
9 801 800 797 799 887
9 2357 3780 1550 4261 888
9 1299 1300 1302 1301 889
9 2050 2203 2869 2049 890
9 642 644 645 643 891
9 1528 1555 1556 1529 892
9 3363 3359 1847 2171 893
9 1639 1637 2026 3408 894
9 1997 1996 2279 2214 895
9 4157 3504 3503 3736 896
9 3382 3379 696 3381 897
9 1174 1155 4339 1175 898
9 3350 3349 3347 3354 899
9 3328 3329 3330 3327 900
9 644 646 647 645 901
9 3468 828 823 939 902
9 3349 3346 2092 3347 903
9 3381 696 636 638 904
9 823 820 814 819 905
9 3393 1918 1916 2083 906
9 1305 1306 1308 1307 907
9 4267 3459 1167 3458 908
9 1924 1923 1921 1922 909
9 637 635 705 3402 910
9 1573 1574 1575 1572 911
9 1591 1589 1619 3324 912
9 828 824 820 823 913
9 2888 2170 3388 2889 914
9 1579 1756 3385 1581 915
9 2094 3407 3504 4270 916
9 3450 2226 3456 3451 917
9 3400 1630 1569 1570 918
9 2581 2583 2914 2582 919
9 1144 3465 2641 3439 920
9 840 1173 3141 1855 921
9 152 4249 497 151 922
9 3246 3232 3233 3234 923
9 3384 2621 1925 1926 924
9 831 829 824 828 925
9 1307 1308 1310 1309 926
9 1926 1925 1923 1924 927
9 3249 891 889 943 928
9 4555 1825 1823 1824 929
9 4443 1783 1781 1949 930
9 1774 1772 1771 1773 931
9 1782 1783 1785 1784 932
9 4734 3361 3360 3362 933
9 2028 3365 1853 1851 934
9 1991 1853 3365 3395 935
9 1318 1320 1322 1321 936
9 1163 1161 3280 1755 937
9 4502 3384 1926 2253 938
9 1555 1615 1616 1556 939
9 642 640 1168 3430 940
9 1309 1310 3414 1311 941
9 2253 1926 1924 2074 942
9 1574 1576 1577 1575 943
9 3312 2555 2997 3216 944
9 3297 2639 2638 2089 945
9 2279 3394 2586 2214 946
9 3342 4434 2727 4440 947
9 653 654 656 655 948
9 654 653 651 652 949
9 832 831 1173 840 950
9 3281 2618 3052 3053 951
9 3431 1349 1322 1323 952
9 4439 1320 1318 1319 953
9 4294 3008 2990 2820 954
9 3431 3470 1857 2655 955
9 648 649 650 647 956
9 650 651 3389 703 957
9 4356 2276 2275 1752 958
9 1313 1311 1315 1314 959
9 3435 2958 2870 2203 960
9 3194 2817 2795 4417 961
9 2051 1774 1773 3432 962
9 2203 2050 2052 3435 963
9 2171 1847 1846 1845 964
9 3402 1168 640 637 965
9 2255 1775 1650 1948 966
9 655 656 658 657 967
9 3430 710 644 642 968
9 3106 3104 3445 3108 969
9 2028 1851 1850 1849 970
9 3218 3217 2642 2643 971
9 3395 2206 2188 1991 972
9 1314 1315 1317 1316 973
9 3408 2960 2959 2219 974
9 3440 659 657 658 975
9 1815 3471 3472 2225 976
9 3318 3315 3316 3317 977
9 1616 1633 1634 1632 978
9 650 649 652 651 979
9 3440 2293 4368 3338 980
9 3313 1169 883 881 981
9 2146 3525 4133 2145 982
9 1015 1014 1025 1016 983
9 840 3398 844 841 984
9 1316 1317 1319 1318 985
9 3507 1179 653 655 986
9 2289 3302 1642 1641 987
9 647 646 1177 648 988
9 2061 2617 3052 2618 989
9 1635 1637 1638 1636 990
9 3399 942 848 846 991
9 2058 2588 2622 2057 992
9 3438 2060 2260 2261 993
9 1576 3444 1579 1577 994
9 1633 1635 1636 1634 995
9 2888 2890 2891 2170 996
9 1637 1639 1640 1638 997
9 3429 3016 3015 2592 998
9 2285 1667 1153 3290 999
9 3437 2054 2056 2057 1000
9 1857 3470 1326 1329 1001
9 2148 2212 3433 3434 1002
9 841 844 845 843 1003
9 2588 2058 2060 3438 1004
9 1615 1555 3388 2170 1005
9 844 846 847 845 1006
9 1858 1859 1861 1860 1007
9 661 660 657 659 1008
9 1825 1828 1964 1827 1009
9 3141 3142 3143 1855 1010
9 663 664 666 665 1011
9 846 848 849 847 1012
9 1994 3234 3235 3236 1013
9 665 666 668 667 1014
9 3438 2261 2578 2974 1015
9 3248 3247 2891 3001 1016
9 858 1178 1859 1858 1017
9 3316 1603 1602 1601 1018
9 3174 3173 2597 2598 1019
9 3385 1583 1582 1581 1020
9 1324 3470 3431 1323 1021
9 4157 2144 4270 3504 1022
9 848 850 851 849 1023
9 4911 2974 2578 3002 1024
9 1182 1180 714 1181 1025
9 663 661 659 662 1026
9 4470 1861 1862 1863 1027
9 1827 1826 1823 1825 1028
9 3285 1338 1340 1350 1029
9 2592 2188 2206 3429 1030
9 2859 3015 3016 3017 1031
9 2171 1845 1642 3302 1032
9 3314 1605 1604 1603 1033
9 1180 658 656 714 1034
9 3469 1786 1784 1785 1035
9 2054 3437 3435 2052 1036
9 2578 2261 2260 2262 1037
9 2050 2051 2053 2052 1038
9 2721 1874 1658 3896 1039
9 4567 2598 2597 2514 1040
9 1184 1182 1181 1183 1041
9 1639 1641 1642 1640 1042
9 2067 3265 2639 3297 1043
9 3456 1807 1805 2268 1044
9 3227 3228 3229 2082 1045
9 671 670 667 669 1046
9 1853 1852 1850 1851 1047
9 1642 1845 1846 1844 1048
9 1326 3470 1324 1325 1049
9 4309 3459 4267 4266 1050
9 850 858 859 851 1051
9 2049 1774 2051 2050 1052
9 1108 1110 1137 1136 1053
9 3301 3300 2286 2590 1054
9 3455 1803 1801 1832 1055
9 3379 3378 3371 696 1056
9 4246 654 652 1172 1057
9 1183 1185 1187 1184 1058
9 1996 1593 1592 1591 1059
9 673 671 669 672 1060
9 1991 1854 1852 1853 1061
9 4395 3190 4530 4369 1062
9 676 677 678 675 1063
9 2646 2647 4474 3215 1064
9 641 643 4286 1170 1065
9 1177 2290 3412 648 1066
9 3303 3302 2289 2961 1067
9 4327 1599 1598 1597 1068
9 2052 2053 2055 2054 1069
9 3164 2256 2227 2069 1070
9 2659 4348 3323 4297 1071
9 1849 1848 1846 1847 1072
9 3088 465 283 284 1073
9 3467 1789 1786 3469 1074
9 899 3488 2659 902 1075
9 663 662 3338 664 1076
9 2062 1791 1789 3467 1077
9 1329 2070 2069 1857 1078
9 3278 1964 2514 2597 1079
9 543 542 546 544 1080
9 3476 123 124 3475 1081
9 1683 3530 3494 2298 1082
9 1815 1813 3449 3471 1083
9 1603 3316 3315 3314 1084
9 3432 1773 2625 2626 1085
9 503 122 123 3476 1086
9 3531 2661 3530 4262 1087
9 2188 2045 1854 1991 1088
9 667 668 3462 669 1089
9 3475 124 125 504 1090
9 3126 1862 1861 1859 1091
9 4199 4200 4201 4198 1092
9 3390 2655 2227 2656 1093
9 1828 2513 2514 1964 1094
9 2592 2591 2045 2188 1095
9 3015 3014 2591 2592 1096
9 3396 3397 3429 2206 1097
9 4227 1769 1620 1621 1098
9 2299 1866 3481 3479 1099
9 1778 2079 2080 1777 1100
9 3340 2292 1418 3528 1101
9 1418 1408 1406 3528 1102
9 4248 2893 2800 2884 1103
9 2275 2276 2840 2284 1104
9 3493 1917 1919 2084 1105
9 1653 1864 2661 3531 1106
9 871 870 869 859 1107
9 3376 3483 702 3482 1108
9 2958 3435 3437 3436 1109
9 2069 2227 2655 1857 1110
9 2303 3526 3479 3481 1111
9 1633 1616 1615 4311 1112
9 3466 2080 2633 3116 1113
9 1623 2061 2618 4227 1114
9 3227 2082 1921 1923 1115
9 2228 2725 4288 1951 1116
9 2230 3061 3062 2459 1117
9 3459 3461 3460 1167 1118
9 3270 1698 1697 1696 1119
9 4508 4202 4201 4200 1120
9 3242 2478 2632 3186 1121
9 4249 152 153 4251 1122
9 2225 3472 3474 3473 1123
9 1016 1018 1019 1017 1124
9 3486 516 56 57 1125
9 3269 50 51 427 1126
9 3485 52 53 518 1127
9 2165 1149 1145 3490 1128
9 1789 1788 1787 1786 1129
9 2162 3494 3530 2661 1130
9 3477 3478 4231 3544 1131
9 2479 2151 1856 703 1132
9 2064 2723 4268 1950 1133
9 435 3486 57 58 1134
9 427 51 52 3485 1135
9 442 3487 53 54 1136
9 2759 2760 2811 2751 1137
9 658 1180 2293 3440 1138
9 1866 3529 4236 3481 1139
9 3177 1007 1005 3505 1140
9 2720 3299 3412 2290 1141
9 3529 1348 1346 4236 1142
9 3723 3461 4333 4308 1143
9 2169 3508 1814 1816 1144
9 1353 1396 3540 3513 1145
9 1140 1141 1522 1137 1146
9 1360 1354 1348 3529 1147
9 545 1968 1969 1947 1148
9 546 548 549 547 1149
9 4306 2814 2906 4322 1150
9 3540 2648 3253 3254 1151
9 1148 3522 3510 3547 1152
9 3508 2169 3521 3509 1153
9 1018 1020 1023 1019 1154
9 1193 694 691 3516 1155
9 2007 2005 2004 2006 1156
9 2540 3521 2169 3543 1157
9 3516 3517 3518 1193 1158
9 3510 3522 1150 1192 1159
9 1148 1147 1150 3522 1160
9 2666 4221 2648 3540 1161
9 4156 2713 2145 4133 1162
9 4281 3524 2430 3523 1163
9 1140 1725 1986 1141 1164
9 701 698 1193 3536 1165
9 548 550 551 549 1166
9 3537 3536 1193 3518 1167
9 1020 1024 1026 1023 1168
9 4280 3525 2430 3524 1169
9 1522 1523 1614 1613 1170
9 2088 2233 2540 3543 1171
9 2303 3548 3644 3526 1172
9 4675 2834 1725 3035 1173
9 1364 3532 1358 1359 1174
9 3644 3548 1409 1412 1175
9 1819 3538 1419 1421 1176
9 1970 1984 1985 1971 1177
9 1819 3534 2665 3538 1178
9 4220 2095 4224 3542 1179
9 551 550 4219 552 1180
9 701 3536 3537 708 1181
9 3538 3545 1410 1419 1182
9 3533 3539 1384 4223 1183
9 1523 1723 1724 1614 1184
9 1026 1027 1032 1031 1185
9 3538 2665 3585 3545 1186
9 3585 1411 1410 3545 1187
9 554 552 556 555 1188
9 2098 4215 3576 3574 1189
9 1367 2667 3574 1361 1190
9 1724 1723 2450 1980 1191
9 1984 2568 2880 2567 1192
9 2304 3550 2306 3563 1193
9 3149 3552 2267 3551 1194
9 3564 2099 1442 3565 1195
9 3861 3864 3862 3863 1196
9 2099 3564 2373 3563 1197
9 2098 3574 2667 3544 1198
9 4203 4193 3861 3863 1199
9 3893 1945 4205 3569 1200
9 1442 1443 4204 3565 1201
9 1648 1422 1420 3556 1202
9 1980 1981 1982 1724 1203
9 3565 4204 4193 3566 1204
9 1206 3573 2307 1204 1205
9 3575 2307 3573 3570 1206
9 2036 2037 2917 2035 1207
9 555 556 558 557 1208
9 1032 1033 1067 1034 1209
9 1220 712 707 3571 1210
9 914 3575 3570 3800 1211
9 2668 3573 1206 4189 1212
9 3565 3566 4206 3564 1213
9 1945 1944 2305 4205 1214
9 3575 914 911 4188 1215
9 1365 1361 3574 3576 1216
9 1980 2450 2635 2566 1217
9 2515 3584 3581 2308 1218
9 3846 2373 3564 4206 1219
9 2037 2036 2503 2038 1220
9 1032 1034 1036 1035 1221
9 2521 3579 2234 2236 1222
9 3864 4961 4962 3862 1223
9 4193 4203 4206 3566 1224
9 2308 3581 1415 1675 1225
9 557 558 560 559 1226
9 4003 3596 3595 1737 1227
9 2515 3577 2161 3584 1228
9 2551 4093 3670 4061 1229
9 562 4060 3589 564 1230
9 1033 1498 1624 1067 1231
9 4126 4112 4147 744 1232
9 2475 2110 2109 3590 1233
9 2475 3590 3879 3582 1234
9 3931 4127 3690 1255 1235
9 3625 582 3597 3718 1236
9 991 3707 1610 993 1237
9 564 3589 931 566 1238
9 1987 3621 3593 3626 1239
9 1737 3595 3597 3624 1240
9 3584 1757 1416 3581 1241
9 4112 4126 3587 2669 1242
9 4151 4147 4112 2708 1243
9 3686 4032 3671 3639 1244
9 2665 2096 1417 3585 1245
9 1072 3645 3944 1073 1246
9 4061 4190 1499 4191 1247
9 1988 3619 3621 1987 1248
9 2340 2342 2378 3616 1249
9 3892 4094 1931 3801 1250
9 3651 4180 857 4177 1251
9 4038 3687 4079 3868 1252
9 3899 3898 3696 3608 1253
9 3601 1248 3631 3959 1254
9 3718 2351 3986 3625 1255
9 3583 931 3589 3588 1256
9 3630 4155 3606 3629 1257
9 3606 4011 973 3605 1258
9 2689 4037 1929 3661 1259
9 2332 1496 1070 4142 1260
9 3879 3590 2109 3591 1261
9 3669 3617 3670 2312 1262
9 966 3685 959 961 1263
9 2328 3604 1536 1978 1264
9 583 582 3625 586 1265
9 3592 1690 1688 3626 1266
9 4111 4108 3642 4146 1267
9 1975 4054 2406 4022 1268
9 4074 2358 4019 4087 1269
9 2851 3982 1247 4057 1270
9 788 3696 3898 790 1271
9 2697 3932 1255 3690 1272
9 2101 3599 3669 2102 1273
9 568 3587 4126 570 1274
9 788 822 3607 3696 1275
9 827 3678 3683 855 1276
9 2132 3632 3633 2133 1277
9 1035 1036 1037 1497 1278
9 2596 2193 1608 4044 1279
9 3731 3682 1376 1372 1280
9 2697 3965 765 3932 1281
9 3645 4059 1246 3944 1282
9 2696 3694 1133 3681 1283
9 3868 1690 3592 4038 1284
9 1939 1895 1897 3656 1285
9 986 3631 1248 989 1286
9 3982 4084 3658 1247 1287
9 4106 2705 1495 4144 1288
9 1660 3867 2404 2113 1289
9 1057 3949 1758 1065 1290
9 3698 3699 810 3942 1291
9 3617 3669 3599 3588 1292
9 764 4005 4006 2121 1293
9 3930 1111 1086 3892 1294
9 3609 3610 3611 2378 1295
9 1490 4158 2714 4165 1296
9 3713 3973 2403 3923 1297
9 3674 3650 3647 3702 1298
9 1253 3971 3643 3995 1299
9 2116 3688 2686 2210 1300
9 4075 3622 3992 2024 1301
9 855 3683 954 929 1302
9 2434 3717 2612 2432 1303
9 3956 4000 4001 1935 1304
9 1043 3762 3676 3761 1305
9 3662 1929 1767 3667 1306
9 2317 3697 3740 3698 1307
9 3692 613 611 3691 1308
9 1665 1430 1515 3704 1309
9 1047 3658 4007 1061 1310
9 2354 3945 770 3695 1311
9 2696 2408 4143 3694 1312
9 746 826 1935 4008 1313
9 1737 3624 579 577 1314
9 3656 1897 1899 3652 1315
9 2375 2377 2399 3609 1316
9 3604 2328 3606 3605 1317
9 2109 4089 3738 3591 1318
9 1657 2103 2326 3753 1319
9 3958 3628 2329 3627 1320
9 3586 2347 753 4012 1321
9 2446 1625 1498 3614 1322
9 3702 1943 3673 3674 1323
9 1989 1990 2066 1983 1324
9 695 615 613 3692 1325
9 3655 3657 1939 3656 1326
9 4113 4064 3762 1043 1327
9 3718 3597 3595 2315 1328
9 2024 1742 1686 4075 1329
9 740 3677 1256 825 1330
9 2699 3997 2128 4033 1331
9 4000 3956 953 2335 1332
9 2265 3711 2243 2241 1333
9 3605 3790 1244 3604 1334
9 4012 766 4153 4053 1335
9 3591 3738 3820 2313 1336
9 1929 3662 2693 3661 1337
9 2350 2348 3687 4038 1338
9 559 560 562 561 1339
9 3323 2280 1645 3751 1340
9 822 786 784 3740 1341
9 3110 2692 2693 3706 1342
9 951 3671 4032 971 1343
9 3929 769 771 3703 1344
9 607 3889 1260 609 1345
9 970 3670 3617 4060 1346
9 3698 3740 784 3699 1347
9 3503 1485 3732 3736 1348
9 2687 4036 2355 4006 1349
9 3753 2326 3646 3901 1350
9 3607 822 3740 3697 1351
9 2694 4015 1116 1881 1352
9 3761 3676 2337 3709 1353
9 1439 3986 2352 3598 1354
9 3639 3638 2358 3686 1355
9 3632 2349 2945 3010 1356
9 2033 3629 3606 2328 1357
9 3610 3609 2399 3020 1358
9 1927 1904 1902 3719 1359
9 789 3887 1482 787 1360
9 2347 3931 757 755 1361
9 3725 3937 1928 3921 1362
9 2706 4091 1483 4090 1363
9 1965 4731 4017 4097 1364
9 3709 2686 4092 4040 1365
9 2121 4023 3695 4078 1366
9 4102 1768 1625 2030 1367
9 440 4046 4047 4048 1368
9 2134 1891 1893 3957 1369
9 1898 3936 2118 1900 1370
9 1482 3726 3728 3727 1371
9 4105 4047 4046 4045 1372
9 2133 3633 3635 3634 1373
9 1071 1074 1251 3665 1374
9 964 2129 3924 3926 1375
9 4788 2204 2587 2922 1376
9 4144 2426 3980 4106 1377
9 3980 2426 2425 2137 1378
9 3647 1745 1747 3702 1379
9 2353 3666 3912 3729 1380
9 596 594 3600 3984 1381
9 3568 912 913 3777 1382
9 2711 2710 2709 2698 1383
9 1645 1200 1198 3751 1384
9 4528 3745 1269 1431 1385
9 1744 3987 2189 1746 1386
9 979 974 973 4011 1387
9 1143 1159 1872 3715 1388
9 3850 3758 3895 1684 1389
9 4049 1429 1427 4065 1390
9 3629 2033 2251 2252 1391
9 3525 2146 2148 2430 1392
9 741 3934 1879 735 1393
9 2328 1978 2032 2033 1394
9 1486 3951 604 606 1395
9 1248 3601 3602 3707 1396
9 1047 1045 1247 3658 1397
9 3588 3599 2310 3583 1398
9 1390 3705 1426 1391 1399
9 3583 2310 2311 2669 1400
9 1357 1289 1291 3701 1401
9 716 3743 608 610 1402
9 777 3935 773 774 1403
9 1740 1686 1742 1741 1404
9 3695 4023 2355 2354 1405
9 3693 1890 2134 2135 1406
9 2702 2142 2421 2701 1407
9 3965 2697 1940 1934 1408
9 3667 3664 3663 3662 1409
9 1055 1053 1154 1552 1410
9 4024 1880 1936 2130 1411
9 4029 3915 3680 3679 1412
9 2348 2350 2945 2349 1413
9 2193 1685 1609 1608 1414
9 1767 2071 2831 3667 1415
9 1387 3737 1381 1383 1416
9 2117 3682 3731 4031 1417
9 1869 1114 1115 1557 1418
9 2437 2439 2951 2438 1419
9 3726 1482 3887 3724 1420
9 3704 1515 1538 1666 1421
9 2676 3812 1684 3895 1422
9 931 3583 2669 3587 1423
9 4060 562 560 970 1424
9 3954 783 785 3727 1425
9 1496 1072 1071 1070 1426
9 3741 3742 588 1264 1427
9 3716 3746 3795 2674 1428
9 2401 2131 1715 1663 1429
9 3875 2386 1945 3893 1430
9 3599 2101 2105 2310 1431
9 2863 3857 3781 2535 1432
9 3725 3921 3728 3726 1433
9 1745 1746 1748 1747 1434
9 3626 1688 1689 1987 1435
9 3682 2117 1402 1400 1436
9 1388 3760 3818 1432 1437
9 3640 2602 2456 2458 1438
9 2341 2340 2339 2338 1439
9 584 583 586 585 1440
9 3682 1400 1390 1376 1441
9 3770 3767 745 3798 1442
9 3609 2378 2342 2375 1443
9 3661 2693 2692 2690 1444
9 1127 3715 2679 3714 1445
9 3391 794 792 837 1446
9 3737 1387 1394 3820 1447
9 4113 1043 978 980 1448
9 1470 1453 3792 1502 1449
9 3687 2348 2132 2131 1450
9 2135 2134 2424 2409 1451
9 1749 1943 3702 1747 1452
9 2345 3795 1438 2120 1453
9 2422 1607 983 3919 1454
9 3824 3849 1232 3815 1455
9 2346 2343 2676 3895 1456
9 3893 2380 2381 3875 1457
9 3753 1560 1656 1657 1458
9 2353 1884 1882 3666 1459
9 4116 4080 954 3683 1460
9 1909 1907 1906 1908 1461
9 570 569 567 568 1462
9 1498 1625 1768 1624 1463
9 1257 619 617 3708 1464
9 3790 962 1064 1244 1465
9 1239 1237 1242 3788 1466
9 4332 1735 1563 1564 1467
9 1745 3647 1942 1743 1468
9 3897 2156 1750 3903 1469
9 3618 2427 2143 2141 1470
9 3903 2682 2683 3897 1471
9 2147 1135 1061 4007 1472
9 1943 1749 1837 3672 1473
9 934 3713 3923 2129 1474
9 3791 3778 2490 2492 1475
9 3662 3663 3706 2693 1476
9 1300 1299 1297 1298 1477
9 3979 578 580 830 1478
9 1219 3823 2680 3872 1479
9 3971 1253 1093 1090 1480
9 3763 2158 1679 3844 1481
9 1988 2115 3688 2116 1482
9 3874 1484 614 616 1483
9 816 3627 806 807 1484
9 2041 2040 2043 2042 1485
9 3226 1544 1543 1402 1486
9 2408 2407 2130 1936 1487
9 1942 3648 3651 3649 1488
9 3932 765 764 763 1489
9 3597 582 579 3624 1490
9 754 753 2347 755 1491
9 3744 798 1659 1880 1492
9 3604 1244 1245 1536 1493
9 1467 1468 1729 1728 1494
9 1912 1911 1909 1910 1495
9 3618 2141 1930 2142 1496
9 2411 2413 2416 4050 1497
9 765 767 4005 764 1498
9 3570 2100 918 3800 1499
9 775 772 770 3945 1500
9 2162 2161 3577 2519 1501
9 616 618 709 3874 1502
9 3979 830 2141 2143 1503
9 1226 1228 1473 3873 1504
9 1235 1238 1449 3784 1505
9 3832 1446 1447 1448 1506
9 3644 1652 1867 2300 1507
9 748 750 946 3747 1508
9 825 1256 3678 827 1509
9 1538 1515 1514 1537 1510
9 1676 1678 1973 1972 1511
9 3677 740 735 734 1512
9 1090 1093 1094 1091 1513
9 2124 2125 2126 1241 1514
9 2336 1274 1271 3745 1515
9 3693 1887 1888 1890 1516
9 1885 1884 2353 1886 1517
9 3020 2399 2400 2931 1518
9 1456 1458 1471 3779 1519
9 1207 3780 2357 1953 1520
9 2487 2490 3778 3796 1521
9 3884 3851 3772 3852 1522
9 3627 2329 936 806 1523
9 3669 2104 2103 2102 1524
9 3705 1390 1400 1401 1525
9 3719 1902 1900 2118 1526
9 3024 2558 2557 2220 1527
9 4029 3679 2415 2418 1528
9 4104 3681 1119 1121 1529
9 3780 1207 1206 1205 1530
9 2112 2111 1249 1660 1531
9 4002 1277 1275 1276 1532
9 2497 2155 2156 3764 1533
9 2923 2187 2155 2497 1534
9 3711 2249 2245 2243 1535
9 4189 3567 2305 2668 1536
9 3795 2345 2524 2674 1537
9 2432 2429 2428 2431 1538
9 3710 600 601 602 1539
9 3820 3738 3603 3737 1540
9 3814 3851 932 920 1541
9 1834 1535 1719 1833 1542
9 2534 2535 3781 2360 1543
9 3894 1389 1397 1398 1544
9 3691 611 609 1260 1545
9 1445 1654 2373 3846 1546
9 780 778 3744 3933 1547
9 609 611 612 610 1548
9 1607 985 984 983 1549
9 615 695 3708 617 1550
9 1263 798 776 775 1551
9 3790 963 961 962 1552
9 3909 3859 1680 3829 1553
9 3844 3791 2492 3763 1554
9 3926 1052 965 964 1555
9 1061 1049 1048 1047 1556
9 1516 1398 1397 1399 1557
9 1372 1272 1273 3731 1558
9 935 934 2129 964 1559
9 3714 1125 1126 1127 1560
9 1887 3693 4050 1889 1561
9 3936 1898 1896 3937 1562
9 561 562 564 563 1563
9 578 579 581 580 1564
9 928 951 971 953 1565
9 1429 1428 1404 1427 1566
9 599 598 595 597 1567
9 941 940 922 923 1568
9 987 986 989 988 1569
9 2335 953 971 972 1570
9 1869 3638 1040 1114 1571
9 3341 3112 2649 2247 1572
9 610 608 607 609 1573
9 736 3848 1259 729 1574
9 2705 930 1494 1495 1575
9 3707 991 989 1248 1576
9 3946 998 1000 1488 1577
9 3681 1133 1118 1119 1578
9 1267 1266 1264 1265 1579
9 1267 1268 1492 1266 1580
9 1423 1393 1405 1424 1581
9 2270 1561 1532 2186 1582
9 1564 1563 1533 1562 1583
9 2722 2318 1874 2721 1584
9 2509 3793 2178 2176 1585
9 933 947 1038 949 1586
9 3797 3842 1039 1472 1587
9 1066 1058 1057 1065 1588
9 1214 1219 3787 1216 1589
9 4002 1280 1279 1277 1590
9 1279 1489 2670 1278 1591
9 1285 1283 1282 1284 1592
9 1272 1372 1373 1371 1593
9 1834 3797 1472 1535 1594
9 1719 1720 2223 2190 1595
9 3755 2534 2360 2179 1596
9 784 782 810 3699 1597
9 1264 1266 1492 3741 1598
9 3698 3941 1873 2317 1599
9 2120 2119 2676 2343 1600
9 3866 639 732 734 1601
9 2325 2322 2323 2324 1602
9 2368 2361 3886 3774 1603
9 625 627 628 626 1604
9 736 730 738 737 1605
9 803 745 3767 815 1606
9 772 771 769 770 1607
9 1040 955 968 969 1608
9 1469 3779 3796 3778 1609
9 566 565 563 564 1610
9 568 567 565 566 1611
9 3727 785 787 1482 1612
9 777 778 780 779 1613
9 1122 1124 1125 1123 1614
9 1217 1218 1443 1442 1615
9 1280 1282 1283 1281 1616
9 1736 1476 1540 1541 1617
9 2719 1946 2224 2444 1618
9 2220 2557 2831 2071 1619
9 3600 594 593 592 1620
9 3598 3600 592 1439 1621
9 3952 1268 1269 1270 1622
9 1463 3806 4939 1465 1623
9 3775 1481 1480 2363 1624
9 1767 1544 2044 2071 1625
9 2280 1840 1713 1645 1626
9 2370 2485 2486 2371 1627
9 2371 2487 3796 3802 1628
9 3482 702 626 628 1629
9 3732 1485 631 629 1630
9 3371 1156 632 634 1631
9 754 752 751 753 1632
9 758 756 755 757 1633
9 1099 1096 1095 1097 1634
9 3813 2543 2180 1835 1635
9 996 997 999 998 1636
9 1121 1119 1117 1120 1637
9 3828 1877 1227 1225 1638
9 1441 3837 3788 1242 1639
9 2501 1473 2122 2123 1640
9 3652 1899 1901 2139 1641
9 3494 2162 2519 2520 1642
9 2116 2209 2599 2942 1643
9 2365 2366 2684 2364 1644
9 1388 1386 1389 3760 1645
9 3854 1399 1397 2098 1646
9 1517 1682 1684 1516 1647
9 3869 2683 1546 3891 1648
9 1265 1264 588 856 1649
9 729 727 726 728 1650
9 1159 1658 1873 1872 1651
9 2160 2309 2515 2308 1652
9 2341 2338 2337 3676 1653
9 2728 2729 3640 2458 1654
9 591 590 1439 592 1655
9 1262 598 599 600 1656
9 615 617 618 616 1657
9 1216 3787 1475 1218 1658
9 3816 1223 1222 1224 1659
9 1296 1293 1294 1295 1660
9 1462 1464 1468 1467 1661
9 1775 1651 1649 1650 1662
9 1468 1730 1731 1729 1663
9 1732 1734 3773 1733 1664
9 1900 1899 1897 1898 1665
9 2357 2198 1954 1953 1666
9 3808 2488 2485 2370 1667
9 2489 2487 2371 2486 1668
9 2493 2492 2490 2491 1669
9 2379 3826 3834 3786 1670
9 934 862 863 3713 1671
9 1058 1056 1055 1057 1672
9 2147 2146 2145 1135 1673
9 2100 3570 3573 2668 1674
9 1096 1094 1093 1095 1675
9 856 588 587 589 1676
9 3986 1439 590 4052 1677
9 4013 1553 1124 1122 1678
9 2110 2474 2904 2388 1679
9 597 595 594 596 1680
9 3677 734 732 2331 1681
9 758 760 770 769 1682
9 3644 2300 3479 3526 1683
9 3550 3569 2718 2306 1684
9 791 792 794 793 1685
9 1081 1079 1078 1080 1686
9 4089 1405 1393 1392 1687
9 778 776 798 3744 1688
9 923 922 866 868 1689
9 3703 938 1883 2390 1690
9 1372 1376 1377 1373 1691
9 1236 3839 3838 1440 1692
9 1479 1478 3880 1480 1693
9 2101 2102 2103 1657 1694
9 3478 3477 2300 1867 1695
9 3759 721 724 725 1696
9 737 742 743 736 1697
9 3767 834 833 815 1698
9 2179 2360 3797 1834 1699
9 2695 2694 1881 2192 1700
9 2134 1890 1888 1891 1701
9 3883 2190 2899 2900 1702
9 3772 3851 3814 3769 1703
9 3739 1199 1201 1202 1704
9 3739 1202 1204 2307 1705
9 4164 1211 1210 1212 1706
9 1210 1213 1214 1212 1707
9 1434 1435 1436 1433 1708
9 1394 1512 2313 3820 1709
9 2156 2155 1751 1750 1710
9 3715 1872 1875 2679 1711
9 2600 2442 2041 2042 1712
9 2511 2680 3822 2512 1713
9 1389 3894 3818 3760 1714
9 758 757 761 759 1715
9 3886 2681 1481 3774 1716
9 1941 1903 1904 1905 1717
9 3463 2847 2167 2298 1718
9 3757 2346 3895 3758 1719
9 3742 585 587 588 1720
9 784 786 787 785 1721
9 3769 3814 833 834 1722
9 3857 950 3842 3781 1723
9 1432 3818 2119 1434 1724
9 1546 1436 1435 1437 1725
9 3746 3766 1438 3795 1726
9 1618 1979 2034 1617 1727
9 2184 2865 3869 2034 1728
9 2520 3463 2298 3494 1729
9 775 3945 2354 1263 1730
9 2368 3774 1481 3775 1731
9 2361 2127 2126 2125 1732
9 2127 3918 3836 2126 1733
9 3832 2681 3886 3837 1734
9 600 599 1483 601 1735
9 3819 716 610 612 1736
9 747 749 750 748 1737
9 1878 3830 752 754 1738
9 796 795 793 794 1739
9 998 999 1001 1000 1740
9 1201 1203 1204 1202 1741
9 3788 2124 1241 1239 1742
9 1274 1273 1272 1271 1743
9 1286 1288 1289 1287 1744
9 1440 3838 1662 1444 1745
9 3563 2373 1654 2304 1746
9 3838 2381 2380 1662 1747
9 1895 1896 1898 1897 1748
9 2299 3479 2300 3477 1749
9 611 613 614 612 1750
9 782 784 785 783 1751
9 2139 1901 1903 4042 1752
9 1839 2039 3749 2040 1753
9 3578 717 719 1254 1754
9 1226 1243 3816 1224 1755
9 3826 2122 1230 3834 1756
9 4089 2109 1714 1405 1757
9 1530 1425 1423 1424 1758
9 3784 1449 1451 3825 1759
9 2363 1480 3880 3881 1760
9 3826 2379 1503 3859 1761
9 3443 1562 1533 1561 1762
9 3562 3920 1714 2388 1763
9 4109 1748 1746 2189 1764
9 2361 2368 3840 2362 1765
9 3821 2366 2365 2367 1766
9 866 863 836 865 1767
9 1385 1386 1387 1383 1768
9 1386 1388 1394 1387 1769
9 957 958 960 959 1770
9 1111 1088 1087 1086 1771
9 3779 1471 3802 3796 1772
9 3880 1478 1477 1542 1773
9 3863 3862 1542 3847 1774
9 2370 2371 3802 2369 1775
9 603 605 606 604 1776
9 724 721 720 722 1777
9 783 781 780 782 1778
9 948 947 933 932 1779
9 3975 1664 1056 1058 1780
9 1535 1534 1720 1719 1781
9 1684 1682 2167 3850 1782
9 3842 3797 2360 3781 1783
9 2511 2512 2594 2510 1784
9 4367 3772 3769 3771 1785
9 1091 1089 1088 1090 1786
9 1531 1532 1561 1533 1787
9 617 619 620 618 1788
9 630 628 627 629 1789
9 749 747 4008 4083 1790
9 589 3789 1876 856 1791
9 958 957 956 941 1792
9 967 966 961 963 1793
9 2122 1473 1228 1230 1794
9 1268 1267 1431 1269 1795
9 1293 1291 1290 1292 1796
9 1298 1297 1296 1295 1797
9 2372 1730 1468 3833 1798
9 1448 1479 2681 3832 1799
9 3844 1679 1503 1502 1800
9 2159 1680 1679 2157 1801
9 3322 2022 2021 1840 1802
9 3619 1988 2116 2942 1803
9 2364 2127 2361 2362 1804
9 985 2320 3959 3631 1805
9 1475 3787 3845 3776 1806
9 1502 3792 3791 3844 1807
9 1274 2336 2660 1276 1808
9 1212 1214 1216 1215 1809
9 1215 1216 1218 1217 1810
9 1676 1540 3776 1678 1811
9 1540 1676 1677 1541 1812
9 2217 2516 3822 3911 1813
9 740 825 826 746 1814
9 865 836 817 3752 1815
9 572 571 569 570 1816
9 1194 916 915 917 1817
9 1886 1887 1889 1885 1818
9 2096 2665 3534 2662 1819
9 3703 771 773 938 1820
9 799 797 795 796 1821
9 789 790 792 791 1822
9 1222 1225 1226 1224 1823
9 1232 1233 1234 1231 1824
9 3766 1435 1434 1438 1825
9 2683 2682 1436 1546 1826
9 1434 2119 2120 1438 1827
9 1448 1447 1868 1477 1828
9 2681 1479 1480 1481 1829
9 2345 2120 2343 2344 1830
9 778 777 774 776 1831
9 1222 1223 2327 1221 1832
9 1741 1942 3649 3882 1833
9 605 607 608 606 1834
9 632 630 629 631 1835
9 1878 754 755 756 1836
9 1250 1131 1132 1249 1837
9 1209 1210 1211 1208 1838
9 3786 3834 1231 1234 1839
9 1462 1461 1474 1463 1840
9 3845 3804 1678 3776 1841
9 1471 3843 2369 3802 1842
9 2342 2374 2376 2375 1843
9 771 772 774 773 1844
9 3942 810 3933 4025 1845
9 1914 1913 1911 1912 1846
9 3887 789 791 853 1847
9 920 932 933 921 1848
9 3884 948 932 3851 1849
9 2355 1661 1263 2354 1850
9 2161 2162 2661 1864 1851
9 3859 3909 2122 3826 1852
9 1942 3647 3650 3648 1853
9 1160 1159 1143 1158 1854
9 1437 1548 1549 1547 1855
9 2414 2417 2418 2415 1856
9 2941 2624 2879 3659 1857
9 1194 3828 1225 1222 1858
9 621 623 624 622 1859
9 746 741 735 740 1860
9 916 1221 2327 3777 1861
9 1457 1459 1460 1458 1862
9 1458 1460 3843 1471 1863
9 1465 1464 1462 1463 1864
9 1728 2369 3843 1467 1865
9 2542 2217 1954 2198 1866
9 2217 3911 3871 1954 1867
9 2174 2172 1972 1973 1868
9 3777 913 915 916 1869
9 3705 2689 1722 1426 1870
9 3748 1936 1880 1659 1871
9 3789 589 590 591 1872
9 3984 732 639 596 1873
9 604 602 601 603 1874
9 825 827 854 826 1875
9 980 978 974 979 1876
9 1425 1530 1532 1531 1877
9 2109 2110 2388 1714 1878
9 1742 1743 1942 1741 1879
9 1658 1874 2317 1873 1880
9 2176 2174 1973 2175 1881
9 2413 2411 2410 2412 1882
9 3743 1486 606 608 1883
9 636 634 633 635 1884
9 4454 837 3898 3899 1885
9 3505 1005 1003 1063 1886
9 3786 3825 1470 2379 1887
9 3803 1957 1729 1731 1888
9 1731 1730 2372 1732 1889
9 1732 1733 3803 1731 1890
9 2663 3244 3245 2664 1891
9 862 934 935 864 1892
9 1208 1207 1953 1209 1893
9 2338 2211 2210 2337 1894
9 3460 795 797 1167 1895
9 838 818 815 833 1896
9 4051 1494 930 867 1897
9 3900 3907 919 2386 1898
9 1884 1883 938 1882 1899
9 1038 947 948 3841 1900
9 1881 1116 1065 1758 1901
9 1123 1121 1120 1122 1902
9 3888 1130 1129 1554 1903
9 1476 1443 1218 1475 1904
9 1958 1869 1557 1870 1905
9 3907 3900 1877 3828 1906
9 1129 1130 1472 1039 1907
9 3665 1069 1070 1071 1908
9 1139 1138 1689 1688 1909
9 1230 1228 1227 1229 1910
9 3834 1230 1229 1231 1911
9 3905 1450 1240 3835 1912
9 1447 1446 1441 1445 1913
9 1462 1460 1459 1461 1914
9 2245 2244 2242 2243 1915
9 2487 2489 2491 2490 1916
9 4939 3806 3807 4938 1917
9 3587 568 566 931 1918
9 3809 3734 3733 699 1919
9 787 786 822 788 1920
9 855 929 951 928 1921
9 1135 2145 2713 1062 1922
9 1066 1117 1119 1118 1923
9 3787 1219 3872 3845 1924
9 1397 1389 1386 1385 1925
9 1394 1388 1432 1395 1926
9 1511 1395 1433 3877 1927
9 1548 1437 1435 3766 1928
9 1868 1447 1445 3846 1929
9 3776 1540 1476 1475 1930
9 3766 3746 1681 1548 1931
9 2185 1713 1840 2021 1932
9 3584 2161 1864 1757 1933
9 1241 2126 3836 3835 1934
9 3785 2174 2176 2178 1935
9 2175 2177 2509 2176 1936
9 2524 2345 2344 2483 1937
9 1872 1873 3941 1875 1938
9 3697 2318 2722 3607 1939
9 1938 821 808 1934 1940
9 699 3733 3736 3732 1941
9 579 578 576 577 1942
9 613 615 616 614 1943
9 767 768 807 806 1944
9 1463 1474 3807 3806 1945
9 1660 2113 2351 2112 1946
9 1679 2158 2499 2157 1947
9 4020 2403 922 940 1948
9 1953 1954 3871 1209 1949
9 2099 1655 1217 1442 1950
9 3554 1288 1286 1491 1951
9 2647 2646 2383 2384 1952
9 1516 1399 3854 1517 1953
9 1682 1517 1865 1683 1954
9 1743 1742 2024 1744 1955
9 3850 2167 2847 2848 1956
9 1040 4027 952 955 1957
9 994 993 1610 995 1958
9 3931 2347 3586 4127 1959
9 574 575 577 576 1960
9 579 582 583 581 1961
9 592 593 2389 591 1962
9 772 775 776 774 1963
9 2320 2321 2323 2322 1964
9 3628 2423 2330 2329 1965
9 752 750 749 751 1966
9 1231 1229 3815 1232 1967
9 3832 3837 1441 1446 1968
9 1441 1444 1654 1445 1969
9 1451 1452 1454 1453 1970
9 1459 1457 3906 1466 1971
9 1679 1680 3859 1503 1972
9 2662 2097 1721 2096 1973
9 3717 2434 2437 2438 1974
9 3983 593 594 595 1975
9 721 719 718 720 1976
9 3964 1937 864 935 1977
9 1275 1277 1279 1278 1978
9 3502 4013 4015 2694 1979
9 629 627 699 3732 1980
9 2304 1654 1444 1662 1981
9 1467 3843 1460 1462 1982
9 1656 1560 1558 1559 1983
9 2372 3904 1734 1732 1984
9 1560 3753 3901 1975 1985
9 2411 2135 2409 2410 1986
9 3804 3855 2177 2175 1987
9 4041 1064 962 960 1988
9 1904 1903 1901 1902 1989
9 827 855 928 854 1990
9 3858 3890 950 3857 1991
9 1158 1143 1142 1157 1992
9 1213 3823 1219 1214 1993
9 3563 2306 1655 2099 1994
9 2384 2383 2382 1735 1995
9 3981 4018 3680 3916 1996
9 809 807 768 808 1997
9 920 921 3878 838 1998
9 3841 1258 1129 1038 1999
9 1130 1534 1535 1472 2000
9 4009 868 867 930 2001
9 994 995 997 996 2002
9 1002 1003 1005 1004 2003
9 1894 1893 1891 1892 2004
9 2240 2241 2243 2242 2005
9 3582 3580 2844 2475 2006
9 1395 1432 1434 1433 2007
9 2313 1512 1750 1751 2008
9 2244 2245 2247 2246 2009
9 3631 986 984 985 2010
9 1213 1210 1209 3871 2011
9 1404 1403 1377 1391 2012
9 763 762 759 761 2013
9 1944 1945 2386 919 2014
9 949 950 3890 933 2015
9 1720 1534 1130 3888 2016
9 1662 2380 3550 2304 2017
9 1257 621 620 619 2018
9 634 632 631 633 2019
9 750 752 3830 946 2020
9 3960 2525 2309 2160 2021
9 3569 3550 2380 3893 2022
9 959 960 962 961 2023
9 2448 2453 2454 2449 2024
9 2366 2685 3940 2684 2025
9 3726 3724 3721 3725 2026
9 1371 1270 1271 1272 2027
9 1276 1275 1273 1274 2028
9 1284 1286 1287 1285 2029
9 2456 2457 2728 2458 2030
9 863 862 835 836 2031
9 865 867 868 866 2032
9 1129 1039 949 1038 2033
9 3715 1127 1142 1143 2034
9 4939 3856 3833 1465 2035
9 2551 2552 2553 2550 2036
9 787 788 790 789 2037
9 807 809 817 816 2038
9 978 977 967 974 2039
9 2676 3894 1398 3812 2040
9 1682 1683 2298 2167 2041
9 3605 973 963 3790 2042
9 3780 1205 1203 1550 2043
9 4095 4092 2686 3688 2044
9 3949 1057 1055 1552 2045
9 1083 1084 1086 1085 2046
9 1225 1227 1228 1226 2047
9 1235 1233 3839 1236 2048
9 1233 1235 3784 1234 2049
9 1236 1237 1238 1235 2050
9 1237 1236 1440 1242 2051
9 1237 1239 1240 1238 2052
9 1684 3812 1398 1516 2053
9 1405 1714 3920 1424 2054
9 1477 1478 1479 1448 2055
9 1449 1450 1452 1451 2056
9 1453 1470 3825 1451 2057
9 1452 1455 1456 1454 2058
9 1455 1457 1458 1456 2059
9 1454 1456 3779 1469 2060
9 3778 3791 3792 1469 2061
9 1502 1503 2379 1470 2062
9 1835 1833 3883 3813 2063
9 1678 3804 2175 1973 2064
9 2501 2123 2677 2502 2065
9 3310 2192 2191 3311 2066
9 3849 3824 3875 2381 2067
9 4175 2436 2433 2716 2068
9 3823 3911 3822 2680 2069
9 1465 3833 1468 1464 2070
9 1466 3906 3836 3918 2071
9 1117 1066 1065 1116 2072
9 3745 1271 1270 1269 2073
9 1400 1402 1543 1401 2074
9 2668 2305 1944 2100 2075
9 2361 2125 2124 3886 2076
9 763 764 2121 762 2077
9 3998 972 1042 1044 2078
9 1045 1047 1048 1046 2079
9 1076 1074 1073 1075 2080
9 1206 1204 1203 1205 2081
9 1376 1390 1391 1377 2082
9 2247 2649 2650 2248 2083
9 2886 2856 2691 2855 2084
9 721 3759 1254 719 2085
9 722 726 727 724 2086
9 780 781 852 779 2087
9 2406 2218 1958 1870 2088
9 3671 951 929 952 2089
9 1074 1071 1072 1073 2090
9 1391 1426 1427 1404 2091
9 2682 3877 1433 1436 2092
9 1437 1547 3891 1546 2093
9 2306 2718 3917 1655 2094
9 3591 2313 1751 3879 2095
9 2538 2184 2034 1979 2096
9 3894 2676 2119 3818 2097
9 4079 3687 2131 2401 2098
9 2923 3582 3879 2187 2099
9 1511 3877 2682 3903 2100
9 1004 1005 1007 1006 2101
9 916 1194 1222 1221 2102
9 3441 2663 2097 2662 2103
9 2850 4069 2547 2548 2104
9 3906 3905 3835 3836 2105
9 1135 1062 1049 1061 2106
9 1200 1645 1713 1551 2107
9 1749 1836 1838 1837 2108
9 3871 3911 3823 1213 2109
9 2155 2187 3879 1751 2110
9 2110 2475 2844 2474 2111
9 3861 1736 1541 3860 2112
9 4223 1384 1392 1393 2113
9 2177 2510 3782 2509 2114
9 3866 734 735 1879 2115
9 607 605 4058 3889 2116
9 3642 969 968 1131 2117
9 1233 1232 3849 3839 2118
9 1238 1240 1450 1449 2119
9 1242 1440 1444 1441 2120
9 2308 1675 1721 2160 2121
9 3828 1194 917 3907 2122
9 3867 1660 1249 1132 2123
9 1453 1454 1469 3792 2124
9 3697 2317 1874 2318 2125
9 2112 2315 2316 2111 2126
9 2684 3918 2127 2364 2127
9 3978 2395 2394 2392 2128
9 3041 2558 3024 3040 2129
9 736 729 728 730 2130
9 3799 3798 737 738 2131
9 3798 745 742 737 2132
9 838 833 3814 920 2133
9 3770 3768 834 3767 2134
9 3885 3841 948 3884 2135
9 950 949 1039 3842 2136
9 2179 1834 1833 1835 2137
9 3755 2179 1835 2180 2138
9 4535 2249 3711 3712 2139
9 1429 1514 1515 1430 2140
9 1544 1767 1929 1543 2141
9 782 780 3933 810 2142
9 3756 2344 2343 2346 2143
9 3825 3786 1234 3784 2144
9 3862 4962 3880 1542 2145
9 3937 1896 1894 1928 2146
9 3788 3837 3886 2124 2147
9 2364 2362 3840 2365 2148
9 3805 3940 2685 3955 2149
9 2549 2108 2107 4093 2150
9 2039 1839 1837 1838 2151
9 1909 1908 2114 1910 2152
9 913 914 3800 915 2153
9 2100 1944 919 918 2154
9 933 3890 3878 921 2155
9 993 992 990 991 2156
9 1542 1477 1868 3847 2157
9 2190 3883 1833 1719 2158
9 816 817 836 835 2159
9 3992 3988 2189 3987 2160
9 4034 3728 3921 4068 2161
9 741 746 4008 747 2162
9 3872 3855 3804 3845 2163
9 1877 3815 1229 1227 2164
9 1239 1241 3835 1240 2165
9 1450 3905 1455 1452 2166
9 3905 3906 1457 1455 2167
9 2369 1728 3808 2370 2168
9 3986 2351 2113 2352 2169
9 3839 3849 2381 3838 2170
9 798 1263 1661 1659 2171
9 834 3768 3771 3769 2172
9 2412 2414 2415 2413 2173
9 2429 2400 2398 2428 2174
9 982 980 979 981 2175
9 4103 2419 2130 2407 2176
9 1869 1958 2358 3638 2177
9 2434 2432 2431 2433 2178
9 3830 1878 3966 3831 2179
9 2510 2177 3855 2511 2180
9 2334 2405 2548 2547 2181
9 955 952 929 954 2182
9 4150 2708 2311 2707 2183
9 3908 1563 1735 2382 2184
9 1201 1199 1198 1200 2185
9 2239 2238 2236 2237 2186
9 626 624 623 625 2187
9 1871 976 1138 1139 2188
9 1291 1289 1288 1290 2189
9 1665 1428 1429 1430 2190
9 1474 1461 1459 3805 2191
9 2396 2393 2392 2394 2192
9 917 915 3800 918 2193
9 1893 1894 1896 1895 2194
9 747 748 3934 741 2195
9 1054 965 1052 1053 2196
9 1655 3917 1215 1217 2197
9 3813 3883 2900 3913 2198
9 1244 1064 2136 1245 2199
9 4036 2687 2330 2688 2200
9 963 973 974 967 2201
9 2375 2376 2397 2377 2202
9 991 990 988 989 2203
9 1549 1617 3891 1547 2204
9 2946 2350 4038 3592 2205
9 969 1041 1114 1040 2206
9 1512 1394 1395 1511 2207
9 1758 2191 2192 1881 2208
9 2854 2651 2248 2650 2209
9 2137 2138 2571 1977 2210
9 3653 3655 3656 3652 2211
9 1512 1511 3903 1750 2212
9 1743 1744 1746 1745 2213
9 1530 1424 3920 1952 2214
9 1927 1906 1905 1904 2215
9 2722 3608 3696 3607 2216
9 1864 1653 1416 1757 2217
9 3603 1392 1384 1380 2218
9 3531 1867 1652 1653 2219
9 2340 2341 2374 2342 2220
9 618 620 3943 709 2221
9 2140 2128 821 1938 2222
9 918 919 3907 917 2223
9 1747 1748 1836 1749 2224
9 3534 1819 1955 2258 2225
9 2326 2103 2104 2106 2226
9 2377 2398 2400 2399 2227
9 1899 1900 1902 1901 2228
9 2455 2454 2457 2456 2229
9 2141 830 580 1930 2230
9 3993 3598 2352 2703 2231
9 725 724 727 3827 2232
9 2283 1647 1648 1649 2233
9 2146 2147 2168 2148 2234
9 4096 4123 2701 2421 2235
9 4114 1937 3964 4063 2236
9 3764 2156 3897 3765 2237
9 2680 2511 3855 3872 2238
9 2927 2195 1933 2194 2239
9 3733 3734 4134 3735 2240
9 3737 3603 1380 1381 2241
9 1728 1729 1957 3808 2242
9 1068 1050 1037 1051 2243
9 3738 4089 1392 3603 2244
9 2108 2106 2104 2107 2245
9 2690 2692 2855 2691 2246
9 1053 1055 1056 1054 2247
9 2160 1721 2097 3960 2248
9 4024 2130 2419 2420 2249
9 621 622 3943 620 2250
9 1084 1083 1082 1081 2251
9 1270 1371 2402 3952 2252
9 1738 2699 4033 2700 2253
9 1459 1466 3940 3805 2254
9 2927 2194 4030 2928 2255
9 2241 2240 2238 2239 2256
9 2683 3967 3765 3897 2257
9 1977 1976 3980 2137 2258
9 3730 3962 1886 2353 2259
9 2238 2240 2522 3972 2260
9 2574 2325 2324 2573 2261
9 3869 3891 1617 2034 2262
9 3679 2416 2413 2415 2263
9 2218 4019 2358 1958 2264
9 2946 3592 3626 3593 2265
9 729 1259 3827 727 2266
9 2236 2238 3972 2521 2267
9 2574 3601 3959 2325 2268
9 2683 3869 3870 3967 2269
9 2122 3909 2677 2123 2270
9 2714 2710 2711 2712 2271
9 612 614 1484 3819 2272
9 2437 2434 2433 2436 2273
9 3724 3722 3720 3721 2274
9 1383 1381 1370 1382 2275
9 1928 1894 1892 3963 2276
9 4031 3731 1273 4026 2277
9 1466 3918 2684 3940 2278
9 3632 2132 2348 2349 2279
9 2538 2921 3950 2184 2280
9 2142 2702 3817 3618 2281
9 938 773 3935 1882 2282
9 3685 3684 957 959 2283
9 2325 3959 2320 2322 2284
9 4022 1558 1560 1975 2285
9 3654 3653 3652 2139 2286
9 602 604 3951 739 2287
9 4011 1493 981 979 2288
9 806 936 4005 767 2289
9 1513 2673 4059 3645 2290
9 1053 1052 1663 1154 2291
9 3661 2690 1722 2689 2292
9 1192 3511 2653 3510 2293
9 2596 4044 1760 4045 2294
9 1536 1976 2032 1978 2295
9 1123 1125 3714 1134 2296
9 2663 2664 3960 2097 2297
9 3669 2312 2107 2104 2298
9 4055 2679 1875 4099 2299
9 2868 3033 4019 2218 2300
9 1720 3888 3961 2385 2301
9 2168 2147 4007 2333 2302
9 2386 3875 3824 3900 2303
9 3805 3955 3807 1474 2304
9 1052 3926 2401 1663 2305
9 3751 1198 1195 2319 2306
9 3690 2698 1940 2697 2307
9 2353 3729 4034 3730 2308
9 4034 4068 3963 3730 2309
9 1880 4024 3933 3744 2310
9 627 625 3809 699 2311
9 3870 3968 3765 3967 2312
9 1685 2193 2595 2314 2313
9 1657 1656 2105 2101 2314
9 3953 3985 4161 4070 2315
9 3551 2267 2237 2235 2316
9 3815 1877 3900 3824 2317
9 2366 3821 3976 2685 2318
9 2839 2066 2623 2624 2319
9 3679 3680 4018 2416 2320
9 995 3939 1128 997 2321
9 1987 1689 2115 1988 2322
9 4053 4153 4152 2715 2323
9 3929 3703 2390 3966 2324
9 1426 1722 4065 1427 2325
9 2672 2671 2143 2435 2326
9 1659 1661 2356 3748 2327
9 1513 1718 2208 1965 2328
9 2396 3643 3930 2393 2329
9 1895 1939 3957 1893 2330
9 2133 1715 2131 2132 2331
9 2390 3916 3831 3966 2332
9 3916 2390 1883 3981 2333
9 853 3722 3724 3887 2334
9 2685 3976 3807 3955 2335
9 1891 1888 3962 1892 2336
9 4148 2387 1758 3949 2337
9 1495 1494 2699 1738 2338
9 1075 1078 1079 1077 2339
9 1373 1377 1403 4014 2340
9 3935 777 779 3912 2341
9 2525 3960 2664 3754 2342
9 2703 2352 2113 2404 2343
9 2542 2198 2357 3938 2344
9 753 751 766 4012 2345
9 1483 599 597 3865 2346
9 4030 2194 1933 1932 2347
9 2355 4023 2121 4006 2348
9 2240 2242 3974 2522 2349
9 2418 4039 3747 4029 2350
9 985 1607 2321 2320 2351
9 2687 936 2329 2330 2352
9 1513 1496 2332 1718 2353
9 1884 1885 3981 1883 2354
9 964 965 3964 935 2355
9 2116 2210 2211 2209 2356
9 4099 2419 4103 4055 2357
9 2224 1946 1624 1768 2358
9 2142 1930 4004 2421 2359
9 2315 3595 3596 2316 2360
9 2707 2311 2310 2105 2361
9 596 639 3865 597 2362
9 1563 3908 1531 1533 2363
9 1887 1886 3962 1888 2364
9 3926 3924 4079 2401 2365
9 1744 2024 3992 3987 2366
9 837 792 790 3898 2367
9 1934 1940 4098 1938 2368
9 2549 4093 2551 2550 2369
9 3645 1072 1496 1513 2370
9 3720 2118 3936 3721 2371
9 2392 2393 3930 2391 2372
9 975 3684 4095 4072 2373
9 1429 4049 1760 1514 2374
9 3701 1291 1293 3927 2375
9 3634 3635 3637 3636 2376
9 3729 3912 779 852 2377
9 4020 3925 3923 2403 2378
9 3912 3666 1882 3935 2379
9 3957 1939 3657 4062 2380
9 1889 4050 2416 4018 2381
9 783 3954 852 781 2382
9 986 987 4121 984 2383
9 998 3946 1029 996 2384
9 941 956 4020 940 2385
9 1371 1373 4014 2402 2386
9 4056 4035 2359 4120 2387
9 2689 3705 1401 4037 2388
9 826 854 3956 1935 2389
9 1246 1931 4094 1080 2390
9 2135 2411 4050 3693 2391
9 2523 3974 2242 2244 2392
9 4018 3981 1885 1889 2393
9 4899 3902 3901 3646 2394
9 1293 1292 3876 1294 2395
9 1425 1531 3908 2095 2396
9 2595 2963 3622 2314 2397
9 751 749 4083 766 2398
9 3639 3671 952 4027 2399
9 1133 2359 3975 1118 2400
9 1058 1066 1118 3975 2401
9 1625 2446 2447 2030 2402
9 4035 4056 2423 4114 2403
9 3761 3709 4040 977 2404
9 757 3931 1255 761 2405
9 3925 4020 976 1871 2406
9 3930 3643 3971 1111 2407
9 3817 4132 2427 3618 2408
9 3730 3963 1892 3962 2409
9 1290 1378 3876 1292 2410
9 3916 3680 3915 3831 2411
9 953 3956 854 928 2412
9 956 957 3684 975 2413
9 2704 4121 987 3953 2414
9 3539 1369 1380 1384 2415
9 975 976 4020 956 2416
9 4136 4107 3952 2402 2417
9 2408 2696 4103 2407 2418
9 2247 2248 4016 2246 2419
9 2244 2246 4016 2523 2420
9 1927 4010 1908 1906 2421
9 572 744 4003 573 2422
9 2210 2686 3709 2337 2423
9 4074 4087 2850 2851 2424
9 808 821 3996 809 2425
9 3966 1878 756 3929 2426
9 857 574 576 3700 2427
9 3515 1955 1819 1646 2428
9 1273 1275 1278 4026 2429
9 4039 2418 2417 4043 2430
9 2701 4136 4162 2702 2431
9 769 3929 756 758 2432
9 1412 1414 1652 3644 2433
9 1045 1046 3998 1044 2434
9 1490 1049 1062 3910 2435
9 2340 2981 2982 2339 2436
9 3988 3989 4109 2189 2437
9 2414 2412 4071 2706 2438
9 2096 1721 1675 1417 2439
9 2420 4073 3942 4025 2440
9 1115 1558 4022 1557 2441
9 809 3996 3752 817 2442
9 2134 3957 4062 2424 2443
9 4123 4096 3742 3741 2444
9 3713 863 866 3973 2445
9 4833 4102 2030 2905 2446
9 3628 3958 864 1937 2447
9 2412 2410 4100 4071 2448
9 936 2687 4006 4005 2449
9 4043 1879 3934 4039 2450
9 3986 4052 586 3625 2451
9 1936 3748 4143 2408 2452
9 2391 2195 3978 2392 2453
9 2886 4105 4049 2856 2454
9 3598 3993 3984 3600 2455
9 4031 4026 1278 2670 2456
9 3627 816 835 3958 2457
9 868 4009 3977 923 2458
9 2679 4055 1134 3714 2459
9 3683 3678 4122 4116 2460
9 946 3830 3831 3915 2461
9 4077 3866 1879 4043 2462
9 3727 3728 4034 3954 2463
9 577 575 4003 1737 2464
9 3588 3589 4060 3617 2465
9 1043 3761 977 978 2466
9 930 2705 4117 4009 2467
9 3672 1837 1839 4021 2468
9 761 1255 3932 763 2469
9 767 765 3965 768 2470
9 2111 2316 4151 4067 2471
9 3915 4029 3747 946 2472
9 2111 4067 1250 1249 2473
9 2121 4078 759 762 2474
9 1715 2133 3634 4082 2475
9 574 573 4003 575 2476
9 4043 2417 4090 4077 2477
9 2690 2691 4065 1722 2478
9 1494 4051 3997 2699 2479
9 3750 2039 1838 4085 2480
9 821 2128 3997 3996 2481
9 1513 1965 4097 2673 2482
9 732 3984 3993 2331 2483
9 4152 4000 2335 3999 2484
9 4073 2420 2419 4099 2485
9 1084 1081 1080 4094 2486
9 1929 4037 1401 1543 2487
9 1257 3811 623 621 2488
9 3937 3725 3721 3936 2489
9 1685 2314 3622 4075 2490
9 958 941 923 3977 2491
9 748 3747 4039 3934 2492
9 1663 1715 4082 1154 2493
9 1975 3901 3902 4054 2494
9 2143 2671 3700 3979 2495
9 589 587 4052 590 2496
9 2599 2209 2211 4129 2497
9 3933 4024 2420 4025 2498
9 4120 3694 4143 4118 2499
9 4160 3735 4134 4128 2500
9 3547 3510 2653 2301 2501
9 2421 4004 584 4096 2502
9 4161 2428 2398 4070 2503
9 1932 1933 3801 1931 2504
9 2698 2709 4098 1940 2505
9 1536 1245 3980 1976 2506
9 4064 4113 4121 2704 2507
9 719 717 712 718 2508
9 867 865 3752 4051 2509
9 3639 4027 1040 3638 2510
9 914 913 912 911 2511
9 2358 4074 1509 3686 2512
9 583 584 4004 581 2513
9 1661 2355 4036 2356 2514
9 1199 1197 1195 1198 2515
9 1688 1690 3868 1139 2516
9 585 586 4052 587 2517
9 4002 3994 1282 1280 2518
9 3676 3762 2374 2341 2519
9 3729 852 3954 4034 2520
9 972 3998 3999 2335 2521
9 4079 1871 1139 3868 2522
9 625 623 3811 3809 2523
9 2442 2443 4021 2041 2524
9 3963 4068 3921 1928 2525
9 862 864 3958 835 2526
9 4154 4145 695 3692 2527
9 857 3700 2671 4177 2528
9 3688 2115 4072 4095 2529
9 1122 1120 4015 4013 2530
9 1483 4091 603 601 2531
9 758 759 4078 760 2532
9 960 958 3977 4041 2533
9 1245 2136 4106 3980 2534
9 2443 4076 3672 4021 2535
9 1133 3694 4120 2359 2536
9 1609 1685 4075 1686 2537
9 4111 4146 4150 2707 2538
9 770 760 4078 3695 2539
9 2403 3973 866 922 2540
9 2706 4090 2417 2414 2541
9 1930 580 581 4004 2542
9 1608 1609 4088 1538 2543
9 3596 4003 744 4147 2544
9 1075 1077 4404 1076 2545
9 605 603 4091 4058 2546
9 955 954 4080 968 2547
9 595 598 1262 3983 2548
9 2705 4106 2136 4117 2549
9 2397 2376 4064 2704 2550
9 570 4126 744 572 2551
9 4091 2706 4071 4058 2552
9 1062 2713 4135 3910 2553
9 2377 2397 4070 2398 2554
9 1686 1740 4088 1609 2555
9 2129 3923 3925 3924 2556
9 4131 1552 1154 4082 2557
9 4101 2387 4148 4138 2558
9 1934 808 768 3965 2559
9 1086 1084 4094 3892 2560
9 3953 987 988 3985 2561
9 4049 4065 2691 2856 2562
9 2351 3718 2315 2112 2563
9 1284 1282 3994 1379 2564
9 3628 1937 4114 2423 2565
9 3021 2928 4097 4017 2566
9 1116 4015 1120 1117 2567
9 1935 4001 4083 4008 2568
9 3681 4104 4103 2696 2569
9 4082 3634 3636 4131 2570
9 578 3979 3700 576 2571
9 4058 4071 4100 3889 2572
9 976 975 4072 1138 2573
9 1748 4109 2296 1836 2574
9 982 981 3919 983 2575
9 2850 2548 3982 2851 2576
9 1607 2422 4159 2321 2577
9 983 984 4121 982 2578
9 585 3742 4096 584 2579
9 3670 4093 2107 2312 2580
9 2139 4042 4124 3654 2581
9 969 3642 4108 1041 2582
9 2702 4162 4149 3817 2583
9 4045 1760 4049 4105 2584
9 2704 3953 4070 2397 2585
9 2713 4156 2140 4135 2586
9 4165 2714 2715 4167 2587
9 1121 1123 1134 4104 2588
9 3657 3655 4141 4145 2589
9 1538 1537 4044 1608 2590
9 1758 2387 4101 2191 2591
9 2928 4030 2673 4097 2592
9 1836 2296 4085 1838 2593
9 4108 4111 1656 1559 2594
9 4012 4053 2712 3586 2595
9 1624 1946 2719 4139 2596
9 3685 966 4040 4092 2597
9 2406 1870 1557 4022 2598
9 1977 4081 2032 1976 2599
9 3698 3942 4073 3941 2600
9 2040 2041 4021 1839 2601
9 3941 4073 4099 1875 2602
9 1943 3672 4076 3673 2603
9 2334 2333 4084 2405 2604
9 2728 2457 4066 2730 2605
9 3892 3801 2391 3930 2606
9 3865 4077 4090 1483 2607
9 993 994 4171 992 2608
9 2115 1689 1138 4072 2609
9 2703 4140 2331 3993 2610
9 4011 3606 4155 1493 2611
9 1131 1250 4146 3642 2612
9 639 3866 4077 3865 2613
9 1931 1246 4059 1932 2614
9 1268 3952 4107 1492 2615
9 4116 3867 1132 4080 2616
9 990 4176 3985 988 2617
9 1114 1041 4108 1115 2618
9 1069 1051 4142 1070 2619
9 2404 4122 4140 2703 2620
9 4092 4095 3684 3685 2621
9 1981 1983 4185 1982 2622
9 3762 4064 2376 2374 2623
9 1664 3975 2359 4035 2624
9 4009 4117 4041 3977 2625
9 4147 4151 2316 3596 2626
9 4130 4115 3811 1257 2627
9 1558 1115 4108 1559 2628
9 2410 2409 4119 4100 2629
9 2714 2712 4053 2715 2630
9 4115 4130 3653 3654 2631
9 1037 1050 4137 1497 2632
9 3817 4149 1428 1665 2633
9 4128 1907 1909 4160 2634
9 1131 968 4080 1132 2635
9 1073 3944 1078 1075 2636
9 1903 1941 4124 4042 2637
9 1906 1907 4128 1905 2638
9 4122 2404 3867 4116 2639
9 4125 4119 2409 2424 2640
9 1260 3889 4100 4119 2641
9 1080 1078 3944 1246 2642
9 977 4040 966 967 2643
9 1090 1088 1111 3971 2644
9 4130 4141 3655 3653 2645
9 4119 4125 3691 1260 2646
9 4055 4103 4104 1134 2647
9 1211 4164 4208 3567 2648
9 1049 1490 4165 1048 2649
9 4084 3982 2548 2405 2650
9 3809 3810 4134 3734 2651
9 1411 3585 1417 1413 2652
9 1941 4134 3810 4124 2653
9 1653 1652 1414 1416 2654
9 1257 3708 4141 4130 2655
9 1381 1380 1369 1370 2656
9 4063 1664 4035 4114 2657
9 3809 3811 4115 3810 2658
9 2453 4066 2457 2454 2659
9 2427 4132 3704 4163 2660
9 1648 1647 1646 1422 2661
9 3477 3544 2667 2299 2662
9 1664 4063 1054 1056 2663
9 1871 4079 3924 3925 2664
9 2707 2105 1656 4111 2665
9 1514 1760 4044 1537 2666
9 2395 4028 2500 2394 2667
9 3692 3691 4125 4154 2668
9 2424 4062 4154 4125 2669
9 4172 2431 2428 4161 2670
9 1064 4041 4117 2136 2671
9 4118 2688 4056 4120 2672
9 2195 2391 3801 1933 2673
9 972 971 4032 1042 2674
9 4145 4141 3708 695 2675
9 4136 2701 4123 4107 2676
9 3686 1509 1042 4032 2677
9 4131 4148 3949 1552 2678
9 1256 3677 2331 4140 2679
9 965 1054 4063 3964 2680
9 3630 2422 3919 4155 2681
9 2688 4118 2356 4036 2682
9 2237 2236 2234 2235 2683
9 1068 1545 4137 1050 2684
9 2688 2330 2423 4056 2685
9 3817 1665 3704 4132 2686
9 1738 1739 4144 1495 2687
9 3736 3733 3735 4157 2688
9 3658 4084 2333 4007 2689
9 4140 4122 3678 1256 2690
9 980 982 4121 4113 2691
9 3654 4124 3810 4115 2692
9 1905 4128 4134 1941 2693
9 1045 1044 4057 1247 2694
9 2128 2140 4156 4033 2695
9 1538 4088 4166 1666 2696
9 1042 1509 4057 1044 2697
9 3996 3997 4051 3752 2698
9 1938 4098 4135 2140 2699
9 3910 4135 4098 4110 2700
9 2673 4030 1932 4059 2701
9 3999 4167 2715 4152 2702
9 2402 4014 4162 4136 2703
9 4067 4151 2708 4150 2704
9 3741 1492 4107 4123 2705
9 1911 2144 4160 1909 2706
9 1403 1404 1428 4149 2707
9 2143 2427 4163 2435 2708
9 2851 4057 1509 4074 2709
9 4145 4154 4062 3657 2710
9 2338 2339 4129 2211 2711
9 3910 4110 4158 1490 2712
9 4178 3650 3674 4182 2713
9 2669 2311 2708 4112 2714
9 2712 2711 4127 3586 2715
9 4133 2700 4033 4156 2716
9 1741 3882 4168 1740 2717
9 2698 3690 4127 2711 2718
9 1051 1037 3668 4142 2719
9 4131 3636 4138 4148 2720
9 4149 4162 4014 1403 2721
9 4167 1046 1048 4165 2722
9 717 3578 713 711 2723
9 981 1493 4155 3919 2724
9 766 4083 4001 4153 2725
9 3546 909 911 912 2726
9 1212 1215 3917 4164 2727
9 2714 4158 2709 2710 2728
9 4172 4161 3985 4176 2729
9 3748 2356 4118 4143 2730
9 4067 4150 4146 1250 2731
9 4000 4152 4153 4001 2732
9 3735 4160 2144 4157 2733
9 3704 1666 4166 4163 2734
9 3998 1046 4167 3999 2735
9 4098 2709 4158 4110 2736
9 4166 4088 1740 4168 2737
9 2431 4172 2716 2433 2738
9 4171 2716 4172 4176 2739
9 925 569 571 4173 2740
9 3636 3637 4169 4138 2741
9 574 857 4180 573 2742
9 2672 2435 4163 4166 2743
9 996 1029 4171 994 2744
9 3649 4174 4168 3882 2745
9 569 925 4184 567 2746
9 571 4180 3651 4173 2747
9 2671 2672 4174 4177 2748
9 3651 4177 4174 3649 2749
9 4166 4168 4174 2672 2750
9 4171 4176 990 992 2751
9 3651 3648 3650 4178 2752
9 4178 4182 4184 925 2753
9 2437 2436 4175 4179 2754
9 1819 1421 1422 1646 2755
9 3576 1370 1369 1365 2756
9 563 937 4187 561 2757
9 3581 1416 1414 1415 2758
9 1675 1415 1413 1417 2759
9 2716 4171 1029 4175 2760
9 3651 4178 925 4173 2761
9 572 573 4180 571 2762
9 2307 3575 4188 3739 2763
9 3579 2518 2233 2234 2764
9 1199 3739 4188 1197 2765
9 3551 2235 2234 2232 2766
9 565 4181 937 563 2767
9 1029 3947 4179 4175 2768
9 3673 3675 4182 3674 2769
9 3675 3673 4076 4183 2770
9 4181 565 567 4184 2771
9 4181 4184 4182 3675 2772
9 2653 2652 2164 2301 2773
9 717 711 707 712 2774
9 4188 911 909 910 2775
9 3549 1195 910 908 2776
9 1983 2066 2839 4185 2777
9 4187 937 4183 2717 2778
9 2443 2717 4183 4076 2779
9 1195 1197 4188 910 2780
9 1207 1208 4189 1206 2781
9 3675 4183 937 4181 2782
9 556 1499 4190 558 2783
9 3670 970 4190 4061 2784
9 2667 1367 1866 2299 2785
9 3539 1364 1365 1369 2786
9 3567 4189 1208 1211 2787
9 1443 1476 1736 4204 2788
9 558 4190 970 560 2789
9 2232 2231 3149 3551 2790
9 4061 4191 2552 2551 2791
9 3547 2301 2164 1961 2792
9 3571 707 701 708 2793
9 4194 4186 4185 4195 2794
9 3863 3847 1868 4203 2795
9 4164 3917 2718 4208 2796
9 945 557 559 4209 2797
9 1067 4207 1036 1034 2798
9 3861 4193 4204 1736 2799
9 4210 4209 4187 2717 2800
9 3567 4208 4205 2305 2801
9 1037 1036 4207 3668 2802
9 1624 4139 4207 1067 2803
9 1364 3539 3533 3532 2804
9 1422 1421 1419 1420 2805
9 3529 1866 1367 1360 2806
9 1415 1414 1412 1413 2807
9 2666 2445 3533 3542 2808
9 3846 4206 4203 1868 2809
9 2234 2233 2088 2232 2810
9 561 4187 4209 559 2811
9 3569 4205 4208 2718 2812
9 3668 4207 4139 4211 2813
9 2443 2442 4210 2717 2814
9 2838 2272 2271 1963 2815
9 2152 1507 1508 2089 2816
9 711 706 701 707 2817
9 4431 2302 906 1196 2818
9 910 909 907 908 2819
9 909 3546 1196 907 2820
9 4142 3668 4211 2332 2821
9 4139 2719 4212 4211 2822
9 4211 4212 1718 2332 2823
9 3552 3553 4213 2267 2824
9 2241 2239 4213 2265 2825
9 1365 1364 1359 1361 2826
9 2292 1420 1419 1418 2827
9 2204 1989 4214 2587 2828
9 1026 1024 4218 1027 2829
9 3149 2231 2087 2613 2830
9 1981 1980 2566 4214 2831
9 1370 3576 4215 1382 2832
9 1031 1032 1035 2461 2833
9 1383 1382 4215 1385 2834
9 2267 4213 2239 2237 2835
9 1667 1508 1507 1153 2836
9 4401 1831 1963 2271 2837
9 3541 1960 1961 2163 2838
9 3549 908 907 905 2839
9 1983 1981 4214 1989 2840
9 3542 3533 4223 4220 2841
9 2098 1397 1385 4215 2842
9 3540 1396 2445 2666 2843
9 1413 1412 1409 1411 2844
9 1367 1361 1359 1360 2845
9 3533 2445 1358 3532 2846
9 3542 4224 4221 2666 2847
9 2232 2088 2087 2231 2848
9 3547 1961 1960 1830 2849
9 706 700 698 701 2850
9 3535 1152 1153 1507 2851
9 3541 1963 1831 1960 2852
9 1196 906 905 907 2853
9 1984 2567 4217 1985 2854
9 2035 1985 4217 2036 2855
9 1419 1410 1408 1418 2856
9 3543 1818 2087 2088 2857
9 1032 1027 4218 1033 2858
9 3535 1192 1150 1152 2859
9 3527 903 905 906 2860
9 552 4219 1499 556 2861
9 3614 1498 1033 4218 2862
9 1613 1614 4222 2029 2863
9 2646 2648 4221 2383 2864
9 4185 4186 4222 1982 2865
9 1411 1409 1408 1410 2866
9 1360 1359 1358 1354 2867
9 2445 1396 1353 1358 2868
9 4191 1499 4219 4192 2869
9 3543 2169 1816 1818 2870
9 2095 4220 1423 1425 2871
9 1614 1724 1982 4222 2872
9 1960 1831 1829 1830 2873
9 1193 698 697 694 2874
9 3290 1151 1149 2165 2875
9 4192 4232 1710 4233 2876
9 2095 3908 2382 4224 2877
9 4488 2506 3025 3047 2878
9 1393 1423 4220 4223 2879
9 3548 1407 1408 1409 2880
9 2383 4221 4224 2382 2881
9 2087 1818 1816 1817 2882
9 1152 1150 1149 1151 2883
9 3547 1830 1829 1148 2884
9 905 903 902 904 2885
9 3548 2303 1355 1407 2886
9 1358 1353 1348 1354 2887
9 2225 1817 1816 1815 2888
9 3439 2641 692 690 2889
9 3520 3516 691 692 2890
9 697 693 691 694 2891
9 903 3527 1672 901 2892
9 3025 2506 2504 2221 2893
9 1947 1969 4226 2589 2894
9 1970 1971 4226 1969 2895
9 1408 1407 1355 1406 2896
9 3513 1347 1348 1353 2897
9 1985 2035 4226 1971 2898
9 1505 4229 1024 1020 2899
9 1829 1146 1147 1148 2900
9 1150 1147 1145 1149 2901
9 3489 689 691 693 2902
9 903 901 899 902 2903
9 4229 4230 2446 3614 2904
9 547 549 553 4228 2905
9 4229 1505 4225 4230 2906
9 2453 2448 4230 4225 2907
9 1517 3854 4231 1865 2908
9 1710 4232 550 548 2909
9 3481 4236 1355 2303 2910
9 4191 4192 4233 2552 2911
9 2505 3448 3447 3446 2912
9 3614 4218 1024 4229 2913
9 1522 1141 4234 1523 2914
9 3722 853 4235 3723 2915
9 2447 2446 4230 2448 2916
9 3513 3506 1344 1347 2917
9 3339 1406 1355 1345 2918
9 2098 3544 4231 3854 2919
9 4192 4219 550 4232 2920
9 3508 2166 1812 1814 2921
9 1816 1814 1813 1815 2922
9 2450 1723 1523 4234 2923
9 692 691 689 690 2924
9 899 898 1174 3488 2925
9 793 4235 853 791 2926
9 2504 2154 1708 2221 2927
9 2635 2450 4234 4237 2928
9 3141 1173 3468 3144 2929
9 1348 1347 1344 1346 2930
9 4234 1141 1986 4237 2931
9 1791 2062 3480 1793 2932
9 1345 1355 4236 1346 2933
9 2057 2056 2059 2058 2934
9 1147 1146 1144 1145 2935
9 3473 4245 1817 2225 2936
9 1867 3531 4262 3478 2937
9 1108 1109 4326 1110 2938
9 3970 178 179 420 2939
9 2695 3308 3307 3306 2940
9 1575 1577 1578 4275 2941
9 3393 3352 4456 2081 2942
9 3289 845 847 861 2943
9 1176 4296 3488 1174 2944
9 2613 2087 1817 4245 2945
9 3482 3375 3373 3376 2946
9 1814 1812 1811 1813 2947
9 4265 2114 4309 4266 2948
9 875 874 872 873 2949
9 2060 2259 3127 2260 2950
9 1577 1579 1580 1578 2951
9 2058 2059 2259 2060 2952
9 2639 3263 4463 2638 2953
9 433 71 72 3498 2954
9 1200 1551 4258 1201 2955
9 840 841 842 832 2956
9 690 689 688 687 2957
9 3490 1145 1144 715 2958
9 675 674 927 676 2959
9 4320 2937 2939 3355 2960
9 1827 2230 2459 1826 2961
9 1174 898 893 1155 2962
9 1579 1581 1582 1580 2963
9 1709 1708 1706 1707 2964
9 828 3468 1173 831 2965
9 1917 3493 2094 1915 2966
9 2578 2262 2858 2857 2967
9 1188 1189 1621 1620 2968
9 1774 2049 3377 1772 2969
9 666 731 2149 668 2970
9 1683 1865 4262 3530 2971
9 2287 1766 4295 2288 2972
9 1326 1328 1330 1329 2973
9 3130 144 145 495 2974
9 4251 153 154 498 2975
9 3120 499 156 157 2976
9 61 62 3495 477 2977
9 3404 4278 1485 3503 2978
9 3446 2507 2482 1967 2979
9 151 497 4248 150 2980
9 660 661 4287 704 2981
9 3267 886 888 895 2982
9 1550 1203 1201 4258 2983
9 543 544 4272 545 2984
9 4283 3039 2611 2222 2985
9 198 4242 423 197 2986
9 871 872 896 870 2987
9 2068 1705 1701 3442 2988
9 841 843 1171 842 2989
9 3355 2939 3383 4261 2990
9 546 547 4272 544 2991
9 2226 3450 3454 3449 2992
9 634 636 696 3371 2993
9 2263 2059 2056 4264 2994
9 1865 4231 3478 4262 2995
9 1346 1344 1343 1345 2996
9 1345 1343 1363 3339 2997
9 894 4282 1726 892 2998
9 3152 2074 4452 3153 2999
9 2290 1177 2477 2476 3000
9 1708 2154 4277 1706 3001
9 1791 1790 1788 1789 3002
9 2615 2055 2053 2614 3003
9 3372 3373 3375 1156 3004
9 3416 3414 1310 3415 3005
9 3135 2259 2059 2263 3006
9 2078 2451 3492 1787 3007
9 635 633 4278 705 3008
9 4280 3524 4281 1739 3009
9 3523 2425 2426 4281 3010
9 2700 4133 3525 4280 3011
9 2054 2055 4264 2056 3012
9 899 901 4282 894 3013
9 3329 3328 3332 3331 3014
9 3472 3471 3449 3454 3015
9 2073 1782 1784 3492 3016
9 710 4259 646 644 3017
9 4252 1810 1811 1812 3018
9 3520 692 2641 4269 3019
9 3194 4417 2790 2806 3020
9 2617 2061 1671 2616 3021
9 2144 1911 1913 4270 3022
9 1706 4277 1967 1704 3023
9 3445 3104 3103 3102 3024
9 3276 2591 3014 3018 3025
9 1786 1787 3492 1784 3026
9 4263 1854 2045 2046 3027
9 1584 1587 1588 1586 3028
9 2114 4265 1912 1910 3029
9 654 4246 714 656 3030
9 879 1504 2063 1950 3031
9 204 4238 424 203 3032
9 1159 1160 3896 1658 3033
9 876 879 1950 4268 3034
9 2480 4365 1627 4341 3035
9 814 820 4256 897 3036
9 1813 1811 2226 3449 3037
9 3116 2636 3137 3466 3038
9 2505 3446 1967 4277 3039
9 1185 1183 4254 1186 3040
9 4300 4225 1505 4292 3041
9 1950 2063 3048 2064 3042
9 877 876 874 875 3043
9 655 657 660 3507 3044
9 3418 3416 3415 3417 3045
9 1025 4292 1018 1016 3046
9 2067 1821 1823 3514 3047
9 884 887 888 886 3048
9 1181 714 4246 2469 3049
9 3439 686 715 1144 3050
9 881 883 884 882 3051
9 2940 2939 2937 2938 3052
9 805 812 4255 1190 3053
9 899 894 893 898 3054
9 3504 3407 3404 3503 3055
9 902 2659 4297 904 3056
9 1195 3549 4297 2319 3057
9 3292 3377 2049 2869 3058
9 664 4271 731 666 3059
9 1152 1151 3290 1153 3060
9 1183 1181 2469 4254 3061
9 1578 1629 3060 4275 3062
9 1589 1591 1592 1590 3063
9 4333 1927 3719 4308 3064
9 3722 3723 4308 3720 3065
9 1956 4385 2720 4386 3066
9 3279 3387 1691 2281 3067
9 1587 1589 1590 1588 3068
9 2504 2505 4277 2154 3069
9 878 881 882 880 3070
9 1597 1594 1593 4247 3071
9 4227 1621 1622 1623 3072
9 1485 4278 633 631 3073
9 3414 4257 1315 1311 3074
9 1739 1738 2700 4280 3075
9 1739 4281 2426 4144 3076
9 1915 2094 4270 1913 3077
9 545 1947 4312 543 3078
9 1672 2294 4282 901 3079
9 3502 3306 2842 3305 3080
9 879 876 877 878 3081
9 2615 2614 3146 3139 3082
9 1793 1792 1790 1791 3083
9 1583 1584 1585 1582 3084
9 882 884 886 885 3085
9 2949 2557 2558 3320 3086
9 1951 2065 4284 2228 3087
9 731 2472 2829 2149 3088
9 4301 4286 643 645 3089
9 2061 1623 1670 1671 3090
9 2472 731 4271 2473 3091
9 1331 1333 1334 1332 3092
9 3040 1709 1707 3366 3093
9 1317 1315 4257 1362 3094
9 3432 4285 2053 2051 3095
9 669 3462 4305 672 3096
9 4278 3404 3403 705 3097
9 704 2297 3507 660 3098
9 646 4259 2477 1177 3099
9 1765 3428 2288 4295 3100
9 2610 3075 4284 2065 3101
9 1325 1327 1328 1326 3102
9 1795 1794 1792 1793 3103
9 1551 4320 3355 4258 3104
9 1599 1601 1602 1600 3105
9 3092 3091 3089 3090 3106
9 880 4279 2452 1504 3107
9 3094 3093 3091 3092 3108
9 3196 2228 4284 3197 3109
9 824 829 4293 1500 3110
9 2470 2065 1951 1626 3111
9 703 1856 4301 650 3112
9 1504 879 878 880 3113
9 831 832 4293 829 3114
9 1844 1843 1640 1642 3115
9 3401 2297 2627 3081 3116
9 1594 1597 1598 1596 3117
9 673 672 4305 674 3118
9 2607 2606 2229 1327 3119
9 1020 1018 4292 1505 3120
9 2150 1670 1623 1622 3121
9 1849 1850 4273 1848 3122
9 1584 1586 1626 1585 3123
9 1188 1186 4276 1189 3124
9 1573 4295 1766 1574 3125
9 1137 1110 4326 1140 3126
9 876 4268 4299 874 3127
9 3151 2467 842 1171 3128
9 4324 2657 2264 2658 3129
9 1097 1100 1102 1099 3130
9 885 4279 880 882 3131
9 3085 3084 2606 2607 3132
9 3403 3404 3407 3405 3133
9 1716 1572 1575 4275 3134
9 1914 1912 4265 2092 3135
9 1325 1324 1501 4274 3136
9 1794 1796 1798 1797 3137
9 905 904 4297 3549 3138
9 2151 2264 2657 1856 3139
9 1632 1631 1556 1616 3140
9 820 824 1500 4256 3141
9 1996 1997 4247 1593 3142
9 2791 4306 2787 2788 3143
9 1797 1798 2093 4289 3144
9 1562 3443 2025 1565 3145
9 2554 2025 3443 3207 3146
9 679 677 4314 680 3147
9 4252 1966 1808 1810 3148
9 645 647 650 4301 3149
9 4315 2467 3151 3152 3150
9 4225 4300 4066 2453 3151
9 2785 2786 2788 2787 3152
9 2297 704 2628 2627 3153
9 1852 2601 4273 1850 3154
9 3228 3230 3231 3229 3155
9 1796 1799 1800 1798 3156
9 1626 1951 4288 1585 3157
9 2226 1811 1810 1809 3158
9 1823 1826 2459 3514 3159
9 3265 2067 3514 3266 3160
9 2470 2471 2610 2065 3161
9 1691 1606 1604 1605 3162
9 874 4299 896 872 3163
9 2609 2288 3428 2903 3164
9 1306 1374 4310 1308 3165
9 1325 4274 2607 1327 3166
9 3098 2229 2606 3097 3167
9 2790 2788 2786 2789 3168
9 4311 2891 3247 3364 3169
9 3415 1310 1308 4310 3170
9 812 814 897 4255 3171
9 2891 4311 1615 2170 3172
9 3106 3105 3103 3104 3173
9 2118 3720 4308 3719 3174
9 1908 4010 4309 2114 3175
9 832 842 2467 4293 3176
9 1621 1189 4276 1622 3177
9 2053 4285 3146 2614 3178
9 3090 3089 2610 2471 3179
9 1180 1182 4353 2293 3180
9 3327 3326 4318 3328 3181
9 1843 1844 4283 2222 3182
9 3568 4487 2654 4479 3183
9 2283 1649 1651 4253 3184
9 1167 797 800 3458 3185
9 2643 2642 1842 1519 3186
9 1799 1801 1802 1800 3187
9 1773 1771 4323 2625 3188
9 3387 1692 1606 1691 3189
9 1580 1582 1585 4288 3190
9 1692 1694 1695 1693 3191
9 4286 4301 1856 2657 3192
9 1846 1848 4273 2273 3193
9 1593 1594 1595 1592 3194
9 3483 3484 4342 702 3195
9 622 624 4342 1487 3196
9 4266 3348 2092 4265 3197
9 1801 1803 1804 1802 3198
9 2787 2800 4291 2785 3199
9 1673 1520 4323 1674 3200
9 3094 3095 3100 3093 3201
9 674 4305 2620 927 3202
9 2800 2787 4306 2884 3203
9 2064 2724 4379 2723 3204
9 2254 3183 3185 3184 3205
9 2926 3046 3082 2808 3206
9 1803 1805 1806 1804 3207
9 1844 1846 2273 4283 3208
9 2657 4324 1170 4286 3209
9 887 884 883 4337 3210
9 2544 2645 4247 1997 3211
9 4244 3354 3347 4366 3212
9 3102 3103 3187 3101 3213
9 1626 1586 4335 2470 3214
9 2185 4320 1551 1713 3215
9 4296 1842 3286 4348 3216
9 4291 2782 2784 2785 3217
9 4306 2791 2793 2814 3218
9 927 2620 3208 2619 3219
9 1805 1807 1808 1806 3220
9 2222 2611 3183 2254 3221
9 3488 4296 4348 2659 3222
9 3417 3415 4310 3419 3223
9 2265 4321 3712 3711 3224
9 2478 2477 4307 2632 3225
9 802 900 3458 800 3226
9 858 850 4372 1178 3227
9 1694 1696 1697 1695 3228
9 3385 3332 3328 4318 3229
9 661 663 1510 4287 3230
9 1764 1674 4323 1771 3231
9 2799 4437 2798 2796 3232
9 3305 4354 1124 1553 3233
9 1157 1142 4356 1752 3234
9 1629 1578 1580 4319 3235
9 1707 1706 1704 1705 3236
9 2089 2638 4472 2152 3237
9 1807 1809 1810 1808 3238
9 1619 3335 4318 3326 3239
9 3111 1779 1776 4427 3240
9 3459 4309 4333 3461 3241
9 710 4307 2477 4259 3242
9 3035 1725 1140 4326 3243
9 2150 4336 3413 4374 3244
9 2725 4319 1580 4288 3245
9 1507 2152 4362 3535 3246
9 1638 1640 1843 4317 3247
9 2653 3511 4362 3512 3248
9 1330 1328 4316 1331 3249
9 4400 4364 1648 3556 3250
9 3165 2070 4359 3166 3251
9 4335 1586 1588 1717 3252
9 676 927 2619 1770 3253
9 3771 3803 1733 4367 3254
9 2993 4855 4955 3009 3255
9 1331 1332 4359 1330 3256
9 1631 1632 4298 2075 3257
9 2229 4316 1328 1327 3258
9 1782 2073 4388 1780 3259
9 1335 1333 4343 1366 3260
9 2280 3323 4348 3286 3261
9 3368 3442 1700 2291 3262
9 2785 2784 4304 2786 3263
9 2626 2625 3205 3204 3264
9 2790 2789 2823 2806 3265
9 677 676 1770 4314 3266
9 1700 1699 1697 1698 3267
9 4266 4267 4366 3348 3268
9 668 2149 4331 3462 3269
9 4357 1726 4463 3263 3270
9 3282 3284 4580 3283 3271
9 2495 2480 1959 2494 3272
9 3170 1948 1650 4364 3273
9 2823 2789 2786 4304 3274
9 1603 1604 1627 1602 3275
9 4274 4329 3085 2607 3276
9 3462 4331 2620 4305 3277
9 2468 2250 2076 2075 3278
9 674 675 4347 673 3279
9 4323 1520 1175 4339 3280
9 2815 2783 4294 2820 3281
9 665 667 670 4344 3282
9 3062 3266 3514 2459 3283
9 1186 4254 4336 4276 3284
9 1352 4340 2610 3089 3285
9 1632 1634 1841 4298 3286
9 3022 3023 4978 4609 3287
9 1681 4647 2862 4649 3288
9 2990 2964 2815 2820 3289
9 1169 2072 4337 883 3290
9 2229 3098 4343 4316 3291
9 2528 2530 2531 2529 3292
9 2228 3196 4349 2725 3293
9 2783 2815 4304 2784 3294
9 4296 1176 1519 1842 3295
9 2222 2254 4317 1843 3296
9 1333 1335 1336 1334 3297
9 2780 2783 2784 2782 3298
9 4354 3305 2842 2841 3299
9 1622 4276 4336 2150 3300
9 3413 4336 4254 2469 3301
9 1243 4531 2838 4521 3302
9 2477 2478 4386 2476 3303
9 1921 2082 3229 4380 3304
9 1759 4327 2645 2833 3305
9 4339 3205 2625 4323 3306
9 702 4342 624 626 3307
9 2631 2269 2076 2250 3308
9 1629 4319 2725 4349 3309
9 906 2302 4387 3527 3310
9 1504 2452 4373 2063 3311
9 3075 2610 4340 3191 3312
9 1334 1336 1338 1337 3313
9 3090 2471 2470 4335 3314
9 1927 4333 4309 4010 3315
9 272 273 4302 456 3316
9 1307 4328 3101 3187 3317
9 2482 1703 1704 1967 3318
9 4440 2727 4454 3899 3319
9 3803 3771 3768 4392 3320
9 1529 1556 1631 4334 3321
9 1959 2480 4341 1693 3322
9 675 678 2266 4347 3323
9 3291 2473 4271 4368 3324
9 3322 3286 1842 2642 3325
9 4316 4343 1333 1331 3326
9 2269 2726 4334 2076 3327
9 1699 1700 3442 1701 3328
9 682 680 4314 2460 3329
9 4367 3853 3852 3772 3330
9 3095 3101 4328 3100 3331
9 663 665 4344 1510 3332
9 1597 4247 2645 4327 3333
9 1162 1164 1644 4313 3334
9 1031 1506 4345 1026 3335
9 1160 1162 4313 3896 3336
9 4381 4370 1703 2482 3337
9 1634 1636 4360 1841 3338
9 158 159 492 3119 3339
9 2080 4253 1651 1777 3340
9 1340 1338 1336 1339 3341
9 1962 4353 1182 1184 3342
9 3498 72 73 4355 3343
9 1952 3558 2836 3557 3344
9 3299 2720 4385 4374 3345
9 3060 1629 4349 3115 3346
9 1329 1330 4359 2070 3347
9 1125 1124 4354 1126 3348
9 2841 4356 1126 4354 3349
9 183 184 421 4241 3350
9 1127 1126 4356 1142 3351
9 2648 2646 3215 3253 3352
9 3156 2860 3852 3853 3353
9 1332 4384 3166 4359 3354
9 1588 1590 4371 1717 3355
9 2257 1366 4383 3159 3356
9 664 3338 4368 4271 3357
9 3171 2257 3159 3169 3358
9 686 684 4375 715 3359
9 4320 2185 2936 2937 3360
9 4317 4360 1636 1638 3361
9 1717 4371 4393 4260 3362
9 3253 4382 3506 3254 3363
9 4304 2815 2964 4338 3364
9 2783 2780 2779 4294 3365
9 1192 3535 4362 3511 3366
9 2254 3184 4360 4317 3367
9 1338 3285 4457 1337 3368
9 3441 3198 733 3199 3369
9 1649 1648 4364 1650 3370
9 1564 1566 1569 4332 3371
9 705 3403 4429 3402 3372
9 1172 3299 4374 3413 3373
9 3853 4367 1733 3773 3374
9 2075 2076 4334 1631 3375
9 3013 3223 3219 4419 3376
9 2778 2780 2782 2781 3377
9 1705 1704 1703 1701 3378
9 4292 1025 4402 4300 3379
9 3267 3062 3061 4397 3380
9 2797 4394 2793 2794 3381
9 2494 1959 4350 2496 3382
9 3153 4456 3353 4564 3383
9 942 4372 850 848 3384
9 2149 2829 4352 4331 3385
9 1606 4341 1627 1604 3386
9 4486 3572 4494 2499 3387
9 894 892 891 893 3388
9 1344 1342 1341 1343 3389
9 3278 3048 2063 4373 3390
9 1344 3506 4382 1342 3391
9 3193 3192 3133 3134 3392
9 2075 4298 4369 2468 3393
9 4356 2841 2840 2276 3394
9 1692 1693 4341 1606 3395
9 2092 3348 4366 3347 3396
9 2493 4527 3572 4486 3397
9 1595 4371 1590 1592 3398
9 1695 4350 1959 1693 3399
9 2084 1919 1921 4380 3400
9 1164 1166 4391 1644 3401
9 687 688 4448 685 3402
9 98 475 4396 97 3403
9 146 4376 495 145 3404
9 671 673 4347 4361 3405
9 2664 3245 4571 3754 3406
9 290 291 4659 507 3407
9 726 1261 4435 728 3408
9 3208 2620 4331 4352 3409
9 420 4478 3968 3970 3410
9 1366 4343 3098 4383 3411
9 2822 2777 2778 4290 3412
9 887 889 890 888 3413
9 2780 2778 2776 2779 3414
9 1697 1702 4350 1695 3415
9 1671 1670 4385 1956 3416
9 2080 2079 4572 2633 3417
9 4268 2723 4379 4299 3418
9 1670 2150 4374 4385 3419
9 4441 1296 1297 4433 3420
9 1762 4688 3176 4611 3421
9 1322 1320 4439 1323 3422
9 1841 4360 3184 4395 3423
9 680 682 683 681 3424
9 2721 3342 4440 2722 3425
9 1920 2081 4452 1922 3426
9 1337 4384 1332 1334 3427
9 2290 2476 4386 2720 3428
9 1366 2257 4351 1335 3429
9 2825 2824 4715 2967 3430
9 3101 3095 4432 3102 3431
9 2079 1778 1780 4388 3432
9 2498 1672 3527 4387 3433
9 3701 3927 4441 3928 3434
9 3097 3099 4383 3098 3435
9 4344 670 924 2481 3436
9 1630 3287 4332 1569 3437
9 1335 4351 1339 1336 3438
9 1529 4334 2726 4391 3439
9 4500 3209 4529 2285 3440
9 2006 2008 3252 2007 3441
9 3339 1363 4518 3340 3442
9 2775 2777 2822 2821 3443
9 2488 3163 4445 2485 3444
9 1528 1529 4391 1166 3445
9 4420 2525 3754 4574 3446
9 3139 3140 4450 2615 3447
9 4432 4422 1596 1628 3448
9 1026 4345 1113 1023 3449
9 2637 2636 2481 924 3450
9 156 499 3122 3133 3451
9 3420 1799 1796 4444 3452
9 1029 3946 3948 3947 3453
9 4269 2641 3465 4401 3454
9 3250 2533 2531 2530 3455
9 1701 1703 4370 1699 3456
9 1420 2292 4400 3556 3457
9 1699 4370 1702 1697 3458
9 3090 4260 4393 3092 3459
9 720 723 4460 722 3460
9 3136 2263 4264 4450 3461
9 3210 3177 3505 4403 3462
9 3768 3770 4421 4392 3463
9 2795 2792 2790 4417 3464
9 3190 4395 3184 3185 3465
9 2814 2793 4394 2877 3466
9 3078 4405 3081 2627 3467
9 3198 3203 4468 2266 3468
9 2730 4066 4300 4402 3469
9 2460 4375 684 682 3470
9 2801 2979 2995 2980 3471
9 2550 2553 4416 3922 3472
9 4313 1644 4434 3342 3473
9 1787 1788 4461 2078 3474
9 3512 4418 2652 2653 3475
9 4298 1841 4395 4369 3476
9 2525 4420 2843 2309 3477
9 687 685 684 686 3478
9 3236 4455 2978 2889 3479
9 1594 1596 4422 1595 3480
9 2255 4427 1776 1775 3481
9 2486 3195 4465 2489 3482
9 3798 3799 4421 3770 3483
9 3108 3445 1628 4458 3484
9 3092 4393 4422 3094 3485
9 1342 4382 1350 1340 3486
9 2629 2496 4453 2630 3487
9 3159 4383 3099 4430 3488
9 1532 3557 2836 2186 3489
9 670 671 4361 924 3490
9 3285 4474 3167 4457 3491
9 4825 4251 498 4728 3492
9 889 891 892 890 3493
9 2302 4431 2652 4418 3494
9 685 4448 1521 683 3495
9 3665 1251 1643 2845 3496
9 2658 2264 4467 3138 3497
9 1596 1598 4458 1628 3498
9 712 1220 4473 718 3499
9 895 888 890 4357 3500
9 799 860 4485 801 3501
9 1966 4423 1806 1808 3502
9 1339 1341 1342 1340 3503
9 3405 3406 4429 3403 3504
9 3179 515 3188 3180 3505
9 3406 2084 4380 4438 3506
9 2047 2019 2016 2020 3507
9 1087 4637 2876 4681 3508
9 1644 4391 2726 4434 3509
9 4375 2460 4471 3491 3510
9 2013 2011 2010 2012 3511
9 1035 1497 4358 2461 3512
9 2344 3756 4477 2483 3513
9 10 534 3154 9 3514
9 429 95 96 3496 3515
9 3055 849 851 4476 3516
9 1343 1341 4449 1363 3517
9 2728 2730 4403 4446 3518
9 892 1726 4357 890 3519
9 3116 2633 4562 4390 3520
9 2262 3277 4470 2858 3521
9 4048 230 231 440 3522
9 738 730 728 4435 3523
9 1105 1103 4640 1106 3524
9 4371 1595 4422 4393 3525
9 3764 3765 3968 4478 3526
9 80 478 4436 79 3527
9 2571 2138 4484 2572 3528
9 4422 4432 3095 3094 3529
9 1790 1792 4482 3117 3530
9 677 679 733 678 3531
9 678 733 3198 2266 3532
9 2778 2777 2775 2776 3533
9 3081 2634 4550 3401 3534
9 4590 713 3578 4592 3535
9 1074 1076 1252 1251 3536
9 1299 1356 4433 1297 3537
9 2492 2493 4486 3763 3538
9 3777 2327 4487 3568 3539
9 1324 1323 4439 1501 3540
9 3434 4484 2425 3523 3541
9 2970 4409 103 104 3542
9 3612 464 22 23 3543
9 1051 1069 4466 1068 3544
9 875 873 4493 944 3545
9 3899 3608 2722 4440 3546
9 3231 4438 4380 3229 3547
9 2159 4536 3519 4533 3548
9 2574 2573 4489 2989 3549
9 1718 4212 4490 2208 3550
9 192 4442 422 191 3551
9 4531 4540 2272 2838 3552
9 2269 2727 4434 2726 3553
9 2016 2013 2012 2015 3554
9 3329 4691 4830 3330 3555
9 4514 4494 708 3537 3556
9 3057 1489 1279 4496 3557
9 1283 1368 4496 1281 3558
9 1009 1008 1006 1007 3559
9 1293 1296 4441 3927 3560
9 4592 3578 1254 4596 3561
9 2773 2873 2979 2801 3562
9 3295 4493 871 3411 3563
9 1794 1795 4444 1796 3564
9 4851 530 4991 3990 3565
9 3398 3143 4498 3399 3566
9 3097 2606 3084 4443 3567
9 2506 3057 4499 2504 3568
9 3195 2486 2485 4445 3569
9 3209 4500 3491 4471 3570
9 591 2389 4503 3789 3571
9 276 277 4330 469 3572
9 3384 4502 2617 2616 3573
9 2206 3395 4524 3396 3574
9 4588 2843 4420 4579 3575
9 2285 3290 2165 4500 3576
9 1289 1357 4510 1287 3577
9 4596 1254 3759 4600 3578
9 4494 4514 2157 2499 3579
9 2749 4820 2987 2985 3580
9 2074 1924 1922 4452 3581
9 3165 3166 4457 3167 3582
9 4351 4449 1341 1339 3583
9 2619 3209 4471 1770 3584
9 2151 2479 4587 2640 3585
9 2055 2615 4450 4264 3586
9 2271 2272 4547 2277 3587
9 3351 3353 4456 3352 3588
9 274 275 4325 513 3589
9 856 1876 4520 1265 3590
9 1961 2164 4495 2163 3591
9 3378 3379 4532 3380 3592
9 1069 3665 2845 4466 3593
9 4600 3759 725 4605 3594
9 4568 4559 4423 1966 3595
9 3185 3189 4485 3190 3596
9 1220 4527 3211 4473 3597
9 4541 4505 3425 3427 3598
9 1613 1669 4526 1522 3599
9 4370 4381 4453 1702 3600
9 2727 2269 2631 4454 3601
9 1261 726 722 4460 3602
9 279 280 3202 489 3603
9 3126 3243 4614 3019 3604
9 275 276 469 4325 3605
9 278 279 489 4377 3606
9 1599 1600 4458 1598 3607
9 97 4396 3496 96 3608
9 174 4240 419 173 3609
9 3131 3132 4491 453 3610
9 1226 3873 4531 1243 3611
9 2980 4406 2774 2801 3612
9 1680 2159 4533 3829 3613
9 3519 2678 2677 4533 3614
9 680 681 4447 679 3615
9 2796 2795 2817 2799 3616
9 3452 1304 1302 4539 3617
9 1337 4457 3166 4384 3618
9 1702 4453 2496 4350 3619
9 3546 4479 4431 1196 3620
9 4545 2153 4552 3380 3621
9 4605 725 3827 4612 3622
9 2779 2776 2774 4406 3623
9 3712 3994 4002 4535 3624
9 277 278 4377 4330 3625
9 3555 1491 1286 4537 3626
9 4954 3333 4862 4242 3627
9 3422 3421 4515 3423 3628
9 4394 2797 2802 2826 3629
9 3389 1179 3401 4550 3630
9 4551 3224 453 4491 3631
9 3117 4461 1788 1790 3632
9 2678 3519 3517 4542 3633
9 2772 2774 2776 2775 3634
9 1063 4446 4403 3505 3635
9 99 3499 475 98 3636
9 4612 3827 1259 4616 3637
9 4565 4568 1966 4252 3638
9 1081 1082 4577 1079 3639
9 4406 4459 4294 2779 3640
9 3876 2613 4245 4544 3641
9 3211 2491 2489 4465 3642
9 3108 4458 1600 4464 3643
9 280 281 514 3202 3644
9 1726 4282 2294 4463 3645
9 2163 4513 4521 3541 3646
9 1627 4464 1600 1602 3647
9 2652 4431 4479 2654 3648
9 682 684 685 683 3649
9 3373 3372 4552 3374 3650
9 1076 4404 1974 1252 3651
9 1798 1800 4545 2093 3652
9 2277 4547 2678 4542 3653
9 4616 1259 3848 4617 3654
9 271 272 456 3255 3655
9 2638 4463 2294 4472 3656
9 1350 3215 4474 3285 3657
9 1963 3541 4521 2838 3658
9 2801 2774 2772 2773 3659
9 487 4553 3813 3913 3660
9 273 274 513 4302 3661
9 2640 4467 2264 2151 3662
9 226 438 4398 225 3663
9 1672 2498 4472 2294 3664
9 723 720 718 4473 3665
9 736 743 4625 3848 3666
9 2460 4314 1770 4471 3667
9 1545 1068 4466 1612 3668
9 3421 4444 1795 4515 3669
9 2773 2772 2771 2770 3670
9 2202 3004 4543 3005 3671
9 4568 4565 3484 3483 3672
9 3425 4505 1501 4439 3673
9 859 869 4476 851 3674
9 2808 2804 2810 2809 3675
9 2494 4546 4378 2495 3676
9 926 3183 2611 4554 3677
9 3256 3255 456 4475 3678
9 3764 4478 2935 2497 3679
9 2745 2749 2750 2747 3680
9 912 3568 4479 3546 3681
9 4594 2047 2020 2545 3682
9 2491 3211 4527 2493 3683
9 1824 4352 2829 4555 3684
9 205 4813 4769 4239 3685
9 3374 4552 2153 4560 3686
9 1797 4482 1792 1794 3687
9 3509 3521 4591 4585 3688
9 3027 1525 1753 1754 3689
9 464 3613 4880 4413 3690
9 232 4399 440 231 3691
9 2828 4950 335 386 3692
9 4361 4347 2266 4468 3693
9 4423 4560 1804 1806 3694
9 2137 2425 4484 2138 3695
9 3501 475 3499 3500 3696
9 2873 2773 2770 4363 3697
9 3108 4464 4538 3106 3698
9 463 3148 4892 3147 3699
9 3189 804 801 4485 3700
9 2770 2771 4389 2768 3701
9 2482 2508 4504 4381 3702
9 3521 2540 4593 4591 3703
9 2499 2158 3763 4486 3704
9 1223 2832 4487 2327 3705
9 3029 1059 1524 1525 3706
9 18 19 4408 461 3707
9 2858 2859 4756 2857 3708
9 2652 2654 4495 2164 3709
9 693 697 4579 1191 3710
9 233 529 4399 232 3711
9 100 3497 3499 99 3712
9 19 20 527 4408 3713
9 30 31 449 4412 3714
9 21 22 464 4413 3715
9 32 33 525 4411 3716
9 37 38 4407 526 3717
9 35 36 4414 444 3718
9 102 103 4409 517 3719
9 38 39 441 4407 3720
9 28 29 523 4410 3721
9 20 21 4413 527 3722
9 36 37 526 4414 3723
9 31 32 4411 449 3724
9 29 30 4412 523 3725
9 27 28 4410 459 3726
9 4569 2570 2038 4581 3727
9 3169 3170 4518 3171 3728
9 2821 4451 2772 2775 3729
9 58 59 4583 435 3730
9 2233 2518 4593 2540 3731
9 711 713 4588 706 3732
9 1088 1089 4637 1087 3733
9 945 4771 2922 4787 3734
9 924 4361 4468 2637 3735
9 2309 2843 4590 2515 3736
9 234 4415 529 233 3737
9 2324 2943 4489 2573 3738
9 2078 4461 2640 4587 3739
9 2444 4490 4212 2719 3740
9 3203 4519 2637 4468 3741
9 872 871 4493 873 3742
9 2658 4517 3382 4324 3743
9 3572 3571 708 4494 3744
9 4428 4923 4883 2031 3745
9 1280 1281 4496 1279 3746
9 4560 4423 4559 3374 3747
9 4363 2770 2768 2769 3748
9 2910 4507 513 4325 3749
9 3142 3145 4498 3143 3750
9 4287 1510 4390 4562 3751
9 2518 3579 4601 4598 3752
9 2630 4453 4381 4504 3753
9 3448 2505 2504 4499 3754
9 2200 1727 1711 1527 3755
9 235 443 4415 234 3756
9 3928 4501 1357 3701 3757
9 1539 2536 2537 2086 3758
9 2163 4495 2832 4513 3759
9 3052 2617 4502 3054 3760
9 3105 3106 4538 3107 3761
9 3199 733 679 4447 3762
9 1620 1762 4611 1188 3763
9 2897 1998 1999 2000 3764
9 3176 1187 1185 4611 3765
9 2035 2917 4607 4226 3766
9 2296 4509 4086 4085 3767
9 1223 3816 4513 2832 3768
9 3579 2521 4608 4601 3769
9 3268 4534 3214 2484 3770
9 2729 3641 4811 2954 3771
9 1287 4510 4516 1285 3772
9 2514 2513 3251 4561 3773
9 4274 1501 4505 4329 3774
9 2804 4437 4575 2810 3775
9 1793 3480 4515 1795 3776
9 242 4424 528 241 3777
9 251 4425 531 250 3778
9 243 450 4424 242 3779
9 252 451 4425 251 3780
9 4216 4766 554 4754 3781
9 1368 1283 1285 4516 3782
9 4574 1191 4579 4420 3783
9 4364 4400 4518 3170 3784
9 4342 3484 4563 1487 3785
9 683 1521 4447 681 3786
9 3490 3491 4500 2165 3787
9 3125 1993 1992 1974 3788
9 2521 3972 4615 4608 3789
9 3756 4625 743 4477 3790
9 2463 2593 2731 2466 3791
9 4315 4564 4256 1500 3792
9 1431 1267 1265 4520 3793
9 897 4256 4564 3353 3794
9 3128 2807 3082 4785 3795
9 4513 3816 1243 4521 3796
9 2473 3291 4561 3251 3797
9 4680 4667 541 2849 3798
9 3384 2616 3242 2621 3799
9 1011 1010 1008 1009 3800
9 3518 4536 4514 3537 3801
9 3037 2000 2001 2002 3802
9 3288 4556 3165 3167 3803
9 838 839 4632 818 3804
9 3972 2522 4618 4615 3805
9 2292 3340 4518 4400 3806
9 478 80 81 4523 3807
9 3361 4524 3395 3365 3808
9 1023 1113 4631 1019 3809
9 1627 4365 4538 4464 3810
9 2636 2637 4519 3137 3811
9 4784 4508 4425 4426 3812
9 1136 1137 1522 4526 3813
9 3571 3572 4527 1220 3814
9 2483 2852 4636 2524 3815
9 4585 1487 4563 3509 3816
9 1402 2117 4664 3226 3817
9 3086 2649 3112 4528 3818
9 2389 4643 2854 4503 3819
9 3337 2468 4369 4530 3820
9 3209 2619 3208 4529 3821
9 3268 427 3485 4534 3822
9 4517 4532 3379 3382 3823
9 4087 4557 4699 2850 3824
9 1473 2501 4531 3873 3825
9 3011 93 94 4621 3826
9 3909 3829 4533 2677 3827
9 2522 3974 4626 4618 3828
9 4639 4643 3983 1262 3829
9 3192 3193 4728 498 3830
9 2483 4477 4627 2852 3831
9 181 182 4630 486 3832
9 4795 1712 4916 3080 3833
9 1276 2660 4535 4002 3834
9 3517 3519 4536 3518 3835
9 1548 1681 4649 1549 3836
9 1379 4537 1286 1284 3837
9 4831 4650 2900 2899 3838
9 3974 2523 4629 4626 3839
9 101 102 517 4511 3840
9 100 101 4511 428 3841
9 1002 1004 4653 1028 3842
9 4531 2501 2502 4540 3843
9 3516 3520 4542 3517 3844
9 1002 1001 4656 1003 3845
9 4654 4658 1979 1618 3846
9 1300 1375 4539 1302 3847
9 2523 4016 4635 4629 3848
9 2282 2517 4669 2957 3849
9 2272 4540 2502 4547 3850
9 3174 4688 4580 3175 3851
9 4404 1077 1079 4577 3852
9 2153 4545 1800 1802 3853
9 2248 2651 4635 4016 3854
9 3259 3261 4751 3258 3855
9 2677 2678 4547 2502 3856
9 4245 3473 4548 4544 3857
9 150 4248 4665 149 3858
9 548 546 4667 1710 3859
9 2197 3022 4609 2575 3860
9 2496 2629 4546 2494 3861
9 1298 4548 3473 3474 3862
9 2438 2953 4670 3717 3863
9 4643 4639 2651 2854 3864
9 2480 2495 4538 4365 3865
9 1086 1087 4681 1085 3866
9 2816 2810 4575 3007 3867
9 1031 2461 2462 1506 3868
9 115 501 4758 3188 3869
9 2654 4487 2832 4495 3870
9 703 3389 4550 2479 3871
9 2482 2507 4672 2508 3872
9 2514 4561 1962 4567 3873
9 2749 2751 2752 2750 3874
9 3706 438 4735 3110 3875
9 3380 4552 3372 3378 3876
9 3245 4448 688 4571 3877
9 4656 1001 999 4673 3878
9 2898 2543 3813 4553 3879
9 3890 3858 4641 3878 3880
9 4768 520 4988 3311 3881
9 4660 3991 4991 530 3882
9 4109 3989 4991 3991 3883
9 2999 4662 4028 2395 3884
9 3164 3165 4556 3168 3885
9 3039 3161 4554 2611 3886
9 2769 2768 2767 2766 3887
9 3857 2863 4644 3858 3888
9 742 4627 4477 743 3889
9 4353 1962 4561 3291 3890
9 2472 3237 4555 2829 3891
9 62 63 4677 3495 3892
9 3619 3620 4678 3621 3893
9 4559 4568 3483 3376 3894
9 2535 2862 4647 2863 3895
9 3033 4557 4087 4019 3896
9 4200 531 4425 4508 3897
9 887 4337 4566 3206 3898
9 2765 2766 2767 2764 3899
9 4658 4654 2534 3755 3900
9 3789 4503 4645 1876 3901
9 4667 4680 4233 1710 3902
9 3374 4559 3376 3373 3903
9 1802 1804 4560 2153 3904
9 3066 3072 4762 3069 3905
9 2818 4575 4437 2799 3906
9 2543 2861 4661 2180 3907
9 4871 474 4981 3012 3908
9 1001 1002 4613 1000 3909
9 3509 4563 2166 3508 3910
9 2157 4514 4536 2159 3911
9 3484 4565 2166 4563 3912
9 2580 2579 4604 2581 3913
9 1812 2166 4565 4252 3914
9 704 4287 4562 2628 3915
9 4337 2072 3457 4566 3916
9 545 2564 4683 1968 3917
9 1184 1187 4567 1962 3918
9 2650 4645 4503 2854 3919
9 3464 869 870 4684 3920
9 4581 2500 4028 4569 3921
9 689 3489 4571 688 3922
9 4358 2463 2462 2461 3923
9 2553 4680 2849 4416 3924
9 3754 4571 3489 4574 3925
9 3238 3239 4894 3240 3926
9 3010 526 4407 4624 3927
9 2633 4572 2628 4562 3928
9 1089 1091 4703 1092 3929
9 2724 3175 4648 4379 3930
9 2627 2628 4572 3078 3931
9 513 4303 4706 4302 3932
9 693 1191 4574 3489 3933
9 3125 4671 3059 2561 3934
9 2218 2406 4689 2868 3935
9 1096 1099 4620 1101 3936
9 698 700 4579 697 3937
9 1489 4488 4664 2670 3938
9 2503 2556 4581 2038 3939
9 2930 2528 2526 4638 3940
9 1016 1017 4646 1015 3941
9 622 1487 4585 3943 3942
9 2451 2078 4587 2634 3943
9 4579 700 706 4588 3944
9 4522 4637 1089 1092 3945
9 4294 4459 4676 3008 3946
9 3273 3275 4685 3272 3947
9 4847 4069 4798 365 3948
9 1725 2834 4692 1986 3949
9 3968 3969 4973 3970 3950
9 2202 2201 2894 2441 3951
9 1357 4501 2508 4672 3952
9 4585 4591 709 3943 3953
9 2182 1754 1753 2048 3954
9 2515 4590 4592 3577 3955
9 2844 4241 421 4796 3956
9 2765 2764 2762 2763 3957
9 4630 3580 4952 486 3958
9 4591 4593 3874 709 3959
9 3248 4583 4790 3410 3960
9 2020 2016 2015 4578 3961
9 2868 4689 2867 4739 3962
9 3577 4592 4596 2519 3963
9 1060 1527 1711 1526 3964
9 2622 2588 4700 2911 3965
9 1095 4595 1104 1097 3966
9 2463 4358 4651 2593 3967
9 2518 4598 3874 4593 3968
9 2394 2500 4698 2396 3969
9 1112 1611 1999 1998 3970
9 2205 3292 4694 3260 3971
9 3049 3155 3157 3050 3972
9 2519 4596 4600 2520 3973
9 1251 1252 1687 1643 3974
9 1252 1974 1992 1687 3975
9 2644 2950 4993 4789 3976
9 3874 4598 4601 1484 3977
9 4980 2992 4889 455 3978
9 4358 1497 4137 4651 3979
9 2520 4600 4605 3463 3980
9 2996 4442 4696 2997 3981
9 2456 3689 4907 2455 3982
9 239 448 4660 238 3983
9 1103 1105 4573 1102 3984
9 1484 4601 4608 3819 3985
9 1095 4714 2875 4595 3986
9 515 3179 4602 3178 3987
9 3463 4605 4612 2847 3988
9 2004 2002 2001 2003 3989
9 4743 3369 4906 490 3990
9 1186 1188 4611 1185 3991
9 1106 1107 1112 1105 3992
9 3819 4608 4615 716 3993
9 2847 4612 4616 2848 3994
9 2199 2015 2012 2017 3995
9 95 429 4621 94 3996
9 2837 2835 4732 2993 3997
9 3850 2848 4616 3758 3998
9 4919 3021 4727 471 3999
9 838 3878 4641 839 4000
9 2814 2877 4976 2906 4001
9 716 4615 4618 3743 4002
9 1612 1761 4497 1545 4003
9 4616 4617 3757 3758 4004
9 2004 2003 2882 2085 4005
9 1019 4631 4646 1017 4006
9 2556 2503 4717 2875 4007
9 3848 4625 3757 4617 4008
9 1013 1015 4646 1030 4009
9 3743 4618 4626 1486 4010
9 4241 4630 182 183 4011
9 3633 3632 3010 4624 4012
9 2346 3757 4625 3756 4013
9 1545 4497 4651 4137 4014
9 3123 2991 2872 2755 4015
9 538 4659 291 292 4016
9 745 803 4627 742 4017
9 2000 1999 2213 2001 4018
9 1486 4626 4629 3951 4019
9 2038 2570 4628 2037 4020
9 2535 2534 4654 2862 4021
9 3558 3559 4732 2836 4022
9 2852 4627 803 4632 4023
9 2008 2009 2014 2010 4024
9 3601 2574 4722 3602 4025
9 4714 4708 2556 2875 4026
9 815 818 4632 803 4027
9 3951 4629 4635 739 4028
9 2954 4811 4850 2914 4029
9 135 4481 533 134 4030
9 602 739 4635 3710 4031
9 136 494 4481 135 4032
9 3622 3623 4725 3992 4033
9 2674 2524 4636 2675 4034
9 4462 1539 1112 1107 4035
9 2909 2887 2090 2077 4036
9 2651 4639 3710 4635 4037
9 465 3088 2901 3087 4038
9 4775 171 172 4710 4039
9 1102 1100 4729 1103 4040
9 2561 3058 4594 2559 4041
9 4677 2961 4972 3495 4042
9 600 3710 4639 1262 4043
9 1008 1010 1022 1021 4044
9 2938 3011 4621 2940 4045
9 1711 1727 4428 2031 4046
9 4603 2465 2464 2546 4047
9 4752 4730 2566 2635 4048
9 2871 2199 2017 2215 4049
9 3858 4644 2675 4641 4050
9 3428 3216 4810 2903 4051
9 593 3983 4643 2389 4052
9 543 4312 4682 542 4053
9 2760 2812 2994 2811 4054
9 2466 2464 2462 2463 4055
9 3637 4170 4908 4169 4056
9 2674 2675 4644 3716 4057
9 2465 4603 2533 3250 4058
9 2649 3086 4645 2650 4059
9 3362 66 67 4734 4060
9 2863 4647 3716 4644 4061
9 2017 2565 2895 2215 4062
9 2086 1611 1112 1539 4063
9 2091 1761 2077 2090 4064
9 3746 3716 4647 1681 4065
9 1021 1022 1060 1059 4066
9 1059 1060 1526 1524 4067
9 4848 532 4967 4195 4068
9 122 503 4742 121 4069
9 1011 1013 1030 4666 4070
9 2439 2437 4179 2440 4071
9 1004 1006 4622 4653 4072
9 1617 1549 4649 1618 4073
9 2567 2880 4729 4724 4074
9 545 4272 4736 2564 4075
9 3913 2900 4650 3914 4076
9 2339 2982 4744 4129 4077
9 2326 2106 4745 3646 4078
9 2901 2533 4603 3087 4079
9 2800 2893 4747 4291 4080
9 3130 495 4606 4901 4081
9 3309 46 47 4741 4082
9 223 521 4711 222 4083
9 4345 1506 2462 4506 4084
9 4299 4379 4648 896 4085
9 3243 4498 3145 4614 4086
9 1113 4345 4506 4346 4087
9 3035 4326 1109 4657 4088
9 3001 4982 3486 435 4089
9 1099 1102 4573 4620 4090
9 4720 2967 4931 4721 4091
9 4508 4784 4483 4202 4092
9 1003 4656 4469 1063 4093
9 4673 3641 4469 4656 4094
9 2778 2781 4747 4290 4095
9 4866 485 4973 3969 4096
9 4214 4216 4754 2587 4097
9 2117 4031 2670 4664 4098
9 138 536 4655 137 4099
9 496 148 149 4665 4100
9 137 4655 494 136 4101
9 530 237 238 4660 4102
9 2005 2603 4679 3037 4103
9 541 4667 546 542 4104
9 3314 3315 4669 2517 4105
9 4105 2886 4757 4047 4106
9 54 55 4759 442 4107
9 4045 4046 4763 2596 4108
9 4413 4880 4670 527 4109
9 1106 4640 4657 1109 4110
9 2030 2447 4764 2905 4111
9 2454 2455 4764 2449 4112
9 549 551 4766 553 4113
9 4138 4169 4768 4101 4114
9 1612 4466 2845 4582 4115
9 4239 4769 2544 2586 4116
9 245 532 4704 244 4117
9 4845 219 220 4767 4118
9 3446 3447 4672 2507 4119
9 2284 2840 4823 4492 4120
9 1006 1008 1021 4622 4121
9 25 26 4802 4695 4122
9 997 1128 4673 999 4123
9 83 431 4770 82 4124
9 4209 4210 4771 945 4125
9 2287 3357 4786 2590 4126
9 3283 4580 4688 1762 4127
9 228 522 4735 227 4128
9 2422 3630 4779 4159 4129
9 2251 3003 4779 2252 4130
9 2516 4674 2512 3822 4131
9 2509 3783 4780 3793 4132
9 2568 1984 1970 4675 4133
9 281 282 4733 514 4134
9 541 542 4682 468 4135
9 2767 4576 2762 2764 4136
9 1761 1612 4582 2077 4137
9 2500 4581 2556 4698 4138
9 176 485 4749 175 4139
9 2464 2465 4506 2462 4140
9 3255 3256 4789 511 4141
9 2006 2004 2085 4586 4142
9 4509 448 4740 4086 4143
9 434 4677 63 64 4144
9 2598 3176 4688 3174 4145
9 2077 4582 4702 2909 4146
9 4930 3613 4998 2931 4147
9 3594 3593 3621 4678 4148
9 2956 3274 4946 484 4149
9 3080 3069 4762 4795 4150
9 1010 1011 4666 4642 4151
9 1998 4573 1105 1112 4152
9 4406 2980 4676 4459 4153
9 2834 4675 1970 4683 4154
9 1101 4693 1094 1096 4155
9 2875 4717 1104 4595 4156
9 3241 2755 2753 2752 4157
9 2609 3358 4922 3357 4158
9 4194 457 4760 4196 4159
9 2552 4233 4680 2553 4160
9 3222 87 88 4800 4161
9 2012 2010 2014 4597 4162
9 2761 2918 4633 2757 4163
9 3561 186 187 4799 4164
9 241 528 4740 240 4165
9 2762 2761 2757 2758 4166
9 4976 4376 4804 2906 4167
9 4792 2932 2933 4814 4168
9 2582 2914 4850 2915 4169
9 2527 4584 4428 1727 4170
9 1083 4748 4671 1082 4171
9 2883 2992 4980 3026 4172
9 148 496 4804 147 4173
9 3181 2769 2766 4718 4174
9 3193 2821 2822 4728 4175
9 2560 4475 4706 4888 4176
9 2761 2762 4576 2805 4177
9 4046 440 4399 4763 4178
9 3306 3307 4823 2842 4179
9 3319 207 208 4808 4180
9 1969 1968 4683 1970 4181
9 3331 3332 3386 3333 4182
9 2529 2532 4584 2527 4183
9 2872 2756 2753 2755 4184
9 4819 4782 2444 2224 4185
9 2008 2006 4586 2009 4186
9 4648 4684 870 896 4187
9 2014 2009 4586 2562 4188
9 3318 3319 4808 4997 4189
9 2108 2549 4824 2608 4190
9 4194 4195 4967 457 4191
9 3275 213 214 4685 4192
9 839 4641 2675 4636 4193
9 79 4436 4836 78 4194
9 4930 2612 4880 3613 4195
9 262 3 263 4881 4196
9 4693 4703 1091 1094 4197
9 8 4882 293 0 4198
9 2180 4661 4658 3755 4199
9 1525 1524 4610 1753 4200
9 2565 2017 2012 4597 4201
9 4794 4829 3637 3635 4202
9 203 424 4830 202 4203
9 259 3074 4878 4791 4204
9 3158 3976 3821 4918 4205
9 4409 4912 4780 517 4206
9 2913 4782 4558 2885 4207
9 1977 2571 4832 4081 4208
9 3902 4689 2406 4054 4209
9 3179 3181 4718 3182 4210
9 3841 3885 2735 1258 4211
9 1712 4610 1524 1526 4212
9 2799 2817 4687 2818 4213
9 3938 4873 4983 2542 4214
9 1000 4613 4984 1488 4215
9 1999 1611 2086 4619 4216
9 3031 2213 1999 4619 4217
9 2806 2823 4838 2827 4218
9 2862 4654 1618 4649 4219
9 2048 1753 4610 2569 4220
9 3663 3664 4945 4398 4221
9 2964 2990 4947 4742 4222
9 3045 1022 1010 4642 4223
9 2557 2949 4842 2831 4224
9 2747 2748 2757 2746 4225
9 488 200 201 4691 4226
9 24 25 4695 524 4227
9 3241 2811 2994 3032 4228
9 4237 1986 4692 4243 4229
9 2624 2941 4848 2839 4230
9 1979 4658 4661 2538 4231
9 3308 3309 4741 3307 4232
9 2208 4490 2913 4856 4233
9 3222 4849 86 87 4234
9 4757 2886 2855 4853 4235
9 2995 117 118 4860 4236
9 3331 3333 4954 488 4237
9 2889 2978 4869 2888 4238
9 1258 2735 2736 2734 4239
9 4442 192 193 4696 4240
9 473 2864 4975 2881 4241
9 4694 3292 2869 4885 4242
9 3794 2969 3785 2178 4243
9 3968 3870 4866 3969 4244
9 2184 3950 4866 2865 4245
9 3160 2871 2215 3096 4246
9 3042 3043 4937 3041 4247
9 3643 2396 4698 3995 4248
9 2541 4652 1687 1992 4249
9 2995 4876 116 117 4250
9 2537 2846 4619 2086 4251
9 59 60 4790 4583 4252
9 2216 3012 4981 2936 4253
9 2340 3616 4874 2981 4254
9 2984 4948 2973 446 4255
9 501 4876 2995 2979 4256
9 2974 4700 2588 3438 4257
9 4750 180 181 4859 4258
9 33 34 4816 525 4259
9 92 474 4871 91 4260
9 524 4695 3611 3610 4261
9 2859 3017 4355 4756 4262
9 71 433 4884 70 4263
9 2810 2816 4959 2809 4264
9 1989 2204 4806 1990 4265
9 2556 4708 3995 4698 4266
9 2279 3334 4917 3394 4267
9 1687 2181 4702 1643 4268
9 2965 4713 539 3118 4269
9 2762 2758 4803 2763 4270
9 474 3011 2938 4981 4271
9 3707 3602 4895 1610 4272
9 3319 4896 206 207 4273
9 4699 383 365 4798 4274
9 2456 2602 4707 3689 4275
9 4714 1253 3995 4708 4276
9 4582 2845 1643 4702 4277
9 4338 503 3476 4838 4278
9 3362 4903 65 66 4279
9 436 221 222 4711 4280
9 3002 75 76 4911 4281
9 3593 3594 4914 2946 4282
9 3007 505 3076 4841 4283
9 450 243 244 4704 4284
9 2893 4248 497 4974 4285
9 2928 3021 4919 2927 4286
9 2908 4921 2032 4081 4287
9 2212 4949 2929 3392 4288
9 4603 2546 4934 3087 4289
9 3358 195 196 4922 4290
9 2432 2612 4930 2429 4291
9 2085 4719 2562 4586 4292
9 2547 2929 4949 2334 4293
9 2148 2168 4949 2212 4294
9 3370 216 217 4906 4295
9 200 488 4954 199 4296
9 212 484 4946 211 4297
9 191 422 4955 190 4298
9 4852 3059 4671 4748 4299
9 2895 2565 4726 2896 4300
9 4801 4844 4843 2966 4301
9 1253 4714 1095 1093 4302
9 3561 4964 185 186 4303
9 4836 4436 4926 2911 4304
9 3310 3311 4988 437 4305
9 73 74 4887 479 4306
9 4170 41 42 4908 4307
9 237 530 4851 236 4308
9 4760 248 249 4890 4309
9 2036 4217 4717 2503 4310
9 2747 2746 2744 2745 4311
9 4782 4819 2866 4558 4312
9 3121 4576 2767 4817 4313
9 2464 4512 4934 2546 4314
9 429 4797 2940 4621 4315
9 173 419 4710 172 4316
9 2850 4699 4798 4069 4317
9 4303 2541 4888 4706 4318
9 3914 168 169 4995 4319
9 225 4398 4945 224 4320
9 4624 4794 3635 3633 4321
9 4717 4217 2567 4724 4322
9 2744 2746 2757 4633 4323
9 45 437 4988 44 4324
9 3043 3042 3367 4743 4325
9 4475 456 4302 4706 4326
9 2321 4159 4975 2323 4327
9 3360 4805 4903 3362 4328
9 2014 4726 2565 4597 4329
9 4491 2532 4776 4551 4330
9 507 4659 3070 4910 4331
9 3990 3988 3992 4725 4332
9 2917 4861 466 4607 4333
9 2752 2751 2811 3241 4334
9 2563 2562 4719 2919 4335
9 4713 4843 535 3114 4336
9 4237 4243 4752 2635 4337
9 4823 480 4905 4492 4338
9 1097 1104 4729 1100 4339
9 2893 4974 4250 4747 4340
9 248 4760 457 247 4341
9 3033 2868 4739 4738 4342
9 166 167 4891 418 4343
9 2756 2916 4709 2753 4344
9 4214 2566 4730 4216 4345
9 4717 4724 4729 1104 4346
9 4412 449 4956 4858 4347
9 2091 2090 4753 2853 4348
9 3239 132 133 4894 4349
9 2186 2836 4732 2835 4350
9 4312 4942 2902 4682 4351
9 214 426 4814 4685 4352
9 68 481 4734 67 4353
9 2802 3129 4901 2826 4354
9 438 226 227 4735 4355
9 2943 4826 340 4827 4356
9 2533 2901 4776 2531 4357
9 547 4228 4736 4272 4358
9 247 457 4967 246 4359
9 2593 4778 4835 2731 4360
9 1085 4681 4705 1098 4361
9 465 4733 282 283 4362
9 1085 1098 4748 1083 4363
9 2744 2743 4986 2745 4364
9 2108 2608 4745 2106 4365
9 2576 4705 4681 2876 4366
9 534 3067 4965 3154 4367
9 48 480 4741 47 4368
9 448 239 240 4740 4369
9 2644 2545 4697 2950 4370
9 2752 2753 4709 2750 4371
9 4243 4736 4228 4752 4372
9 3156 4970 2737 2860 4373
9 2782 4291 4747 2781 4374
9 3257 3258 4751 3221 4375
9 420 179 180 4750 4376
9 2896 2965 4879 2895 4377
9 2547 4069 4847 2929 4378
9 4965 538 4882 3154 4379
9 2536 2539 4783 2537 4380
9 2213 4723 2003 2001 4381
9 193 194 4936 482 4382
9 2766 2765 4898 4718 4383
9 4306 4322 4863 2884 4384
9 2882 2883 4719 2085 4385
9 4730 4752 4228 553 4386
9 2965 2896 4801 2966 4387
9 2291 2932 4792 2934 4388
9 2020 4578 4697 2545 4389
9 3436 4926 4436 478 4390
9 3122 4817 4389 5000 4391
9 4240 174 175 4749 4392
9 4226 4607 4942 2589 4393
9 537 3238 4841 3076 4394
9 430 89 90 4755 4395
9 2750 4709 2748 2747 4396
9 475 3501 4983 4396 4397
9 73 479 4756 4355 4398
9 2048 2207 4969 2182 4399
9 516 4759 55 56 4400
9 3148 463 3044 4944 4401
9 2562 2563 4726 2014 4402
9 4885 431 4979 4694 4403
9 2193 2596 4763 2595 4404
9 141 2874 4929 140 4405
9 165 166 418 3077 4406
9 2448 2449 4764 2447 4407
9 3560 4886 4964 3561 4408
9 4534 4765 3233 3214 4409
9 2015 2199 4697 4578 4410
9 4534 3485 518 4765 4411
9 3221 4751 4849 3222 4412
9 552 554 4766 551 4413
9 2191 4101 4768 3311 4414
9 499 3121 4817 3122 4415
9 3020 2931 4998 3612 4416
9 420 4750 2935 4478 4417
9 2763 4854 4898 2765 4418
9 431 4885 2870 4770 4419
9 4890 4199 4196 4760 4420
9 9 3154 4882 8 4421
9 555 4787 4754 554 4422
9 2741 2743 2744 2742 4423
9 2645 2544 4769 2833 4424
9 221 436 4767 220 4425
9 4523 81 82 4770 4426
9 2912 4902 451 3150 4427
9 2442 2600 4771 4210 4428
9 2284 4492 4905 3269 4429
9 481 68 69 4777 4430
9 2986 3006 4868 2988 4431
9 4594 3058 4953 2047 4432
9 3629 2252 4779 3630 4433
9 2178 3793 4780 3794 4434
9 2960 4875 4972 2959 4435
9 557 945 4787 555 4436
9 2934 3370 4906 3369 4437
9 2926 4963 533 4481 4438
9 2739 2741 2742 2740 4439
9 2289 2959 4972 2961 4440
9 4845 4767 4937 3043 4441
9 2922 4771 2600 4788 4442
9 3004 4701 2439 2440 4443
9 487 170 171 4775 4444
9 2512 4674 4793 2594 4445
9 3238 537 4815 3239 4446
9 4862 3301 2590 4786 4447
9 2201 2196 4969 4712 4448
9 2564 4736 4243 4692 4449
9 3050 3157 4938 3158 4450
9 3046 3083 4785 3082 4451
9 2582 2915 4722 4924 4452
9 2532 2529 2531 4776 4453
9 508 3077 4831 4549 4454
9 2042 3615 4788 2600 4455
9 3293 4813 4896 3319 4456
9 477 4790 60 61 4457
9 140 4929 139 2 4458
9 4619 2846 4877 3031 4459
9 193 482 4810 4696 4460
9 2973 2971 162 446 4461
9 4713 3114 4881 539 4462
9 2735 2737 2738 2736 4463
9 2066 1990 4806 2623 4464
9 4633 2918 4985 4634 4465
9 3220 3222 4800 4958 4466
9 2939 2940 4797 3383 4467
9 4497 4778 2593 4651 4468
9 2559 2560 4888 1993 4469
9 2844 4796 2904 2474 4470
9 188 483 4799 187 4471
9 89 430 4800 88 4472
9 266 3096 4879 506 4473
9 3497 4793 3500 3499 4474
9 4129 4744 4858 2599 4475
9 2576 3113 4852 4705 4476
9 4986 2743 3050 4820 4477
9 2624 2623 4822 2879 4478
9 4634 4774 2744 4633 4479
9 3497 4897 2594 4793 4480
9 4756 479 4887 2857 4481
9 4376 146 147 4804 4482
9 4624 4407 441 4794 4483
9 4870 4721 4931 2969 4484
9 4702 4507 2910 2909 4485
9 459 4802 26 27 4486
9 2896 4726 2563 4801 4487
9 4853 522 4957 4757 4488
9 3303 4805 3360 3363 4489
9 3856 3157 3155 3904 4490
9 4483 4784 4783 2539 4491
9 2761 2805 4872 4589 4492
9 538 4965 3070 4659 4493
9 3433 2947 2948 2572 4494
9 209 425 4808 208 4495
9 3659 2879 4828 3660 4496
9 425 209 210 4809 4497
9 2806 2827 4909 3194 4498
9 513 4507 4821 4303 4499
9 2559 4594 4781 2560 4500
9 4685 4814 2933 3272 4501
9 4769 4813 3293 2833 4502
9 39 40 4940 441 4503
9 511 4789 4993 3212 4504
9 3179 3182 4951 4602 4505
9 3988 3990 4991 3989 4506
9 2623 4806 3615 4822 4507
9 3888 1554 2734 3961 4508
9 4719 2883 3026 4791 4509
9 2772 4451 4812 2771 4510
9 1761 2091 4778 4497 4511
9 518 4867 3233 4765 4512
9 1768 4102 4819 2224 4513
9 444 4816 34 35 4514
9 121 4742 4947 120 4515
9 2042 2043 4822 3615 4516
9 454 4950 2828 4570 4517
9 4689 3902 4899 2867 4518
9 3582 2923 4952 3580 4519
9 2841 2842 4823 2840 4520
9 2608 4746 447 4745 4521
9 3030 3031 4877 510 4522
9 2550 3922 4824 2549 4523
9 3383 4797 4873 3938 4524
9 2951 2439 4701 2952 4525
9 4251 4825 4250 4249 4526
9 4763 4399 529 4865 4527
9 2768 4389 4817 2767 4528
9 2879 4822 2043 4828 4529
9 2324 4686 4826 2943 4530
9 2817 3194 4909 4687 4531
9 85 3262 4979 84 4532
9 3109 4623 4883 4923 4533
9 2037 4628 4861 2917 4534
9 261 262 4881 3114 4535
9 4844 4801 2563 2920 4536
9 4894 533 4963 3240 4537
9 2516 3500 4793 4674 4538
9 2040 3749 4828 2043 4539
9 2748 4709 2916 4803 4540
9 3188 4758 4941 3180 4541
9 4691 201 202 4830 4542
9 2003 4723 4889 2882 4543
9 2757 2748 4803 2758 4544
9 3620 4956 449 4411 4545
9 3660 4828 3749 4834 4546
9 2602 4994 4932 4707 4547
9 2572 2948 4832 2571 4548
9 1711 2031 4690 4916 4549
9 2466 2731 4818 2925 4550
9 2039 3750 4834 3749 4551
9 553 4766 4216 4730 4552
9 500 4893 2872 2991 4553
9 2742 2754 4772 2740 4554
9 2894 4944 3044 4971 4555
9 522 4853 3110 4735 4556
9 432 77 78 4836 4557
9 4944 4712 4969 3148 4558
9 3613 464 3612 4998 4559
9 230 4048 4957 229 4560
9 214 215 4935 426 4561
9 4864 4834 3750 4846 4562
9 4304 4338 4838 2823 4563
9 418 4891 3914 4650 4564
9 3667 2831 4842 3664 4565
9 2883 2882 4889 2992 4566
9 2019 2047 4953 3113 4567
9 3063 3064 4943 2874 4568
9 3303 434 4903 4805 4569
9 3043 4743 490 4845 4570
9 4840 2569 4795 4762 4571
9 3370 4935 215 216 4572
9 219 4845 490 218 4573
9 4085 4086 4846 3750 4574
9 3386 3301 4862 3333 4575
9 4810 482 4936 2903 4576
9 4185 2839 4848 4195 4577
9 85 86 4849 476 4578
9 3236 3235 4966 4455 4579
9 4589 4872 3120 3119 4580
9 4811 1128 3939 4850 4581
9 3059 4852 3113 4953 4582
9 2537 4783 4902 2912 4583
9 2692 3110 4853 2855 4584
9 3109 507 4910 4623 4585
9 483 188 189 4855 4586
9 1965 2208 4856 4731 4587
9 2984 2907 2733 3036 4588
9 2812 2825 4761 2994 4589
9 2537 2912 4877 2846 4590
9 2199 2871 4839 4697 4591
9 4784 4426 4902 4783 4592
9 443 235 236 4851 4593
9 3238 2816 3007 4841 4594
9 3216 2997 4696 4810 4595
9 2981 4874 4802 459 4596
9 100 428 4897 3497 4597
9 4549 2732 2733 2907 4598
9 3261 476 4849 4751 4599
9 2953 4925 461 4408 4600
9 3641 4673 1128 4811 4601
9 1712 4795 2569 4610 4602
9 119 502 4860 118 4603
9 4322 496 4665 4863 4604
9 505 3007 4575 3200 4605
9 2090 2887 4920 4753 4606
9 4570 2828 4861 4628 4607
9 4778 2091 2853 4835 4608
9 2980 2995 4860 4676 4609
9 4650 4831 3077 418 4610
9 2543 2898 4933 2861 4611
9 2924 2962 4962 4961 4612
9 3234 3233 4867 3235 4613
9 4796 4886 3560 2904 4614
9 4763 4865 2963 2595 4615
9 3869 2865 4866 3870 4616
9 138 4480 4943 536 4617
9 3073 3079 3147 4892 4618
9 53 3487 4867 518 4619
9 3201 4687 4909 504 4620
9 424 4917 3330 4830 4621
9 2915 4850 3939 4895 4622
9 1687 4652 4821 2181 4623
9 2736 2738 4772 2819 4624
9 4893 4602 4951 4668 4625
9 3030 455 4889 4723 4626
9 528 4846 4086 4740 4627
9 4755 90 91 4871 4628
9 2207 2048 2569 4840 4629
9 2378 3611 4874 3616 4630
9 3036 2733 3961 2734 4631
9 4425 451 4902 4426 4632
9 2587 4754 4787 2922 4633
9 3717 4670 4880 2612 4634
9 3409 3410 4875 2960 4635
9 477 4875 3410 4790 4636
9 512 4913 2901 3088 4637
9 115 116 4876 501 4638
9 3002 4887 74 75 4639
9 292 293 4882 538 4640
9 264 539 4881 263 4641
9 3071 3080 4916 4690 4642
9 519 3130 4901 3129 4643
9 4248 2884 4863 4665 4644
9 4777 69 70 4884 4645
9 2203 2870 4885 2869 4646
9 4525 4933 4710 419 4647
9 16 509 4971 3044 4648
9 4975 2864 4826 4686 4649
9 2497 2935 4952 2923 4650
9 2754 2742 2744 4774 4651
9 2574 2989 4924 4722 4652
9 4170 4940 40 41 4653
9 2599 4858 4956 2942 4654
9 995 1610 4895 3939 4655
9 205 206 4896 4813 4656
9 2510 2594 4897 3782 4657
9 3068 3071 4910 3070 4658
9 529 4960 2963 4865 4659
9 2763 4803 2916 4854 4660
9 3914 4891 167 168 4661
9 2888 4869 4982 2890 4662
9 3487 4966 3235 4867 4663
9 4424 4864 4846 528 4664
9 250 531 4890 249 4665
9 64 65 4903 434 4666
9 2581 4604 4932 2583 4667
9 2808 2809 4959 2926 4668
9 2827 3475 504 4909 4669
9 480 48 49 4905 4670
9 4599 4968 4904 2952 4671
9 3358 4936 194 195 4672
9 3008 4676 4860 502 4673
9 77 432 4911 76 4674
9 3327 3330 4917 3334 4675
9 218 490 4906 217 4676
9 428 4992 3782 4897 4677
9 2756 4668 4854 2916 4678
9 163 164 508 2983 4679
9 2350 2946 4914 2945 4680
9 2581 2582 4924 2580 4681
9 2911 4926 3436 2622 4682
9 455 256 257 4980 4683
9 2195 2927 4919 3978 4684
9 3179 3180 4941 3181 4685
9 134 533 4894 133 4686
9 2033 2032 4921 2251 4687
9 197 423 4922 196 4688
9 4376 4976 4606 495 4689
9 2739 2740 4772 2738 4690
9 4702 2181 4821 4507 4691
9 43 520 4908 42 4692
9 329 460 4932 4604 4693
9 4719 4791 4878 2919 4694
9 2558 3041 4937 3320 4695
9 2438 2951 4925 2953 4696
9 126 3200 4987 3201 4697
9 450 3659 3660 4928 4698
9 2561 3059 4953 3058 4699
9 2931 2400 2429 4930 4700
9 2563 2919 4878 2920 4701
9 4748 1098 4705 4852 4702
9 3623 4960 529 4415 4703
9 4394 4606 4976 2877 4704
9 2965 2966 4843 4713 4705
9 2204 4788 3615 4806 4706
9 1992 1993 4888 2541 4707
9 4690 4623 4910 3071 4708
9 3133 3122 5000 3134 4709
9 1947 2589 4942 4312 4710
9 502 119 120 4947 4711
9 4809 210 211 4946 4712
9 2967 4720 4761 2825 4713
9 521 223 224 4945 4714
9 4409 2970 4915 4912 4715
9 2333 2334 4949 2168 4716
9 3619 2942 4956 3620 4717
9 4242 198 199 4954 4718
9 4855 189 190 4955 4719
9 4733 4934 4512 514 4720
9 3622 2963 4960 3623 4721
9 3003 2251 4921 4737 4722
9 3315 3318 4997 4669 4723
9 4455 4966 3487 442 4724
9 522 228 229 4957 4725
9 2891 2890 4982 3001 4726
9 184 185 4964 421 4727
9 4839 452 3212 4993 4728
9 4249 4250 4974 497 4729
9 4653 4609 4978 1028 4730
9 2937 2936 4981 2938 4731
9 3219 3220 4958 4419 4732
9 3260 4694 4979 3262 4733
9 431 83 84 4979 4734
9 2914 2583 4990 2954 4735
9 2509 3782 4992 3783 4736
9 4990 4994 2602 3640 4737
9 3068 3070 4965 3067 4738
9 485 176 177 4973 4739
9 532 245 246 4967 4740
9 3224 4551 4913 512 4741
9 520 43 44 4988 4742
9 4394 2826 4901 4606 4743
9 4623 4690 2031 4883 4744
9 1002 1028 4978 4613 4745
9 3946 1488 4984 3948 4746
9 4794 441 4940 4829 4747
9 3785 2969 4931 2968 4748
9 4661 2861 4933 4525 4749
9 2756 2872 4893 4668 4750
9 2901 4913 4551 4776 4751
9 2215 2895 4879 3096 4752
9 2771 4812 5000 4389 4753
9 428 4511 3783 4992 4754
9 3495 4972 4875 477 4755
9 170 487 4995 169 4756
9 4968 4599 4971 509 4757
9 4775 4710 4933 2898 4758
9 2738 2737 4970 2739 4759
9 4873 3496 4396 4983 4760
9 2909 2910 4920 2887 4761
9 2989 4489 4977 472 4762
9 1526 1711 4916 1712 4763
9 2761 4589 4985 2918 4764
9 2824 4927 1677 4715 4765
9 3496 4873 4797 429 4766
9 4707 4837 2584 3689 4767
9 2183 2182 4969 2196 4768
9 2201 4712 4944 2894 4769
9 4655 536 4943 3083 4770
9 4814 426 4935 4792 4771
9 2731 4835 4900 4818 4772
9 509 3034 4904 4968 4773
9 138 139 4929 4480 4774
9 4720 4721 4989 2977 4775
9 2924 2813 4996 2962 4776
9 4796 421 4964 4886 4777
9 2363 3881 2962 4868 4778
9 2441 2894 4971 4599 4779
9 4575 2818 4987 3200 4780
9 4984 4613 4978 3023 4781
9 4695 4802 4874 3611 4782
9 4929 2874 4943 4480 4783
9 3074 535 4843 4844 4784
9 2578 2857 4887 3002 4785
9 450 4928 4864 4424 4786
9 4928 3660 4834 4864 4787
9 4047 4757 4957 4048 4788
9 4837 4707 4932 460 4789
9 105 106 4989 439 4790
9 2324 2323 4975 4686 4791
9 3320 4937 4767 436 4792
9 4377 4900 4835 2853 4793
9 2943 4827 4977 4489 4794
9 4377 489 4818 4900 4795
9 4915 3794 4780 4912 4796
9 465 3087 4934 4733 4797
9 4927 2924 4961 3864 4798
9 4697 4839 4993 2950 4799
9 2955 4907 3689 2584 4800
9 4750 4859 4952 2935 4801
9 2934 4792 4935 3370 4802
9 4419 4958 4800 430 4803
9 2609 2903 4936 3358 4804
9 439 4870 4915 2970 4805
9 3637 4829 4940 4170 4806
9 3034 461 4925 4904 4807
9 4669 4997 4808 425 4808
9 3032 2994 4761 4999 4809
9 3193 3134 5000 4812 4810
9 2962 4996 2988 4868 4811
9 4785 3083 4943 3064 4812
9 181 486 4952 4859 4813
9 4854 4668 4951 4898 4814
9 2952 4904 4925 2951 4815
9 4990 2583 4932 4994 4816
9 3794 4915 4870 2969 4817
9 4718 4898 4951 3182 4818
9 340 409 4977 4827 4819
9 4721 4870 439 4989 4820
9 2926 4959 3240 4963 4821
9 4634 4985 492 4857 4822
9 2732 2385 3961 2733 4823
9 4663 4918 3821 2367 4824
9 1541 1677 4927 3860 4825
9 1720 2385 2732 2223 4826
9 4938 3157 3856 4939 4827
9 2174 3785 2968 2172 4828
9 1972 2172 2968 2173 4829
9 2734 1554 1129 1258 4830
9 1677 1676 1972 2173 4831
9 2190 2223 4831 2899 4832
9 2365 3840 3006 2367 4833
9 3006 3840 2368 3775 4834
9 3833 3856 3904 2372 4835
9 3158 4938 3807 3976 4836
9 4927 3864 3861 3860 4837
9 2962 3881 3880 4962 4838
9 1 131 4815 130 4839
NPOIN= 5001
0 0 0
2.2 0 1
2.2 0.41 2
0 0.41 3
0.15 0.2 4
0.2 0.15 5
0.25 0.2 6
0.2 0.25 7
0.01546004812903611 0 8
0.03046707120678531 0 9
0.04505449188690485 0 10
0.05925530321941077 0 11
0.07310218006182366 0 12
0.0866275178190703 0 13
0.09986348927182666 0 14
0.1128421330494466 0 15
0.1255953875045415 0 16
0.1381551284922374 0 17
0.1497463966390029 0 18
0.1596177816428663 0 19
0.1694880713645899 0 20
0.1793583610863135 0 21
0.1892286508080372 0 22
0.1990989405297608 0 23
0.2089692302514844 0 24
0.2188395199732081 0 25
0.2287098096949317 0 26
0.2385800994166553 0 27
0.2484503891383789 0 28
0.2583206788601025 0 29
0.2681909685818261 0 30
0.2780612583035497 0 31
0.2879315480252734 0 32
0.297801837746997 0 33
0.3076721274687206 0 34
0.3175424171904442 0 35
0.3274127069121679 0 36
0.3372829966338915 0 37
0.3471532863556151 0 38
0.3570235760773387 0 39
0.3668938657990623 0 40
0.3767641555207859 0 41
0.3866344452425096 0 42
0.3965047349642332 0 43
0.4063750246859568 0 44
0.4162453144076804 0 45
0.4261156041294041 0 46
0.4359858938511277 0 47
0.4458561835728513 0 48
0.4557264732945749 0 49
0.4655967630162985 0 50
0.4754670527380223 0 51
0.4853373424597459 0 52
0.4952076321814695 0 53
0.505077921903193 0 54
0.5149482116249167 0 55
0.5248185013466403 0 56
0.534688791068364 0 57
0.5445590807900875 0 58
0.5544293705118112 0 59
0.5642996602335348 0 60
0.5741699499552585 0 61
0.5840402396769822 0 62
0.5939105293987057 0 63
0.6037808191204294 0 64
0.613651108842153 0 65
0.6235213985638766 0 66
0.6333916882856002 0 67
0.6432619780073239 0 68
0.6531322677290475 0 69
0.6630025574507711 0 70
0.6728728471724947 0 71
0.6827431368942184 0 72
0.6926134266159421 0 73
0.7024837163376657 0 74
0.7123540060593893 0 75
0.7222242957811129 0 76
0.7320945855028366 0 77
0.7419648752245602 0 78
0.7518351649462839 0 79
0.7617054546680074 0 80
0.7715757443897311 0 81
0.7814460341114547 0 82
0.7913163238331784 0 83
0.8011866135549021 0 84
0.8110569032766257 0 85
0.8209271929983493 0 86
0.830797482720073 0 87
0.8406677724417966 0 88
0.8505380621635202 0 89
0.860408351885244 0 90
0.8702786416069676 0 91
0.8801489313286912 0 92
0.8900192210504148 0 93
0.8998895107721384 0 94
0.9097598004938622 0 95
0.9196300902155857 0 96
0.9295003799373094 0 97
0.9393706696590329 0 98
0.9492409593807566 0 99
0.9591112491024804 0 100
0.9689815388242039 0 101
0.9788518285459276 0 102
0.9887221182676511 0 103
0.9985924079893749 0 104
1.009813022150858 0 105
1.02548665448601 0 106
1.047445844971735 0 107
1.078211430578656 0 108
1.119986946653879 0 109
1.165547891282071 0 110
1.213108609622178 0 111
1.262322476436256 0 112
1.311673925044874 0 113
1.361025373653492 0 114
1.41037682226211 0 115
1.459728270870728 0 116
1.509079719479346 0 117
1.558431168087965 0 118
1.607782616696582 0 119
1.657134065305201 0 120
1.706485513913818 0 121
1.755836962522437 0 122
1.805188411131055 0 123
1.854539859739673 0 124
1.903891308348291 0 125
1.95324275695691 0 126
2.002594205565527 0 127
2.051945654174145 0 128
2.101297102782763 0 129
2.150648551391382 0 130
2.2 0.04099999999999997 131
2.2 0.08199999999999999 132
2.2 0.123 133
2.2 0.164 134
2.2 0.205 135
2.2 0.2459999999999998 136
2.2 0.2869999999999998 137
2.2 0.3279999999999998 138
2.2 0.3689999999999999 139
2.150759589205746 0.41 140
2.101519178411492 0.41 141
2.052278767617238 0.41 142
2.003038356822985 0.41 143
1.953797946028731 0.41 144
1.904557535234477 0.41 145
1.855317124440223 0.41 146
1.806076713645969 0.41 147
1.756836302851715 0.41 148
1.707595892057461 0.41 149
1.658355481263207 0.41 150
1.609115070468953 0.41 151
1.559874659674699 0.41 152
1.510634248880445 0.41 153
1.461393838086191 0.41 154
1.412153427291937 0.41 155
1.362913016497683 0.41 156
1.31367260570343 0.41 157
1.264432194909175 0.41 158
1.215271926251225 0.41 159
1.167638315376417 0.41 160
1.121999179267154 0.41 161
1.079902097129535 0.41 162
1.048711620948825 0.41 163
1.026432296451583 0.41 164
1.010518258585953 0.41 165
0.9991380720472878 0.41 166
0.9892899898884371 0.41 167
0.9794419077295864 0.41 168
0.9695938255707355 0.41 169
0.9597457434118848 0.41 170
0.9498976612530341 0.41 171
0.9400495790941832 0.41 172
0.9302014969353325 0.41 173
0.9203534147764818 0.41 174
0.9105053326176309 0.41 175
0.9006572504587802 0.41 176
0.8908091682999295 0.41 177
0.8809610861410786 0.41 178
0.8711130039822279 0.41 179
0.861264921823377 0.41 180
0.8514168396645263 0.41 181
0.8415687575056756 0.41 182
0.8317206753468247 0.41 183
0.821872593187974 0.41 184
0.8120245110291233 0.41 185
0.8021764288702724 0.41 186
0.7923283467114217 0.41 187
0.7824802645525708 0.41 188
0.7726321823937201 0.41 189
0.7627841002348694 0.41 190
0.7529360180760185 0.41 191
0.7430879359171678 0.41 192
0.7332398537583169 0.41 193
0.7233917715994662 0.41 194
0.7135436894406155 0.41 195
0.7036956072817646 0.41 196
0.6938475251229139 0.41 197
0.6839994429640632 0.41 198
0.6741513608052123 0.41 199
0.6643032786463616 0.41 200
0.6544551964875109 0.41 201
0.64460711432866 0.41 202
0.6347590321698093 0.41 203
0.6249109500109584 0.41 204
0.6150628678521077 0.41 205
0.605214785693257 0.41 206
0.5953667035344061 0.41 207
0.5855186213755552 0.41 208
0.5756705392167045 0.41 209
0.5658224570578536 0.41 210
0.5559743748990029 0.41 211
0.546126292740152 0.41 212
0.5362782105813013 0.41 213
0.5264301284224506 0.41 214
0.5165820462635997 0.41 215
0.5067339641047488 0.41 216
0.4968858819458981 0.41 217
0.4870377997870474 0.41 218
0.4771897176281965 0.41 219
0.4673416354693456 0.41 220
0.4574935533104949 0.41 221
0.447645471151644 0.41 222
0.4377973889927933 0.41 223
0.4279493068339426 0.41 224
0.4181012246750917 0.41 225
0.4082531425162408 0.41 226
0.3984050603573901 0.41 227
0.3885569781985394 0.41 228
0.3787088960396885 0.41 229
0.3688608138808378 0.41 230
0.3590127317219871 0.41 231
0.3491646495631362 0.41 232
0.3393165674042853 0.41 233
0.3294684852454346 0.41 234
0.3196204030865837 0.41 235
0.309772320927733 0.41 236
0.2999242387688823 0.41 237
0.2900761566100314 0.41 238
0.2802280744511805 0.41 239
0.2703799922923298 0.41 240
0.2605319101334791 0.41 241
0.2506838279746282 0.41 242
0.2408357458157773 0.41 243
0.2309876636569266 0.41 244
0.2211395814980757 0.41 245
0.211291499339225 0.41 246
0.2014434171803741 0.41 247
0.1915953350215234 0.41 248
0.1817472528626727 0.41 249
0.171899170703822 0.41 250
0.1620510885449709 0.41 251
0.1522030063861202 0.41 252
0.1412636159699008 0.41 253
0.1283557743468426 0.41 254
0.1152640889432623 0.41 255
0.1019562944658259 0.41 256
0.08839988382490871 0.41 257
0.07456223877475443 0.41 258
0.06041058964271917 0.41 259
0.04591195942398585 0.41 260
0.03103309198368631 0.41 261
0.0157404405681647 0.41 262
0 0.3948341802501602 263
0 0.380108173431899 264
0 0.3657918916986372 265
0 0.3518558016954578 266
0 0.3382705961404491 267
0 0.3250073088203904 268
0 0.3120371751078729 269
0 0.2993316012158952 270
0 0.2868621191070283 271
0 0.2746003384738784 272
0 0.26251792354846 273
0 0.2505865531272546 274
0 0.2387779011616719 275
0 0.2270636416639381 276
0 0.2154154276529029 277
0 0.2038048903313431 278
0 0.1922036164354032 279
0 0.180583320780213 280
0 0.1689155832286173 281
0 0.1571720552459284 282
0 0.1453243823024221 283
0 0.1333442499659876 284
0 0.1212033272731541 285
0 0.1088732988683098 286
0 0.09632580893225667 287
0 0.08353244395243764 288
0 0.07046470201043958 289
0 0.05709393312034905 290
0 0.04339130578603134 291
0 0.0293277648064928 292
0 0.01487390188789933 293
0.1509607359798385 0.1902454838991936 294
0.1538060233744357 0.1808658283817455 295
0.1584265193848728 0.1722214883490198 296
0.1646446609406727 0.1646446609406725 297
0.17222148834902 0.1584265193848727 298
0.1808658283817456 0.1538060233744356 299
0.1902454838991936 0.1509607359798385 300
0.2097545161008064 0.1509607359798385 301
0.2191341716182546 0.1538060233744357 302
0.2277785116509802 0.1584265193848728 303
0.2353553390593275 0.1646446609406727 304
0.2415734806151273 0.17222148834902 305
0.2461939766255644 0.1808658283817456 306
0.2490392640201615 0.1902454838991936 307
0.2490392640201615 0.2097545161008064 308
0.2461939766255644 0.2191341716182545 309
0.2415734806151273 0.2277785116509801 310
0.2353553390593274 0.2353553390593274 311
0.2277785116509801 0.2415734806151273 312
0.2191341716182545 0.2461939766255644 313
0.2097545161008064 0.2490392640201615 314
0.1902454838991936 0.2490392640201615 315
0.1808658283817455 0.2461939766255643 316
0.1722214883490199 0.2415734806151273 317
0.1646446609406726 0.2353553390593274 318
0.1584265193848728 0.2277785116509801 319
0.1538060233744357 0.2191341716182545 320
0.1509607359798385 0.2097545161008064 321
0.2604024666913369 0.2250113657653831 322
0.2127468427080875 0.1358786743678585 323
0.154247688442986 0.1694322436712423 324
0.1769774301341005 0.1444315947070515 325
0.2457523115570143 0.2305677563287576 326
0.1789408787541985 0.1491652171034534 327
0.2508347828965466 0.1789408787541985 328
0.1636727547444491 0.1456459969092349 329
0.2117295846365232 0.1410059050896935 330
0.2539664375426469 0.1892628980287981 331
0.1999975381107149 0.2550241922587101 332
0.1395975333086631 0.1749886342346169 333
0.2250252874583996 0.2603967001372783 334
0.1636852839371498 0.2543623748296781 335
0.1999950269836441 0.2601488683625944 336
0.1537668326099145 0.1537774878124502 337
0.1749747125416005 0.1396032998627216 338
0.2000024618892851 0.1449758077412899 339
0.200007534365968 0.1346239620114435 340
0.1346239620114436 0.2000075343659681 341
0.2363272452555509 0.2543540030907651 342
0.2508366671450299 0.221054572267558 343
0.1456376251703221 0.1636852839371496 344
0.1665789442759468 0.1499908066019723 345
0.2603967001372784 0.1749747125416005 346
0.1665872140999094 0.2500147191177389 347
0.2000049730163558 0.1398511316374055 348
0.2230225698658995 0.2555684052929484 349
0.1694322436712424 0.2457523115570142 350
0.2462225121875499 0.1537668326099146 351
0.1610902797059458 0.1610937613431616 352
0.2250113657653831 0.139597533308663 353
0.1398511316374056 0.2000049730163559 354
0.1999924656340319 0.2653760379885565 355
0.1499852808822613 0.1665872140999093 356
0.1491633328549701 0.1789454277324419 357
0.2210591212458015 0.2508347828965466 358
0.2601488683625944 0.2000049730163558 359
0.2334210557240533 0.2500091933980276 360
0.2555722114748848 0.2230133809298477 361
0.2550241922587101 0.2000024618892851 362
0.258992154535582 0.1882606604409948 363
0.2543540030907651 0.163672754744449 364
0.2641183858683757 0.1872383781014353 365
0.2230133809298477 0.1444277885251151 366
0.1444277885251152 0.1769866190701523 367
0.1449758077412899 0.2000024618892851 368
0.1892677271983436 0.2539673981241937 369
0.1694281496989837 0.1542504239477933 370
0.2389062386568384 0.1610902797059458 371
0.2305718503010163 0.2457495760522067 372
0.1882704153634768 0.2589940949103064 373
0.1872531572919125 0.2641213256321415 374
0.1574648108465244 0.1574718437537005 375
0.2210545722675581 0.14916333285497 376
0.1460335624573531 0.2107371019712019 377
0.2425281562462995 0.1574648108465244 378
0.1410078454644181 0.2117393395590053 379
0.1358816141316244 0.2127616218985648 380
0.2107322728016564 0.1460326018758063 381
0.2457495760522067 0.1694281496989837 382
0.2653760379885565 0.200007534365968 383
0.2555684052929486 0.1769774301341005 384
0.2500091933980276 0.1665789442759467 385
0.174988634234617 0.260402466691337 386
0.1769866190701523 0.255572211474885 387
0.1491652171034534 0.2210591212458016 388
0.2117393395590053 0.2589921545355819 389
0.1542504239477933 0.2305718503010164 390
0.2107371019712019 0.2539664375426469 391
0.1789454277324419 0.2508366671450299 392
0.2500147191177389 0.2334127859000906 393
0.2462331673900855 0.2462225121875497 394
0.1610937613431618 0.2389097202940542 395
0.2539673981241937 0.2107322728016563 396
0.2589940949103064 0.2117295846365233 397
0.2334127859000907 0.1499852808822612 398
0.2363147160628505 0.1456376251703221 399
0.1396032998627216 0.2250252874583996 400
0.2641213256321415 0.2127468427080876 401
0.1444315947070515 0.2230225698658996 402
0.1499908066019724 0.2334210557240534 403
0.1460326018758064 0.1892677271983436 404
0.2389097202940542 0.2389062386568382 405
0.1410059050896936 0.1882704153634767 406
0.2305677563287577 0.1542476884429859 407
0.1574718437537006 0.2425351891534757 408
0.1872383781014354 0.1358816141316243 409
0.2425351891534757 0.2425281562462994 410
0.1358786743678585 0.1872531572919124 411
0.1892628980287981 0.1460335624573531 412
0.1882606604409948 0.141007845464418 413
0.1537774878124503 0.2462331673900855 414
0.145645996909235 0.2363272452555511 415
0.2543623748296781 0.2363147160628503 416
0.2127616218985647 0.2641183858683757 417
0.9940594654213378 0.4019074172955854 418
0.9322701509886282 0.4014923423932412 419
0.8732115795152419 0.4016201573222625 420
0.8218604632786477 0.4018221440878098 421
0.7573331042759877 0.4013982017644203 422
0.6956497383856631 0.4013546961099852 423
0.6387576846134783 0.4011665754419566 424
0.5765202295182678 0.4018127727802364 425
0.5221457638128435 0.4022768717864318 426
0.4719350529924068 0.008892787974099925 427
0.9650303883388183 0.01114002315610274 428
0.9058842022875286 0.008379819151301621 429
0.8489336180447987 0.007841582660650714 430
0.7874302581995758 0.008476724508896971 431
0.7316988335218494 0.008338798531487862 432
0.6692660806464807 0.008666986995592513 433
0.6036814378582147 0.008910975756914963 434
0.545644258292954 0.008430031853264242 435
0.4596917116072327 0.401563715773699 436
0.4131600911397562 0.009199038467557735 437
0.4119231551870274 0.4012048427752906 438
1.011265052284765 0.01206339721566405 439
0.3639301831167729 0.401439512069785 440
0.3579009359584957 0.007702511183004773 441
0.5084752285342565 0.008271003304891444 442
0.322131345144806 0.4016825915647545 443
0.3187360900009656 0.009234616247441318 444
0.2670311850202171 0.1681922732174461 445
1.058003295045409 0.3825177376527388 446
0.2599013083531677 0.2490672003981828 447
0.2840679582639801 0.4014961684144022 448
0.2800035751946618 0.008598251338124391 449
0.2458900721444061 0.4001633565887718 450
0.1535123795336127 0.4003423099142138 451
0.01184460036798929 0.3226769702271751 452
0.01104350730915948 0.09666795751339982 453
0.1549460156083332 0.2606776472048572 454
0.1033113550475567 0.3983970164901717 455
0.01062218846649543 0.2748872343390324 456
0.2046094707200626 0.4011788457907776 457
0.2501100913450917 0.1398402441701884 458
0.2413280423964113 0.008422122236019319 459
0.1533907360321534 0.1420627608503835 460
0.1519732755206391 0.00851783183448182 461
0.2367315041573509 0.2683849261439891 462
0.1067939266914495 0.01101412334970767 463
0.1899802706163931 0.008977592450150035 464
0.01072632529415696 0.1426922715140689 465
0.176977450001008 0.2744249188303217 466
1.106001068112163 0.03079911022856396 467
0.20981662827015 0.2750911391450261 468
0.01039721256695847 0.2235686404038446 469
0.1339060991108488 0.1652492691403983 470
0.1341643435901878 0.2349800332402153 471
0.1778238807031629 0.126508077019613 472
0.2217128682325819 0.1245649251600421 473
0.8771209232719925 0.008421438399801806 474
0.9349808260761545 0.008623926921008829 475
0.8149678188047733 0.008766737924901818 476
0.5744942089424656 0.00816839503872277 477
0.7583676168388516 0.008624009132950999 478
0.6969462000594686 0.008627895764951571 479
0.4429273808986277 0.008586154771266008 480
0.6421212978894859 0.008515431537970464 481
0.7289053403909278 0.4017559858930668 482
0.7846421392502391 0.4011331966421926 483
0.5492428463075799 0.4017355199545631 484
0.9027310592298228 0.4015890032812093 485
0.8476581993497948 0.4022630574737881 486
0.9627052566771277 0.4006284100513001 487
0.6675110653290619 0.4013357975760699 488
0.009964118101423169 0.1877661131093775 489
0.4885615013231143 0.4016655369801607 490
0.1228811463229991 0.2089404913582401 491
1.202488163026895 0.3713663011321924 492
0.06814996219247726 0.01152600631882331 493
2.160682260050351 0.2397581145282291 494
1.915010175629444 0.3687094538183694 495
1.775693410960788 0.3699526762218944 496
1.628688472763485 0.3682576508021255 497
1.482768535428798 0.3650335448432549 498
1.329548084536883 0.3504871472736829 499
1.245679461973876 0.04268591547678699 500
1.436259177246551 0.05525989462705 501
1.602939755175879 0.04238202277634301 502
1.742303655878035 0.04318988767940896 503
1.883725220520762 0.04471590439967135 504
2.019229101748392 0.04749676918234524 505
0.01257992556422893 0.3592519334809983 506
0.0129559460274522 0.05335908654062047 507
1.020680539212817 0.3971033623597596 508
0.1337468312855278 0.0113477435249644 509
0.1320313506497134 0.3986185556366102 510
0.01025045721487938 0.2989345242848359 511
0.01036576791711497 0.1192802961069898 512
0.0145969222566773 0.2477879176316789 513
0.01001850195283183 0.1660537233342581 514
1.336578103513851 0.04639996377893257 515
0.5267396767801806 0.008104067760636546 516
0.981506085289634 0.008729696509073015 517
0.4891870436041509 0.01112233314307154 518
2.009521142688567 0.3646933967220485 519
0.3942272888254035 0.009064442853431137 520
0.44058870627832 0.4012125822520012 521
0.3924333308466474 0.401786452655565 522
0.2607434548783926 0.008541106865980419 523
0.2125431046167315 0.009204616018514661 524
0.2991948434787276 0.008755789001914066 525
0.338905137232234 0.009057188394045901 526
0.171034397571757 0.008694806677218642 527
0.2648906549707633 0.4019059602205619 528
0.344340351936691 0.4018468019871033 529
0.3029774124196402 0.4017595571667725 530
0.1758112763691739 0.4005270791892577 531
0.2239304775202249 0.4008756642740447 532
2.162898300643445 0.1596334991122724 533
0.04092787289035393 0.01231259566611528 534
0.0408328753404581 0.396468060213486 535
2.165234261146217 0.3099971129731055 536
2.105193017280776 0.04155118173337488 537
0.01259143043413746 0.02699791337239421 538
0.01311286230256159 0.3820492924424373 539
0.2196547936776514 0.2720191789152391 540
0.2179295849077834 0.2815490023593376 541
0.209019458502762 0.289472673893963 542
0.2021165869508222 0.2962766434734604 543
0.2072616690952807 0.302320911255718 544
0.1955848079582729 0.3049160143581995 545
0.2156629005656744 0.3011549603697006 546
0.2135512201255083 0.312967919198071 547
0.2251088295296378 0.3078456059374477 548
0.2219054134271903 0.3166028340708946 549
0.2325196050429211 0.311304747937723 550
0.2302298386523038 0.319486107698973 551
0.2388240845277141 0.3205165033447281 552
0.2195009422608795 0.3259645112126365 553
0.2369144514794038 0.3296656805099101 554
0.2461505726587462 0.3291211778282753 555
0.2480574527375078 0.3198447002241323 556
0.255602096543496 0.3277227974669324 557
0.257679593923784 0.3183740844050461 558
0.2653541362084758 0.3259374173438135 559
0.2675734627793148 0.316531418509836 560
0.2753470468840502 0.3239422155417411 561
0.2775376483263718 0.3145310415728767 562
0.2853972675555817 0.3218322204067592 563
0.287467547854165 0.3124775559651967 564
0.2953820537163805 0.3197384228514238 565
0.2973547590749435 0.3104505185833046 566
0.3051813920455153 0.3178740600957927 567
0.3071460298215652 0.308618866406377 568
0.3145138622111664 0.3165945295196244 569
0.316745929314905 0.3072975501166725 570
0.3232495019001034 0.3167046052067377 571
0.3262088868116886 0.3067922122295654 572
0.3352883637414474 0.3073437176990478 573
0.3438925548260748 0.3080108851921766 574
0.3458513399437465 0.3009748145459202 575
0.3527637021779813 0.3072979548606141 576
0.3525523680281428 0.2986551052416497 577
0.3618567409263106 0.3062238581697326 578
0.3627986184125018 0.2947435477447416 579
0.3700253968889844 0.307469741618117 580
0.3728122098805594 0.2981730967741211 581
0.368560237051328 0.2840639055921801 582
0.3765886325473004 0.2883195448379691 583
0.3844454182552069 0.2938360316420809 584
0.3889698992315096 0.285200322264203 585
0.3813353492981845 0.2791420907328759 586
0.3948809057888163 0.2782644461328483 587
0.4016739920424695 0.2852672217957384 588
0.4024029478464728 0.2732024251309831 589
0.3956519050724926 0.2656349151980649 590
0.4048322480160611 0.2619997129648531 591
0.3996849443929937 0.2540355325995323 592
0.4091445537523996 0.251364995000551 593
0.406209398520238 0.2433594034794476 594
0.4149074589731204 0.2415394806174266 595
0.4052997820167457 0.2349009453680516 596
0.4148300168892947 0.2338159971824253 597
0.4208081125054621 0.2405010908889624 598
0.4232182202234075 0.2350342519605235 599
0.4302639788613939 0.2394645385675086 600
0.4365924309977 0.2333092380128518 601
0.4428130731580824 0.2400431458009565 602
0.4449032159137716 0.2284476908197122 603
0.4499530072389931 0.2358953917129037 604
0.4545241315006742 0.2250550872647986 605
0.4587931758038321 0.2329118452932615 606
0.4647071572695436 0.2224200136958602 607
0.468525242022331 0.2304282084031094 608
0.4750367152344369 0.2201432279780026 609
0.4785338522813973 0.2282144904889779 610
0.4852003185278857 0.2180309259849041 611
0.4885771105696576 0.2261682876268423 612
0.4952260933155397 0.2160032216088449 613
0.4987681224487873 0.2243143002666888 614
0.5050975185638374 0.2139910596195554 615
0.5090038969462944 0.2222992846982235 616
0.5144232410083852 0.2120689899201544 617
0.5183908232442798 0.2196258299619924 618
0.5212394789442057 0.2109589347405195 619
0.5261101304960057 0.2160944209157486 620
0.5332358704950581 0.2117714630592545 621
0.5404843163678495 0.2195338787041128 622
0.541654525381055 0.2075075897877685 623
0.5487870894022869 0.2157446535563324 624
0.5514464896851556 0.2041530870536255 625
0.5578612482894436 0.2124901581005501 626
0.5617005683474393 0.2018246598670443 627
0.5674980850616769 0.2098682957089537 628
0.5718064332806031 0.1998796608563232 629
0.5773232424593255 0.2076504841330688 630
0.5816660617316823 0.1978652743432984 631
0.5871456290383328 0.2055704511173721 632
0.5914770028238883 0.1958124061461446 633
0.5969472573615757 0.2035132829569852 634
0.6012996298222155 0.1937148748153455 635
0.6067423522396578 0.2014491892290499 636
0.6111555518018356 0.1915754349126876 637
0.6165387203517398 0.1993720980748881 638
0.4049583504030104 0.2262552756062922 639
0.6210217042324351 0.1894307039059291 640
0.6263121562370946 0.1972503963523324 641
0.6306799415491007 0.1872344552413387 642
0.6359309333099112 0.1949076884269248 643
0.6395304148755672 0.1847196421201932 644
0.6451274609916116 0.1919074503602282 645
0.6469682059269445 0.1811279439514727 646
0.6530712553574526 0.187692621261542 647
0.6595270867201051 0.1823168144281173 648
0.6649298488637007 0.1869820674272303 649
0.6628320024989991 0.1946642523111581 650
0.6758281453249262 0.1940657874924417 651
0.6737101096215852 0.1828620417206141 652
0.6866376439783934 0.1925833025358725 653
0.6861585551363933 0.1830978914222499 654
0.6968981021879226 0.1910275193322517 655
0.6964435546717154 0.1821311704174695 656
0.7066090655716022 0.1892815565314107 657
0.7061344243900922 0.180727196738831 658
0.71562817861271 0.1874296133271123 659
0.709735163633852 0.197330350256035 660
0.7192172100580976 0.1948940286192735 661
0.7221046811595836 0.1856649123214371 662
0.7294255012116138 0.1902826240177718 663
0.7321085525158605 0.1802701887295671 664
0.7417132821105792 0.1895835479469143 665
0.7417145322495682 0.1804436103848033 666
0.7516482263059616 0.1882773533330777 667
0.7513879520159875 0.1797319760569302 668
0.7601460457149327 0.1868283253290681 669
0.7545566090351761 0.1962832281656436 670
0.7629614308318947 0.1937537746625732 671
0.765708609685438 0.1857262916405909 672
0.7693610240197797 0.1899663734006465 673
0.77407510767118 0.1841734690663198 674
0.780424677110056 0.1902782547241542 675
0.7855435279638143 0.1832855715349191 676
0.7922608569808867 0.1902548974239674 677
0.78718655667007 0.1972195792169038 678
0.7989015696402411 0.1962318769146476 679
0.8037577514661285 0.1904037771142399 680
0.807642118808086 0.1947163189557277 681
0.8102788665437248 0.1865790003898139 682
0.813216057592191 0.1935958592726303 683
0.8184812409209909 0.1838166662326401 684
0.8214197112027768 0.1918138400087732 685
0.8277657095589546 0.181194172899383 686
0.8306985760905741 0.1898311446724524 687
0.8317655067518521 0.1986089029418742 688
0.8417999415156845 0.1972935980906874 689
0.8407684706087055 0.1880254658950031 690
0.8541807533812429 0.1964416896766641 691
0.851506894183628 0.1860941402215547 692
0.8500088916053704 0.2067509246954216 693
0.8604421664128495 0.2030119330242831 694
0.5012900235401876 0.2059982212751796 695
0.6128878721971874 0.208987890888764 696
0.8580478923561018 0.2090270308856487 697
0.8660573699291649 0.2119457758318621 698
0.5577139858090846 0.1933856657725913 699
0.8634840723541346 0.2175279120872411 700
0.8761011408607896 0.2163652517077231 701
0.5644987424016825 0.2202927672141449 702
0.66893459249269 0.2049838650342646 703
0.7145053244819506 0.2051661692589949 704
0.5973337705178557 0.1856073889920542 705
0.8681032736448792 0.2227425468476241 706
0.8828461888451468 0.2259929237031399 707
0.8870999417453043 0.2141340332536171 708
0.524114055910645 0.2275204341804975 709
0.6367497254541847 0.1772530777092211 710
0.8744644411620807 0.2302223009915426 711
0.8891342318621551 0.2340483448259834 712
0.8659942736994272 0.2343317099215593 713
0.6979008904304909 0.1729847729900699 714
0.822611355339854 0.1727290569632884 715
0.4817173141085792 0.2363247885564691 716
0.8809539008541185 0.2380375731640997 717
0.8956022710745948 0.2417276390272612 718
0.8875359138380285 0.2456943706671724 719
0.9021778695690277 0.2492697252055177 720
0.8941587438000181 0.2532431799946208 721
0.9087460967738374 0.2567574624374689 722
0.9103994296399365 0.2455201356712077 723
0.9007480028188943 0.2607500636617968 724
0.8926737991847532 0.2647072580411297 725
0.9150826786173474 0.2641788875953862 726
0.9071698442796977 0.2682299308064101 727
0.9207062968030757 0.271304323060074 728
0.9131835349720302 0.2756247405845967 729
0.9244607971967399 0.2764169188966057 730
0.7435061666986581 0.1712662260769261 731
0.3944487219080745 0.2281785327671295 732
0.7945697480057656 0.2034976417339902 733
0.3930707089447156 0.2197074348196129 734
0.3905881245386704 0.2114205341712883 735
0.9197642394288664 0.2835574443469602 736
0.9307348125991552 0.2838592049793974 737
0.9307890365658287 0.2754890440245714 738
0.4473975824060418 0.2447420271870877 739
0.3800683415075585 0.2135555159252112 740
0.3876718078253508 0.2031484761240847 741
0.9292947470058763 0.29316256875355 742
0.9194147633120568 0.2945831386626362 743
0.3293968439119889 0.2963759729572422 744
0.9387743026884144 0.2924619880503598 745
0.3775025912546055 0.2052426288571207 746
0.3857429739455343 0.1946567694010858 747
0.3957918244948397 0.1925539332077433 748
0.3853099878520315 0.1858641569341636 749
0.3951436162296909 0.1838077877177074 750
0.385547839592004 0.1769377023416651 751
0.3952864331237481 0.1748966616343791 752
0.385410945505687 0.1680638424317294 753
0.3952046162551639 0.165962127377684 754
0.3943294748517508 0.1569288934932025 755
0.4047114793818783 0.1545075649440282 756
0.392007994589332 0.1480009206502474 757
0.403639942117235 0.1435119247201357 758
0.3965690204135499 0.1360456629493789 759
0.4081107965221331 0.1360844532313398 760
0.3886400890116252 0.1398411322765835 761
0.39281344356187 0.1311478200793821 762
0.3862995581650501 0.1323289968001542 763
0.3852811474585919 0.1244477631984905 764
0.3755290738661073 0.1260674236862781 765
0.3755539042491313 0.1789756355668698 766
0.3734493861675521 0.1176811567518375 767
0.3633871450439178 0.1197139805063295 768
0.4159942250768116 0.1433256837963946 769
0.4183543791291854 0.1346992907718444 770
0.4261938950179832 0.1417716214035604 771
0.4271718005042151 0.132918953167577 772
0.435790180070629 0.1401094011635262 773
0.4363577499873981 0.1312650333661496 774
0.4265684087150934 0.124687092821834 775
0.4353604180544555 0.1226472480037257 776
0.4458642210866272 0.1302230926644627 777
0.4454273535312991 0.1209301621652222 778
0.4552725592166356 0.1305590496558493 779
0.458276748339371 0.1200433912593918 780
0.4655861209778556 0.1251895157016432 781
0.4692684005012498 0.1147226375651386 782
0.4724018584337542 0.1229183726794425 783
0.4796829655112416 0.1094717270192714 784
0.4821368073000488 0.1198908348689559 785
0.4887068892085444 0.1090715190335687 786
0.4940616397432577 0.1151050200058296 787
0.4999568938234012 0.1047087998404483 788
0.5062767332084673 0.1149386332573483 789
0.509171406868782 0.1051938676045159 790
0.5166351809319334 0.1136843654805888 791
0.5191045398363695 0.1041856263057806 792
0.5267920108792263 0.1119681354945363 793
0.5291254721914503 0.1025114160764484 794
0.5369509093818694 0.1100222265624375 795
0.5391378444673161 0.1005919586466202 796
0.5470827777703133 0.1080504397809749 797
0.4320271552236922 0.1143699924202624 798
0.5490873478912397 0.09866224158464811 799
0.5571782840629073 0.106489951639235 800
0.5591547244552868 0.09692924003514262 801
0.5687143028464231 0.1066380259534206 802
0.9370426764078112 0.3013954795269996 803
0.5695539550499409 0.09507442193032323 804
0.5805740059395788 0.1020171680927865 805
0.3698877400281461 0.1094726478446023 806
0.3598201464133597 0.1115487660187138 807
0.3533009943964167 0.1218567988068348 808
0.3498450001597817 0.1136296982046869 809
0.465756455139452 0.1061927585384552 810
0.5800129991519272 0.09267556142861264 811
0.590698530220144 0.09915538822254011 812
0.59014304044315 0.0901727862840262 813
0.60055251067257 0.09678108217238104 814
0.9452410611004521 0.3016397922002211 815
0.3551797350936923 0.1035936020948054 816
0.3452096107537183 0.1056354658294742 817
0.9429913547190996 0.3080539779255914 818
0.6000124559487011 0.0879614378476798 819
0.6100424566263283 0.09464839122661843 820
0.3432890727049479 0.1239895126661245 821
0.491698983288623 0.1025427731073676 822
0.6096299018878675 0.08613163149705506 823
0.6185174842030503 0.09285716622072741 824
0.369962758550842 0.2156216846280576 825
0.3674755819263336 0.2073020102369088 826
0.3600518540725636 0.2176751348279569 827
0.6185562102933451 0.08517010792896597 828
0.6242601618112525 0.09172466760333642 829
0.3681666414696257 0.3139564607210589 830
0.6264618862266211 0.08616927016132447 831
0.633501693674366 0.09015773223048645 832
0.9533213911383569 0.3033117466953711 833
0.9566843863168158 0.2936657130267055 834
0.3505463835305078 0.09562802279119692 835
0.3403444013113573 0.09749156292301014 836
0.5210134442762208 0.09497576826238019 837
0.9480999115504477 0.3135248786267049 838
0.937989703037044 0.3175088156914707 839
0.6401392630389751 0.08129083791258022 840
0.6461632319300255 0.09020551867333444 841
0.6400203856685078 0.09619023104673388 842
0.6497505653450875 0.095181664476193 843
0.6536475814641419 0.08642264441275926 844
0.6557207711864815 0.0941769804855129 845
0.662399853914433 0.08399032608438228 846
0.6643616674031729 0.09248459076932737 847
0.6716855090816607 0.08168262185778423 848
0.6738378100888542 0.09035330469497777 849
0.6811496110389166 0.07907872232219781 850
0.6835498774288585 0.08788219432515765 851
0.4640743753811697 0.131730497898395 852
0.514811602175449 0.1231263814684445 853
0.3575591869178886 0.2093502335050092 854
0.3502364543444407 0.2197219628108071 855
0.4088437873511473 0.2806047068382425 856
0.3423742419961119 0.3177700893092607 857
0.6917900147166791 0.07452811509850213 858
0.6934899187559717 0.08560809203184706 859
0.5511723105034553 0.0892837870209318 860
0.6651733151638484 0.1018664435847049 861
0.3464684597772736 0.08761355438668132 862
0.3363543970374837 0.08927730757193063 863
0.3567203851606744 0.08548479566095822 864
0.3299810296882263 0.09935693844734486 865
0.324063440960934 0.08944753442119698 866
0.3197626710395078 0.1016459583806124 867
0.3133891915527274 0.09359087952015259 868
0.6947098695099623 0.09487158771464856 869
0.7037554411202516 0.09443880019875113 870
0.7050682651557414 0.08334916500227932 871
0.7148297134035368 0.08717399916479976 872
0.7170512839300799 0.08116084446010077 873
0.723245927464448 0.08897730819359782 874
0.7238788805574292 0.08070746910916804 875
0.7320784788580954 0.0915154071504215 876
0.7359999580980715 0.08121293425139009 877
0.7459270547570642 0.08910099582811365 878
0.7404458289956098 0.09626665852549633 879
0.7525799516874974 0.09535462743306421 880
0.7535228224414847 0.08380021673294462 881
0.7592679034295419 0.09109588642704 882
0.7620910017638451 0.07950090281907599 883
0.7677403498520587 0.08747445872032053 884
0.7622268797831684 0.09827600276420924 885
0.7709208283274743 0.09631227343268164 886
0.7784946284581633 0.08272664108405145 887
0.7812337414910731 0.09397789042491297 888
0.7904474024029574 0.08248477548729514 889
0.7920052777050981 0.09159858920811191 890
0.8003975008939523 0.0807228662043953 891
0.8023901366825594 0.08928020389172134 892
0.809998401585728 0.07833430074377237 893
0.8125583899122424 0.08656993956338882 894
0.7827136534574335 0.1057325015485154 895
0.7126515728929331 0.09580093504788131 896
0.6030891329847229 0.1053699244263296 897
0.8171235940379193 0.07591974610976709 898
0.824043857328395 0.08141302106504558 899
0.5634152853071734 0.1145260768970203 900
0.8252677159587858 0.09278397783740433 901
0.8366872151416502 0.08150351099343085 902
0.8361524030243852 0.09110764549456075 903
0.8444630972597519 0.08130269909870498 904
0.8480006377169379 0.08899070245741929 905
0.8457685675266142 0.1006041672237844 906
0.857919418580364 0.09201487604578519 907
0.8601967814250263 0.08540841038059779 908
0.8666949627396976 0.09206264183831576 909
0.8668712945663026 0.0833629108221647 910
0.8762017931018787 0.09106008190479101 911
0.8741568604521974 0.1007803311704596 912
0.883339452166266 0.1007906437434543 913
0.8858105357448063 0.09127454939328546 914
0.8917567284536776 0.1026742305813516 915
0.8888918927566202 0.1115356787001311 916
0.8994095885559242 0.1068211807243132 917
0.9025688627501965 0.09734214246416789 918
0.9097975729244719 0.1032086512547115 919
0.9587158756688812 0.3151499869412755 920
0.9566826722242832 0.3219219663798106 921
0.3146362720641431 0.08245838204569066 922
0.3071912337797567 0.0860787145418903 923
0.7593237560811086 0.2039391657639655 924
0.3140496967060423 0.3252051197716503 925
0.5809149197164909 0.0831303458156448 926
0.7787925379340063 0.1769014042814048 927
0.3476970268809766 0.2114029698886649 928
0.3405527243833565 0.2217320402417079 929
0.309922626467652 0.1040783267217058 930
0.2998722592438978 0.3010256750024996 931
0.9678948648981136 0.3175476737578959 932
0.9638678369711109 0.3271168951903322 933
0.3424824775440399 0.07971257246375982 934
0.3525270778736329 0.07757873065688473 935
0.3799709273953417 0.1075344546275513 936
0.2845907756706451 0.330860938165698 937
0.4351810642450764 0.1489221482704423 938
0.6105583809477761 0.07711882772076145 939
0.3094031512077658 0.07781561241245971 940
0.3026069249262915 0.07902318205017242 941
0.6691451621412654 0.07307428402830218 942
0.788447259624532 0.07439871545014443 943
0.7218985888855485 0.07240653395757399 944
0.2544558164787669 0.3368673040156691 945
0.4048604052489215 0.1817663377408933 946
0.9732200591747131 0.3273057675919668 947
0.9771469790978808 0.3210392524313894 948
0.9679163029087896 0.3371312578236874 949
0.9577794379776057 0.3397912461664327 950
0.3379937166447329 0.2134951823992029 951
0.3313006840472534 0.2235365259677889 952
0.3460266925976874 0.2028788209255749 953
0.3427543941211975 0.2300209758970371 954
0.3329287246180054 0.2315987974546729 955
0.2992485660524812 0.07152706377839257 956
0.2892319878360606 0.07324427927505542 957
0.2933164594181737 0.08105584036527366 958
0.2793919012356347 0.07525423626496747 959
0.2836206024688426 0.08318550503241588 960
0.2695891386979442 0.07735249264231561 961
0.2738201020062021 0.08536170865049179 962
0.2598054496452465 0.07958545909908615 963
0.3478887298312646 0.06964962954180498 964
0.3580951752255931 0.06751588899168356 965
0.2653264946099109 0.06935578306054407 966
0.2554978596977989 0.07152024367626522 967
0.3340617315362312 0.2403258401854756 968
0.3243190142422131 0.2419883760910422 969
0.2698846730786851 0.3070261092122499 970
0.3360899368130692 0.205018239297754 971
0.3350526297121668 0.1963353502843393 972
0.2501167889225736 0.08211697275758052 973
0.2459730345898525 0.07389637581603511 974
0.2953314039643044 0.06338890867473768 975
0.3056786106381172 0.06129729398463191 976
0.2513013110844043 0.06349758112326032 977
0.2417062284743144 0.06590794374707029 978
0.2374100683952421 0.07675584915150171 979
0.2325493059833463 0.06926938609176314 980
0.2306883446722373 0.08104475959081829 981
0.2246290893336655 0.07464262833140897 982
0.2187050973818663 0.08225571279809642 983
0.2104049581268299 0.0779282912832292 984
0.2064707913811447 0.08732686921670206 985
0.2008142078505258 0.07624527411715526 986
0.2030591626917164 0.06632933985977812 987
0.1924449978669481 0.06728700709587246 988
0.1908086506710887 0.07650277289526838 989
0.1825729867100885 0.06880282931517054 990
0.181422978794933 0.07711137950473901 991
0.1754860738116009 0.07037067659725424 992
0.1729290663637574 0.07683247195708198 993
0.1643270265031987 0.07558486651487897 994
0.1611006178546266 0.08507700449748426 995
0.1546898933776343 0.07506483039799391 996
0.1519828517451693 0.08480711153384145 997
0.1451905410417722 0.07550291383037 998
0.1428159376024198 0.08463908269506237 999
0.1368303547400597 0.07475805072228789 1000
0.1336441862125326 0.08366156593756098 1001
0.1228685863858323 0.08088239327178615 1002
0.1210202259639365 0.09299560124281261 1003
0.1109871412857011 0.08343139228275662 1004
0.111047337854274 0.09343758233328307 1005
0.1004724488818604 0.0855397430309023 1006
0.1010618568292873 0.09494641987920664 1007
0.09047877723375275 0.0879518446382626 1008
0.09130315777449205 0.09679841065119764 1009
0.08161245660775673 0.09024680980117082 1010
0.08220229289540049 0.09826059158605058 1011
0.09111472098909967 0.1057949968678619 1012
0.08160503653553031 0.1072502844621696 1013
0.09097731760800376 0.1147575260398996 1014
0.08149629447821249 0.1165560503607198 1015
0.08174292650696424 0.1252072149605989 1016
0.07511691557857025 0.1264682075554446 1017
0.08108250239059411 0.1335946500336108 1018
0.07280982590623486 0.1330500176029714 1019
0.07988705712467481 0.1426845374567822 1020
0.08722167017359261 0.07940671311885 1021
0.07811949165988175 0.08281428646362962 1022
0.0705459838947835 0.1426382277538542 1023
0.07975861512678328 0.1521406777974802 1024
0.09080823244301861 0.12357544616084 1025
0.06884436440797526 0.1549008501480378 1026
0.07337119222876498 0.1627279418111339 1027
0.1186857910349722 0.07331981458738776 1028
0.1562206503404054 0.06287108356444093 1029
0.07212332598593307 0.107303402937831 1030
0.06199291115666017 0.1644179712890132 1031
0.06947055582661732 0.172642683867272 1032
0.081897941619963 0.1701436806386048 1033
0.07538009951456281 0.179120191440568 1034
0.06428068026312173 0.1794955547264917 1035
0.07239077929705906 0.1851402669048882 1036
0.06723316504987942 0.195302898377917 1037
0.9776881818348907 0.3334013616938923 1038
0.9710374108331785 0.3463493759584992 1039
0.3216162873794624 0.2318440568320032 1040
0.3173389686583644 0.2431824097736061 1041
0.3243413573161724 0.1987494229117017 1042
0.2380261041423601 0.05774577337964334 1043
0.3234772383299083 0.1900233808991812 1044
0.3224372279925319 0.1814760153910903 1045
0.3333067927676544 0.1790788644975682 1046
0.3204421352851938 0.1730688470050744 1047
0.3308175437472949 0.170695223775878 1048
0.3278769990264742 0.162450926230991 1049
0.0595645266274536 0.1987639765306818 1050
0.06642564698493536 0.2067179400631283 1051
0.3537639046513209 0.05948291328213809 1052
0.3641406828273561 0.05737305685351843 1053
0.3685430724092852 0.06531472112784853 1054
0.3746890850411096 0.0551012247674231 1055
0.378910766091791 0.06315053724797492 1056
0.3852970455401342 0.0526048658842268 1057
0.3892461799951363 0.06097469874392064 1058
0.08233642330861746 0.07097128456197299 1059
0.07242869972650712 0.0749507730599327 1060
0.3179952188016534 0.1646406020077429 1061
0.3258732471970068 0.1541046491756035 1062
0.1189633252106472 0.1029467105104402 1063
0.2785452216277301 0.09331932827302641 1064
0.3959293205307894 0.0501081451730844 1065
0.3995409196230812 0.05880961567301593 1066
0.08262739724006329 0.1788625345476071 1067
0.05808305776616685 0.2054367817955665 1068
0.063930737075933 0.2163265481452939 1069
0.07298636874930176 0.2172657877000475 1070
0.06990910925248861 0.2271858611247152 1071
0.07890009272985288 0.2291659915163046 1072
0.07546430969246143 0.2387916616201309 1073
0.06689825127012594 0.2371225529775001 1074
0.07264610900230051 0.2472474522141596 1075
0.06477546971616888 0.2462350584242273 1076
0.07085869276712708 0.2529560677695162 1077
0.0794592365416098 0.2508132774217695 1078
0.074830114683337 0.2571833342411085 1079
0.08605085720394756 0.2561839452627004 1080
0.08067639358789647 0.2632035857605409 1081
0.07403188805307326 0.2692280343020929 1082
0.08020321271110364 0.2761396573614102 1083
0.0871244612587474 0.2700512183011895 1084
0.0840998994751605 0.2835418399773992 1085
0.09468530196975244 0.2793927861184425 1086
0.09378035956781394 0.2921264654018151 1087
0.1027704328757945 0.2940976949385252 1088
0.100464196968712 0.3032030333904546 1089
0.1108661393327156 0.2985240541554374 1090
0.1074147255397536 0.3071678274827463 1091
0.09896615818768906 0.3093451960312316 1092
0.1185680849561087 0.3041831694334191 1093
0.1145495404818896 0.3131905511190589 1094
0.1278685309353073 0.3105061050855802 1095
0.1220599475565198 0.3201802425280513 1096
0.1341340840419483 0.3197958509309316 1097
0.07829416087904617 0.2855317800005366 1098
0.1293878323993291 0.3267572905850767 1099
0.1385903392239731 0.324483636126853 1100
0.1168664568027257 0.3288770600077521 1101
0.1367666141242443 0.3307585561822836 1102
0.1450868658757286 0.3317365280876907 1103
0.1396117522921575 0.3136496751185869 1104
0.1434410176666486 0.341665154146898 1105
0.1533636880415515 0.3408732079646139 1106
0.1543789072327774 0.3504396602125778 1107
0.1633954638766658 0.3477035547803177 1108
0.1627055620171705 0.3396342333219603 1109
0.1693535266502457 0.3458156081262601 1110
0.1062115214635641 0.2839932454750974 1111
0.1426819916606838 0.3544361861812813 1112
0.06125141363992559 0.1409929352419118 1113
0.3129605694708272 0.2376879560240184 1114
0.3065677153648065 0.2433563572473333 1115
0.4064212525554884 0.0480895261291 1116
0.4096581523145642 0.05670349213818976 1117
0.4040096556852864 0.06699443682381276 1118
0.4141329743380134 0.06485366068354029 1119
0.4191442669886631 0.05458231369196961 1120
0.4238426954696759 0.06242860311197282 1121
0.4274763239657003 0.05198553204122591 1122
0.4325443612594577 0.05917221948575294 1123
0.4340318861024991 0.04808121868331833 1124
0.4398136164003658 0.05452063547886726 1125
0.4462332513259766 0.0483026468249943 1126
0.4531145199257699 0.05600018470856538 1127
0.1493240689200034 0.09404817711420863 1128
0.9843295343572724 0.3441567094928015 1129
0.9818114107690874 0.3554577835676694 1130
0.3347464893929207 0.2492038415133838 1131
0.3447934913236846 0.247301894187701 1132
0.4083515940159876 0.07501846718547933 1133
0.4384626327034173 0.06683279739220466 1134
0.3162052415815263 0.1560364846207666 1135
0.1671571194805225 0.3551495494778574 1136
0.1741828761098663 0.349733000667218 1137
0.3009993146292594 0.05297287880186935 1138
0.3102655261827447 0.05021229840819555 1139
0.1784630841319957 0.3419305582679046 1140
0.1868419353254835 0.3449909836879728 1141
0.460394350482521 0.05023947964403061 1142
0.4669037612920031 0.05856404160525669 1143
0.8335924025082849 0.1677709735725063 1144
0.8243389534560223 0.1600999273227273 1145
0.8362921669062247 0.1598078293130736 1146
0.8312743826174227 0.1546904966035869 1147
0.8376219163706871 0.1493704827680459 1148
0.8180393992688402 0.1532770977711923 1149
0.8252798732961206 0.1462713010990591 1150
0.8137936479317843 0.1488082716356681 1151
0.8159519648553474 0.1429764207442559 1152
0.8076173447499581 0.1425937875377876 1153
0.3615588355042771 0.0491671840235807 1154
0.8067836980723897 0.06976332654210365 1155
0.5933199518444375 0.2131050353492449 1156
0.4689039214662936 0.04604357944401982 1157
0.4748720600355446 0.05420504133506998 1158
0.4735985717363087 0.06644888129258264 1159
0.4812826776745091 0.06199238509948371 1160
0.4834177846175071 0.05077599442870492 1161
0.4896757845395052 0.05837638667052772 1162
0.49174251607665 0.04721145928708398 1163
0.4980795920586777 0.05470022835935354 1164
0.4996057073133405 0.04247391921874621 1165
0.5062954298470472 0.05033293521144236 1166
0.5460791566720383 0.1171463312381712 1167
0.6175096823165551 0.180786780432786 1168
0.7558176801512257 0.07178709543673514 1169
0.6324170625636842 0.2047832086404383 1170
0.6468121564109022 0.1010004885314842 1171
0.6786453653459102 0.1718646209705246 1172
0.6298446677020095 0.07761766837254885 1173
0.8174662180637362 0.0663823906508039 1174
0.8105381533823206 0.05707708304903406 1175
0.8235759027322598 0.05610241545751632 1176
0.6532846714128946 0.1760863507268972 1177
0.6854836539570934 0.0687703838358335 1178
0.6900201621598161 0.2011797350295721 1179
0.7074777753518084 0.1717764185059729 1180
0.70027929122834 0.1637720760029908 1181
0.7097726817675063 0.1625829556786868 1182
0.7026922189219555 0.1545960710535639 1183
0.712087859968529 0.1533099307034124 1184
0.7040079595535904 0.1457082589440841 1185
0.6952960613358226 0.1465995477690351 1186
0.713280857764415 0.1441655288910387 1187
0.6950872977346036 0.1390145840427536 1188
0.6894865339865748 0.1402533983491636 1189
0.583320653457398 0.1106070685519253 1190
0.848520326418184 0.2127584008011995 1191
0.8274588703139614 0.1363159157093971 1192
0.8695725823196208 0.2029547508521594 1193
0.8959158178483597 0.1160184587707776 1194
0.8645261920831492 0.07399599741578416 1195
0.8553364571352846 0.1010807057853117 1196
0.8729178011978751 0.07314518661549937 1197
0.8683430991966308 0.06403706818441451 1198
0.87629764081522 0.06660111697197379 1199
0.871840924566465 0.05469021100993246 1200
0.882546017805916 0.05683754555002304 1201
0.8867510357100775 0.06318872787169841 1202
0.8928932222409206 0.05400168261146268 1203
0.8930403027338119 0.06246023743506338 1204
0.8992319345910883 0.05332877085956911 1205
0.9028324959970033 0.06139734989495488 1206
0.9095691580685997 0.05214017829219941 1207
0.9168187292419897 0.05911062778354872 1208
0.9225277391388311 0.05149758209364894 1209
0.9295982898507824 0.05915880101444998 1210
0.9242110128661343 0.06655618911736752 1211
0.936492695144904 0.06683431465855252 1212
0.9360809241540184 0.05308521359905119 1213
0.9428783274483105 0.06088651041985468 1214
0.9431919883550985 0.07431968912594591 1215
0.9495987337645615 0.06846122565843926 1216
0.9498008447052498 0.08172259290814965 1217
0.9562510784099123 0.0759485826206798 1218
0.9495595802404917 0.0553145047502471 1219
0.8975675071213761 0.2303546487532275 1220
0.8865394223609029 0.1177632212851926 1221
0.8906339736844012 0.1250108155086042 1222
0.8811139956469753 0.1264997488740349 1223
0.8895527546283213 0.1334983286995571 1224
0.8995809886769531 0.1314417048681734 1225
0.8960292746799506 0.1407052408054128 1226
0.9068063865089946 0.1384366881598881 1227
0.9029466722902473 0.1476332241431563 1228
0.913665877421554 0.1457537534303913 1229
0.9096710044550194 0.1551724548557017 1230
0.9204631717839877 0.1532062140667802 1231
0.9237939753465676 0.143709431200433 1232
0.9305182681156066 0.1511597758725126 1233
0.927284606577409 0.1606623733710956 1234
0.9372263616780738 0.1586252948324209 1235
0.9405261276929393 0.1491508536872364 1236
0.9474409055686516 0.1567707010947489 1237
0.944015109927592 0.166116466691812 1238
0.9545063105684619 0.1644057904048269 1239
0.9509115745276681 0.1734747508006479 1240
0.9614963739911544 0.171404218065212 1241
0.9516214027635654 0.1475177311286084 1242
0.8843315479428455 0.1436116751239055 1243
0.2685670246365403 0.09575864993363166 1244
0.2734337908930905 0.1041061963796844 1245
0.09039021243445022 0.2479658856095027 1246
0.3117149247213139 0.1833964824898739 1247
0.1884828137804577 0.08577773708209842 1248
0.3450392865754179 0.2561581430344504 1249
0.3349709630118971 0.2580813583392545 1250
0.05764598580843949 0.2364708622420566 1251
0.05535930598969552 0.2464058571383204 1252
0.1220253156875243 0.2951255242419163 1253
0.879385777083972 0.2496538352931341 1254
0.3795520768848307 0.1425184146159464 1255
0.3722521493534748 0.2239652385321107 1256
0.5234624949016805 0.204103402107147 1257
0.9969191835678364 0.3346160538263286 1258
0.9047796064085566 0.2800706023569385 1259
0.4710761168069076 0.2122070853427602 1260
0.9230755738670705 0.2605021196232576 1261
0.4246538820764977 0.2449176755026976 1262
0.4229312067022423 0.1171523320982716 1263
0.4075282696332899 0.2916395157187832 1264
0.4140347426772123 0.2876756907266345 1265
0.4113088278222048 0.2959141880455777 1266
0.4168619560290977 0.2946200593156074 1267
0.4168364108551356 0.3021345332747085 1268
0.4254885295449314 0.3010404508110448 1269
0.4239417477672445 0.3101439093600502 1270
0.4338436982069093 0.3087440690708859 1271
0.4313093464054841 0.3187758383683038 1272
0.4429239158532601 0.3185122146316703 1273
0.4442199727544722 0.3070044749333014 1274
0.4539720447764536 0.3141337531990912 1275
0.4547010095065677 0.3052045604002952 1276
0.4614161086874227 0.3130097259104858 1277
0.4544523843803322 0.3225905985565315 1278
0.4650320724020044 0.3204029319617767 1279
0.4728874838350969 0.3128192634793523 1280
0.4767460972015567 0.3174994435596851 1281
0.4807440771485638 0.3084510750024655 1282
0.4829849516945285 0.3160076075375354 1283
0.4896942893210847 0.305278668527205 1284
0.4918014650276522 0.3137895172443393 1285
0.50011512176711 0.3004013449789372 1286
0.5019217321962798 0.3115513457242308 1287
0.5122126361902886 0.2998079918547368 1288
0.5126531116982591 0.309627057435857 1289
0.5222111541633402 0.2987559942116744 1290
0.5227517922534659 0.3076133594567262 1291
0.5293450716960506 0.2980807191276478 1292
0.5330870092640978 0.3051628024569991 1293
0.5402868036050088 0.2974920684759138 1294
0.5449736215676515 0.3018174224680135 1295
0.5423833027611109 0.3083362807734936 1296
0.5516087488222308 0.3087335227991289 1297
0.5538399737204525 0.299079533231225 1298
0.5616377822893357 0.3075335497444754 1299
0.5645600846128869 0.2975300949906862 1300
0.5716211580263627 0.3059529867258785 1301
0.5744888709731121 0.2961786312042722 1302
0.5815372803833881 0.3043854459588968 1303
0.5844269987206393 0.2945993376657781 1304
0.5917855294751457 0.3033817168639448 1305
0.5946971243425551 0.2931292767652411 1306
0.6044422045953559 0.3037698672804688 1307
0.6055088709231313 0.2913970945223404 1308
0.6171635491124297 0.2982776108134934 1309
0.6165164407057961 0.2888915079528327 1310
0.6279139634289348 0.2949744262929232 1311
0.6206607712157992 0.3068220012377421 1312
0.6306617715658476 0.3034707315819307 1313
0.6408169271795772 0.3009618773802677 1314
0.6383412662638672 0.2924840200214039 1315
0.6508368564904257 0.2986793448912241 1316
0.6484025040813715 0.2902564349973734 1317
0.660354958620657 0.2966907026791626 1318
0.6585018587131156 0.2885696572860901 1319
0.6674306530190056 0.2957996843656749 1320
0.6642824793992491 0.3044259854700766 1321
0.672274703134515 0.3013506246109358 1322
0.6794476297869825 0.297266885326785 1323
0.6869926565982286 0.2927943178334478 1324
0.6946245701595151 0.2883435385899817 1325
0.7020172890037196 0.2968777615814261 1326
0.7020778434441195 0.2838695665681243 1327
0.7092455184994267 0.292159425778692 1328
0.7097230782317525 0.3053265554649892 1329
0.716531865502022 0.3001722933979848 1330
0.7236461082801082 0.2955002301838791 1331
0.7298131211201061 0.3024118072029809 1332
0.7316141296537376 0.2918111949627439 1333
0.7369492565567684 0.2990621807572103 1334
0.7403839898352644 0.2889747745852373 1335
0.7454325600123055 0.2966179992249015 1336
0.7400448342955859 0.3060724594577715 1337
0.7485986128804479 0.3044346769877817 1338
0.7547407640366 0.2944429762871625 1339
0.7579734968902284 0.3026845876903282 1340
0.7647752712530997 0.292474844389467 1341
0.7681171083330451 0.3012951446873172 1342
0.7753507413510371 0.2902374330570184 1343
0.7810174743598144 0.3006365144895905 1344
0.7858893886133398 0.2869815635773498 1345
0.7923666418854952 0.2953603247783991 1346
0.7890888181471065 0.3057711987732112 1347
0.7993573481870798 0.3028894813662329 1348
0.6787323001005485 0.3091251966529671 1349
0.7599364921274364 0.31107861062684 1350
0.5885736414368066 0.313642490324002 1351
0.6342233042183631 0.3119744346578431 1352
0.7955764388772548 0.3147269984007542 1353
0.8063308977932935 0.3103260985354987 1354
0.7971865405101459 0.2818957148001577 1355
0.5589118337614549 0.3173412258288346 1356
0.5138135004173559 0.320827258135244 1357
0.8056391634681137 0.3185952345774228 1358
0.8162539350755902 0.3165090728125441 1359
0.8131992220520073 0.3084316321650946 1360
0.8258694574477898 0.314332707262531 1361
0.6474608637496599 0.281550248918846 1362
0.7698584123265781 0.2812731540000114 1363
0.818232243490563 0.324473223997626 1364
0.828055195069677 0.3227811495784888 1365
0.7343055016358435 0.2813799779806836 1366
0.8223724272838048 0.3058740755431959 1367
0.4830368398948539 0.3239772528754869 1368
0.8304711220252927 0.3310830630962178 1369
0.8394457914406033 0.3292681377895101 1370
0.4213482930243736 0.3196957548216511 1371
0.4279525874597004 0.3287790506524566 1372
0.4182931480535935 0.329346791875625 1373
0.5972109391873883 0.2831776694698095 1374
0.5675477209755213 0.2874645361766729 1375
0.4245289043373734 0.338422188182588 1376
0.4151107162042802 0.33897835876084 1377
0.5225160696287769 0.2894977669099273 1378
0.4871232759490369 0.2974102039980088 1379
0.8339941905400738 0.33909445469063 1380
0.8428056379561719 0.3364015261414751 1381
0.8454702042411034 0.3279320288663261 1382
0.8496494730648069 0.3323332977301707 1383
0.823904474966126 0.3411150064519836 1384
0.8549170313847375 0.325900532480494 1385
0.8619601424391055 0.3321799602494274 1386
0.8555928673170001 0.3387602761467476 1387
0.8691870454144321 0.3369923527105133 1388
0.8680511000897643 0.3260067420286059 1389
0.4215609464891302 0.3478161861458184 1390
0.4122054126506928 0.3484888808007351 1391
0.8280757941514214 0.3496158789634185 1392
0.8174284091659596 0.3518811179452161 1393
0.8639162207912412 0.3469824132486202 1394
0.8760220303186763 0.3482489620958205 1395
0.7930147326516586 0.3210712193062918 1396
0.8614362827732123 0.3167959200651473 1397
0.8718906893043958 0.3138051042706801 1398
0.8619864066650915 0.3079415210080073 1399
0.4304999999830039 0.3479565712213645 1400
0.4275498712724796 0.3568764404151175 1401
0.4392127630760634 0.3488196922094129 1402
0.4056942874983399 0.3391032232578831 1403
0.4024988707800988 0.3488703316269338 1404
0.8203197001449339 0.3605755309632092 1405
0.7880711300534612 0.2744125597748044 1406
0.8003695095242901 0.2743043595978965 1407
0.7955456524622488 0.2668951575964542 1408
0.8069973483814946 0.2652134383566333 1409
0.7968878396184352 0.2561988680973354 1410
0.8061113198346148 0.2564010070526139 1411
0.817195331393211 0.2638675041331368 1412
0.8156199754270583 0.254973178419857 1413
0.8270647702203439 0.261859187830993 1414
0.8251767796522 0.253311604147576 1415
0.8357557951004961 0.2598700997521236 1416
0.813451678848073 0.2466503081863274 1417
0.784856704807652 0.2634176972058574 1418
0.7862239617992579 0.2528477199723964 1419
0.7758648354545457 0.2543429941033966 1420
0.7813019201679783 0.2456656547736589 1421
0.7745146222832859 0.2463736437891265 1422
0.8065987582111215 0.3542258477461559 1423
0.8093339471871134 0.3626445260143511 1424
0.7959186776262746 0.3567854179650263 1425
0.4101445695947923 0.3576920355037884 1426
0.4000126245074096 0.3589041027171578 1427
0.3930066027793518 0.3479699346157921 1428
0.3877148243812797 0.3591853809966433 1429
0.3820604464407403 0.353317969582099 1430
0.4249115457643796 0.2925998563576174 1431
0.8780702174901038 0.3390371850934281 1432
0.8849013236522775 0.350555876085093 1433
0.8903155402511255 0.3405618289878296 1434
0.8986525988248144 0.3491615365237822 1435
0.8922389729554427 0.3558219272180798 1436
0.9046416486106459 0.3558028717434987 1437
0.9022219091785805 0.3358133693500484 1438
0.3899880433088901 0.2573300252401777 1439
0.9442095095955965 0.1395985120327771 1440
0.9573145242215806 0.137155175065557 1441
0.9562523235583189 0.08893896956863684 1442
0.9626930369522597 0.08338437039352671 1443
0.94785271485364 0.1296353829445233 1444
0.9589863091096196 0.1246465762261217 1445
0.9646269774293169 0.1356685096457006 1446
0.9668384181851623 0.1287974096485636 1447
0.9737751225009916 0.1336314358519917 1448
0.9408044401312949 0.1755624631063444 1449
0.9476112765993592 0.1828927674827724 1450
0.9376175379730861 0.1850368284672345 1451
0.9443645365323481 0.1924226047438176 1452
0.9343139530729471 0.1944116636202179 1453
0.9410374253231397 0.2018246157930998 1454
0.9512690167093996 0.1996138425849841 1455
0.947873940700059 0.2091833994222583 1456
0.9587057940529011 0.20643889785568 1457
0.9549841545585634 0.2164484077249824 1458
0.9680312531884651 0.2133270236427977 1459
0.9619670526299371 0.2238594156477865 1460
0.9719862562318037 0.2219886146455586 1461
0.9678104506651322 0.2318538984110648 1462
0.9799694377479464 0.2295397870722164 1463
0.9751461245323495 0.2393190401465765 1464
0.9821238189364037 0.2381393490955875 1465
0.9704086046761426 0.2001702070540287 1466
0.9650316704633903 0.2407452339878931 1467
0.9741281930843904 0.2480033912297447 1468
0.9373842452317556 0.2107798940930625 1469
0.9275127361667088 0.1869855101933744 1470
0.9509973891698502 0.2256414178320199 1471
0.9724763032856188 0.3555020381313316 1472
0.8980029187726725 0.1554111854493713 1473
0.9789192976659639 0.2209706609217327 1474
0.9631130985648482 0.07041370707766734 1475
0.9698764099838886 0.0780320554248069 1476
0.9784413874432689 0.1266994321985003 1477
0.9830658472267079 0.1316056596444227 1478
0.9809786780417727 0.1380871078094335 1479
0.9895911982802429 0.1412617752442746 1480
0.9863198573252356 0.1507997439240795 1481
0.4937955616156776 0.1267468531462697 1482
0.4280576360943574 0.2254283193659878 1483
0.5016179271526182 0.232679640885671 1484
0.5776879066659445 0.1898288933046837 1485
0.462396189725323 0.240737222540484 1486
0.5475131982855802 0.2274721238509969 1487
0.1391147745794017 0.06853686774992912 1488
0.4626349803374858 0.33173235365521 1489
0.337744839379655 0.1597807826775909 1490
0.5033645696859285 0.2904316605401706 1491
0.4093483412083633 0.3012275767921703 1492
0.2350325294055984 0.08582272299003503 1493
0.3158772871053118 0.1118296625415034 1494
0.3063183487134863 0.1142452415611369 1495
0.08238303152118331 0.2190996943590067 1496
0.05904639456755212 0.1868736503712302 1497
0.0920027444966447 0.1682287354528016 1498
0.2492489403249722 0.3108761594582143 1499
0.6210006202734126 0.09999415240796893 1500
0.6805971219422746 0.284305240412529 1501
0.923648492518504 0.1961309990468875 1502
0.9164089825831607 0.1887727311413155 1503
0.7476593671759052 0.1014850323182141 1504
0.08948129924006976 0.1414028703606991 1505
0.05645416006667281 0.1591980728549974 1506
0.8098233770233429 0.1337246791550022 1507
0.8000917190806076 0.1347396636354968 1508
0.3134844161027842 0.201376578658563 1509
0.7345481635096356 0.2002900414018404 1510
0.8757634577173068 0.3569973255384706 1511
0.86635657060934 0.3584797744323807 1512
0.09391200109930753 0.2224051076901079 1513
0.3767299852142143 0.3634520224929939 1514
0.3754054967534928 0.3551049313370246 1515
0.8683803018673257 0.3056037005705974 1516
0.8634657778295449 0.2975296941315608 1517
0.8160925431338515 0.05045744673479571 1518
0.8276450254770686 0.04680614141079892 1519
0.806429963337474 0.0513363669660255 1520
0.8135066475955979 0.2010427833288544 1521
0.1835425949017749 0.3564948576891306 1522
0.1951997476885984 0.3560786623748792 1523
0.07753710654186263 0.06230865925173362 1524
0.08745844037407124 0.05914775945251238 1525
0.06677596179897294 0.06587490742477714 1526
0.0639411084088839 0.08125697240945445 1527
0.5149757315093267 0.04589083677886666 1528
0.5211578341545106 0.05423143443804854 1529
0.7988861684847066 0.365201518450181 1530
0.7853084919256488 0.3593129472222807 1531
0.7876410071281367 0.3699015858647478 1532
0.7749467333929643 0.361323116528532 1533
0.980818944782631 0.3619922569520381 1534
0.9742205716254612 0.3636547578632652 1535
0.2630114957325059 0.1063866912265711 1536
0.370128224384095 0.3647745818343461 1537
0.3655208745711928 0.3583285752926885 1538
0.149641366978523 0.3642508244035946 1539
0.9776387302024077 0.07199607349997611 1540
0.9853097728763948 0.08036858463741192 1541
0.9840765326610014 0.1202855880106872 1542
0.4356527325516696 0.3583460736120093 1543
0.4444100839007046 0.3599565506061624 1544
0.05061125398822397 0.20222187274312 1545
0.8991440775901361 0.3621091189660242 1546
0.9086313934806016 0.3601721728373568 1547
0.9114785762306274 0.3517313152577839 1548
0.9143730133381595 0.3588699852265472 1549
0.894038258868914 0.04534214159354996 1550
0.874956877004591 0.04496578667473414 1551
0.3721763755964087 0.04684550174837468 1552
0.4300935020687158 0.0437580067667028 1553
0.992954452871897 0.3495975274341759 1554
0.5246388836332452 0.04233337830378731 1555
0.5300594286082124 0.05059526773476591 1556
0.3003229702984801 0.236906971993234 1557
0.3003717049619793 0.2489465752376628 1558
0.3053590477555796 0.2538076381243911 1559
0.2937320727990704 0.2541464387362944 1560
0.77561009698367 0.3704275432750865 1561
0.7655325077732245 0.3629585055495194 1562
0.77153102420327 0.3530306257729725 1563
0.7622704035101807 0.3555653116544527 1564
0.7589674698681785 0.3640218713800375 1565
0.7547035993278273 0.3593175695231456 1566
0.7486915743441982 0.3643864755111084 1567
0.7436166612299711 0.3601027186718925 1568
0.7457524542341293 0.3526423234599203 1569
0.732580792733682 0.3533456896943274 1570
0.7347621607806128 0.3641678970965972 1571
0.7209556536758828 0.3549965006427302 1572
0.7217744383092615 0.3642640255916062 1573
0.7110228529104983 0.3654017349698455 1574
0.7096749325522609 0.3568813292996874 1575
0.7013649021870806 0.3670740774911967 1576
0.699153385743059 0.359109365902759 1577
0.6964494269991821 0.3506400969858567 1578
0.6883720286915136 0.363515381625986 1579
0.6843455040082013 0.351482740590337 1580
0.679047599789771 0.3634373299246347 1581
0.6746762211783182 0.3571859919210587 1582
0.6665983753278593 0.3619719072402328 1583
0.6602511779616652 0.3538758499378384 1584
0.6678138376235351 0.3490457721977384 1585
0.6533635922057044 0.3458398535561863 1586
0.6523888322785754 0.3580427389412808 1587
0.6459074411677427 0.3502144751364513 1588
0.6445085402776174 0.3621329326667857 1589
0.6382734792587783 0.35445886847029 1590
0.6370003018010171 0.3667885656389134 1591
0.63076401857875 0.359045021481222 1592
0.6236993065988501 0.3642289943579417 1593
0.6171488314905799 0.3562010031665956 1594
0.6246765064644573 0.3507544806603266 1595
0.6102236627135056 0.3479768894271159 1596
0.6105834352548309 0.3623231596039811 1597
0.6036551663051603 0.3544926939080855 1598
0.5974869295152073 0.3608009324393932 1599
0.5901827024378663 0.3531229385706952 1600
0.5918837386298164 0.3676430288899236 1601
0.5842514608375028 0.3604054329024698 1602
0.5794829605585446 0.3686940424752417 1603
0.5709856819254013 0.3643467937703073 1604
0.5683455649813821 0.3729072788268708 1605
0.561366908097913 0.3631454577201348 1606
0.2142689801970457 0.09109080651059703 1607
0.3601032823748411 0.3682539177687166 1608
0.3519263774757894 0.365252152353861 1609
0.1700681004286617 0.08567503154853687 1610
0.1374090106456578 0.363188838090295 1611
0.04732469502600845 0.2111441419830269 1612
0.1886943045379619 0.3678870159900599 1613
0.1980374084502439 0.3644163389083599 1614
0.5349389584535867 0.0394191948777167 1615
0.5396176030028924 0.04765893200404861 1616
0.9151851266700189 0.3666321538049948 1617
0.924286194473018 0.3652394349933379 1618
0.6499839735858053 0.369683643496992 1619
0.6922753321825669 0.1320527147764333 1620
0.6857718871390254 0.1360982054641928 1621
0.6812321682745212 0.1421861905128304 1622
0.6746263634324314 0.1366640135213134 1623
0.09433344567215496 0.1789219324843686 1624
0.1018790164254111 0.1656592608098224 1625
0.6604669368386269 0.3410123577217084 1626
0.5741279847751478 0.3531323872297504 1627
0.6029323426904958 0.3403946579923687 1628
0.693649507563229 0.3426660402384256 1629
0.7401416504405829 0.3422116741876534 1630
0.5358488414993643 0.05840506634459 1631
0.5448482455894934 0.05556013210459534 1632
0.5494217529067039 0.04526131805530489 1633
0.5542849879497962 0.05320187454995201 1634
0.5592148889214212 0.04315396997932722 1635
0.5638609250798667 0.05104925520175141 1636
0.5687850076818213 0.04106859280181147 1637
0.5734876040077378 0.04882011031999911 1638
0.5776981760633347 0.03851464965605386 1639
0.5830556121600325 0.04613574735838935 1640
0.5848465604706845 0.03410085731472312 1641
0.5934337878173674 0.04291374363645126 1642
0.0480319135124474 0.2350403345687549 1643
0.5044988919648615 0.06222332613310003 1644
0.8627030431184138 0.05355727390736367 1645
0.7723669614940227 0.2382495482012137 1646
0.7655948256286834 0.2394278206903646 1647
0.7645666912059941 0.2479084563314899 1648
0.7552908378130225 0.2439723426787247 1649
0.7520423813386052 0.2528910344032477 1650
0.7467685287499132 0.2413256184424797 1651
0.8306204475433636 0.2702463551015297 1652
0.8391110319279946 0.2669694714732069 1653
0.9510795050561375 0.1194919987238786 1654
0.9445470519882757 0.08874660763397058 1655
0.3021332383721669 0.2615926068323204 1656
0.2916901769008475 0.266673038339348 1657
0.4801696128208057 0.07400923088757502 1658
0.4269403424830495 0.1063746840012798 1659
0.3550384402968967 0.2542545868035119 1660
0.4172513663637739 0.1094530249049018 1661
0.9403945437179131 0.1224618606586352 1662
0.3513238099473043 0.05105751838357037 1663
0.3834464168795706 0.07114179631776871 1664
0.3840864683068056 0.3463137233696187 1665
0.3659087404668443 0.3493653123872318 1666
0.7986451291381755 0.1440262750783637 1667
0.7903047706005122 0.1363286400648287 1668
0.1785403330676226 0.3720506542513333 1669
0.6703145091346209 0.1451529697163608 1670
0.662620394008794 0.1401751236825289 1671
0.8252855087075778 0.1024871527512076 1672
0.8091468650244956 0.04539994277646497 1673
0.801756040852581 0.04127106929320959 1674
0.8229879563686857 0.2448740295817342 1675
0.9849824355006397 0.06434547273693819 1676
0.9983334355057657 0.072030319621357 1677
0.9763268493837108 0.05765417826932964 1678
0.9104360235425515 0.1982578690281749 1679
0.9042213604916142 0.1885916221274697 1680
0.9198210276466955 0.3489319156992359 1681
0.8708114399432068 0.2923336285315513 1682
0.864177174695795 0.2844222458443492 1683
0.8783017692429569 0.3017126625733451 1684
0.3486602610578189 0.3742129804587102 1685
0.3431641353291348 0.3632801358635075 1686
0.04327526080754929 0.2467349343508774 1687
0.3068848776275226 0.04303879676589012 1688
0.2982550236378471 0.04470414420699342 1689
0.3128718964806951 0.04167973227934768 1690
0.5602764522242194 0.3720386461937646 1691
0.5513025894888578 0.3641453161754143 1692
0.5517858458604203 0.3552957047589239 1693
0.5415678481175241 0.3660703456845664 1694
0.5414933626690985 0.3577146303990926 1695
0.5345992359490456 0.3681306607637612 1696
0.5298282592421261 0.3627662124021687 1697
0.5237525361585876 0.3743960139963878 1698
0.5180027832403674 0.3631622475981389 1699
0.5144706283286095 0.3737195923923915 1700
0.507773361129749 0.3642700476749313 1701
0.5315927664550709 0.3508333793289742 1702
0.5102213674623776 0.3541014338588393 1703
0.5000573013701175 0.356034439162826 1704
0.4978418382800581 0.3655032666433922 1705
0.4907655220318791 0.3574082977235438 1706
0.4883882953390751 0.3662376454397626 1707
0.4825530060461217 0.3570795115184503 1708
0.4794523343674117 0.3659253615871698 1709
0.2301556452378524 0.3011329302099752 1710
0.05376127889840787 0.07185580638604944 1711
0.06325573725304601 0.05562979704247017 1712
0.8656944631986716 0.04423350109426119 1713
0.8210252874028464 0.3697667376117532 1714
0.3506082007421711 0.04232040478589078 1715
0.7178902872214692 0.3464444234615024 1716
0.6398430265565307 0.3428810885097199 1717
0.09501334661673311 0.2096577070778262 1718
0.9780556603776324 0.3714268499689004 1719
0.9883731702268294 0.3670993594379502 1720
0.8196524336800141 0.2365038679819314 1721
0.4092362545000771 0.3666028831691157 1722
0.2014153216869874 0.3554575944469642 1723
0.2052591473753611 0.3603684363400516 1724
0.1811592775270915 0.3326741971962042 1725
0.8039484847849063 0.097924129459566 1726
0.04814231979740735 0.08517491847500516 1727
0.9605128132724428 0.2490205507803681 1728
0.9676375850618333 0.2562778573665986 1729
0.9782842363065132 0.256098539508996 1730
0.9750688588585938 0.2624249016447718 1731
0.9836874246377618 0.2665238868157744 1732
0.9805986833037111 0.2760938991228833 1733
0.9948028842776908 0.2705494445234182 1734
0.7664617850805746 0.3451848489516846 1735
0.9763004445640454 0.08599712801003782 1736
0.351572064193721 0.2907302955659631 1737
0.3113914242928733 0.1219112310975467 1738
0.3027314818932094 0.1245401117038301 1739
0.3457828268106545 0.354073172478735 1740
0.3371213822626477 0.3524171576179096 1741
0.334205499061387 0.3615833104648262 1742
0.3249862684357467 0.3603890820257299 1743
0.3226747141677907 0.3698120956923517 1744
0.315390146721036 0.3607462274872726 1745
0.3139899438120767 0.3701547637564033 1746
0.3056347787391157 0.3622498835030623 1747
0.3042981726547479 0.3718745318115175 1748
0.2958021100491047 0.3640331640466601 1749
0.8690133495104969 0.3674436937105791 1750
0.8594653911403953 0.3700751828579425 1751
0.4644669523930407 0.03745660565293851 1752
0.08455047182353104 0.05106821670472975 1753
0.09143532819534128 0.04989715562595884 1754
0.4860833780146261 0.0397877045281641 1755
0.6843701932379477 0.3735102180004944 1756
0.8416062963383493 0.2586679653419574 1757
0.3937058471875885 0.03913981539879804 1758
0.5990630275183914 0.3753695629969063 1759
0.3760952965793795 0.3724780876774267 1760
0.03954486942211122 0.2068850791642969 1761
0.7005346458790509 0.1293320714358697 1762
0.8052622717599198 0.03267931694624496 1763
0.7941997433563767 0.03718851254293096 1764
0.7300718956755206 0.3749216046084027 1765
0.7105101421920335 0.3742339515848759 1766
0.4405707243355305 0.3705828917790894 1767
0.1047439074647728 0.17410640695691 1768
0.687569520704155 0.1250583745794052 1769
0.7917273073636611 0.1770937746740826 1770
0.7896356477228887 0.04388746048760225 1771
0.7851751779133539 0.03974118779546296 1772
0.7828452237386107 0.04838733530517611 1773
0.7794779561091399 0.04127282826003739 1774
0.7441380366661804 0.2498918689093299 1775
0.7361004475343922 0.2480393282672396 1776
0.7378631226683985 0.2396624719353264 1777
0.7282268282832267 0.2393115336225694 1778
0.7275762932874853 0.2479675508369823 1779
0.7183667632845621 0.2404142881928666 1780
0.7184207041009765 0.2492525021924754 1781
0.708628731168658 0.2421561692105383 1782
0.7088419251399273 0.2511517473073878 1783
0.6988448401791126 0.2441722348930726 1784
0.69878643972606 0.2534426291731811 1785
0.6889450962194207 0.2462482519716239 1786
0.6879664665312851 0.2374450778828623 1787
0.6780850991211037 0.2394792522252671 1788
0.678781054502349 0.2482986586593515 1789
0.6682194125399555 0.2415091339928036 1790
0.6688694910497479 0.2502744487482497 1791
0.6584240077256021 0.2435336403455527 1792
0.6590709152597355 0.2522743969955856 1793
0.6486692389322839 0.2455687421645485 1794
0.6492640655203497 0.2543257838018126 1795
0.6389163906994456 0.2476202952602759 1796
0.6456059288621138 0.2373717842242414 1797
0.6358551140914126 0.239413880985734 1798
0.6291749934537865 0.2496722417540193 1799
0.6261003013379181 0.2414598842664734 1800
0.6194277389179351 0.2517141406932849 1801
0.6163491621575963 0.2435045347270575 1802
0.6096638129397621 0.2537364347022368 1803
0.6066269304826469 0.2455630862671923 1804
0.6000541762614664 0.2557132463368919 1805
0.597137501750847 0.2477039037453256 1806
0.5910178829767718 0.2575221379406715 1807
0.5883746075708198 0.250113792395115 1808
0.5844387579958983 0.2585352842579982 1809
0.580691680864234 0.253404260500248 1810
0.5733407781258892 0.2577465000764214 1811
0.5673672481505335 0.2503535103929385 1812
0.5654527721270931 0.2623550610773943 1813
0.5591388926729443 0.2549097859125116 1814
0.55863594103105 0.2677422593307371 1815
0.5494554315174548 0.2609507637818512 1816
0.5457786418877298 0.2713799707157631 1817
0.5400892106124349 0.2607126635452086 1818
0.7838790116226217 0.2382666220834126 1819
0.788876854517323 0.1462372566449243 1820
0.7801530742045184 0.1376253552322473 1821
0.7782319732429615 0.1483792386503346 1822
0.7683117818508036 0.1379255801978447 1823
0.767170275989173 0.15005789107075 1824
0.7570424457279079 0.142625521832004 1825
0.7633465281230123 0.1323072969760344 1826
0.7564210944237302 0.1339261068927368 1827
0.7478692193004614 0.1450031499985318 1828
0.8446807874096937 0.1564815961349278 1829
0.8485963792884568 0.1491025438472187 1830
0.8559730948812494 0.1568183884043947 1831
0.6199826254740299 0.260512717410663 1832
0.9684476665113724 0.3740384825673816 1833
0.9652341455658832 0.3656147186636817 1834
0.9584539349570775 0.3764709612548485 1835
0.2941254556563515 0.3735579346238203 1836
0.2859081526731643 0.3658718721401982 1837
0.2841562150295661 0.3750705577950212 1838
0.2760964911028063 0.3677106091357006 1839
0.8565837671746299 0.04371375388716847 1840
0.5586086801692109 0.06112505785004546 1841
0.8358031743188932 0.05043252731939576 1842
0.5877969682380237 0.05432265460707097 1843
0.597753165791031 0.05156439019500741 1844
0.6028759502562157 0.04113801223880689 1845
0.6088430619878178 0.04701555071544908 1846
0.6133247642582034 0.0380488595032612 1847
0.6178303469865036 0.04697090740058013 1848
0.6206664547790335 0.04085210472453338 1849
0.6283753779969844 0.0432111526295306 1850
0.630369628151952 0.03702341242708629 1851
0.6369597571781194 0.0438130687534434 1852
0.6367400037736437 0.03557136287279716 1853
0.6463866361227411 0.04255386856120466 1854
0.6412650659561597 0.07229382389563088 1855
0.658557282219276 0.2074900463936825 1856
0.7023680159365202 0.3099663403187164 1857
0.6964412693483863 0.06369011806576722 1858
0.6875220420932417 0.06156004176767033 1859
0.6997209248400871 0.0530894089664351 1860
0.6906005717337946 0.05131044996720568 1861
0.6817033600578648 0.04945882672229529 1862
0.6846868325430443 0.03869395925586308 1863
0.8456707748643861 0.2630706316995878 1864
0.8569361417451153 0.2895177255323929 1865
0.8174818233162804 0.2976324203991818 1866
0.8361358036798743 0.2781878543553076 1867
0.9718146140730292 0.1186524714180876 1868
0.3063168054143824 0.2309118799573333 1869
0.2955908963218892 0.2323946088473803 1870
0.3160681188144684 0.05800624414736358 1871
0.4668045123778112 0.07204264748057657 1872
0.4734664053953118 0.07978094634597951 1873
0.4862359196644025 0.08098042267275629 1874
0.4598041009506125 0.07757435024899142 1875
0.4171391952384826 0.2771277628492309 1876
0.9101828069552271 0.1290366751995069 1877
0.4050678337146272 0.1637968543335588 1878
0.401145653393137 0.2092510196091612 1879
0.4364017396149685 0.1032685627008442 1880
0.4058205290269923 0.03852191900340454 1881
0.4443062466201116 0.1470950704564741 1882
0.4347769886905547 0.1577432571066373 1883
0.4443828033318985 0.1554754533965569 1884
0.4439337171327212 0.1646621042747985 1885
0.4537502899703553 0.1633152071415945 1886
0.4524885220429617 0.1727332401319963 1887
0.46101688760117 0.1729915407963097 1888
0.4434685385845226 0.1739281058154161 1889
0.4594914980030009 0.1796789836136706 1890
0.469883226398082 0.1740100537512907 1891
0.4724790037299932 0.164282720819699 1892
0.4797711875517184 0.1738242068010735 1893
0.4816741095987145 0.1642592733926605 1894
0.4899341784987479 0.1723969290812819 1895
0.4911794233908602 0.163195106142651 1896
0.4998121228253892 0.1706547732963958 1897
0.5009171700646017 0.1615715856174975 1898
0.5093866612444095 0.1690069471779935 1899
0.5106968357057728 0.1600146288392373 1900
0.5182764273058185 0.1681472294161434 1901
0.5203242262170409 0.1593593949669726 1902
0.5260910460065502 0.1691862215698369 1903
0.5293610839893514 0.1608033265234984 1904
0.5374728390113738 0.1643283871842909 1905
0.5421809466794866 0.1565277504440011 1906
0.5470658644178652 0.160413346205932 1907
0.5478925557166878 0.1498858559477437 1908
0.5544327287486882 0.1566482067045977 1909
0.5581078515565323 0.1492908000514385 1910
0.5647910104910588 0.1563696298765735 1911
0.5646344654244048 0.1476618969417178 1912
0.5745774886507797 0.1543677440017934 1913
0.5741253479863407 0.1448170703874564 1914
0.5849177918865832 0.1520128572168202 1915
0.5859869698524137 0.1399094346062204 1916
0.5953822082082801 0.1502625550227557 1917
0.5978894934702842 0.1400582547539395 1918
0.6057164298791804 0.1492298495294011 1919
0.608143576566733 0.1392950157609429 1920
0.6173242006434043 0.1490793564996487 1921
0.6184831139740311 0.1377352159277218 1922
0.6285113173498817 0.144596045250884 1923
0.628814984812206 0.1354892953981169 1924
0.6377428789406443 0.1422381626393131 1925
0.6384101350262175 0.1336536025146418 1926
0.5346180172757615 0.1496596748028073 1927
0.4835338049629399 0.1553433563182092 1928
0.4294967456316146 0.3692035450177352 1929
0.3770447667154282 0.3117820623576048 1930
0.09757930151034477 0.2535194897295699 1931
0.1016059017173697 0.2453911628884674 1932
0.108352079453705 0.2493967306295254 1933
0.3552553512608508 0.1306632951262126 1934
0.3659020156438211 0.1987672535624341 1935
0.4306345771893753 0.09572786450092795 1936
0.367075786838707 0.08329691098721698 1937
0.3449737796827274 0.1330639365947933 1938
0.4906192993798537 0.1812880419248909 1939
0.3575950757118778 0.1395381902717577 1940
0.5335603218995628 0.1725750285959746 1941
0.3271082644583534 0.3487612083425492 1942
0.2962188536588392 0.3549482779009508 1943
0.9129798628731679 0.09358604963048488 1944
0.9198851998597279 0.1005724873417827 1945
0.1006145750611278 0.1840935235442855 1946
0.1891246001195924 0.2961881456336444 1947
0.7496299585693134 0.2589772295741553 1948
0.7197780205981517 0.2576951468594714 1949
0.7361352729446593 0.1036125957844015 1950
0.6675557880544327 0.3360827106496973 1951
0.8005158260030232 0.3731859862581169 1952
0.9155017341242172 0.04441634119238602 1953
0.9218252474122569 0.0373239405981278 1954
0.7778781907445826 0.2278212085588944 1955
0.6586417264041817 0.1502446695744937 1956
0.9610853849153201 0.2638428520374139 1957
0.2983006967669221 0.2264055001757906 1958
0.552671544577348 0.3462405162841884 1959
0.8556234780523072 0.1482961374561275 1960
0.8546017351700501 0.1401071508111849 1961
0.72159344172594 0.152375405126273 1962
0.865766558907566 0.1555674788746436 1963
0.7467238988904801 0.1363018771229646 1964
0.1052777639013951 0.2183569973160961 1965
0.5835071953296997 0.2428315686565676 1966
0.5006907701657465 0.3469238943988104 1967
0.1878118303106089 0.306835592084317 1968
0.1832292887526177 0.3020163210489814 1969
0.1761814104834065 0.3098344518968621 1970
0.1723916916408598 0.3023299286550286 1971
0.9900146621800763 0.05564022215090991 1972
0.981890648349682 0.05054840314429607 1973
0.05523023365736535 0.2562477998617764 1974
0.2878560035913477 0.2471511482929534 1975
0.2652782523245286 0.114929034620481 1976
0.2662789913569614 0.1238577242140519 1977
0.2556758768734617 0.1079289304187279 1978
0.9252072074111625 0.3741196303800898 1979
0.210395669670781 0.3540855648793584 1980
0.217547833808469 0.3607865576639763 1981
0.2107909660153864 0.3678240754919842 1982
0.2246456361759359 0.3678999426759168 1983
0.1655417382398199 0.311856471148443 1984
0.1656257096926786 0.3029833205868332 1985
0.1895335279502213 0.3352291772813179 1986
0.2976948142041734 0.03608210810990359 1987
0.287792805904351 0.03692267048943754 1988
0.2305813832998691 0.36149752184947 1989
0.2342437241773145 0.3666823345560394 1990
0.6456994369174049 0.03375606720685545 1991
0.04433960225622813 0.2570061961669333 1992
0.04427219082972345 0.2673438422835915 1993
0.5087100196733714 0.03512335645186496 1994
0.8127215767106417 0.03703598721710083 1995
0.6299478537229073 0.3719273714860853 1996
0.6236450644273002 0.3772167246992989 1997
0.1309423802399357 0.3507608151201795 1998
0.1280067938122621 0.3641643452662799 1999
0.116908406030934 0.3564523187565285 2000
0.1113996103972834 0.3652774643105202 2001
0.1060032182044579 0.3587808399552003 2002
0.103875213475879 0.3720912613311671 2003
0.09706615236887162 0.3599045193907698 2004
0.09963134552363351 0.3475028987342161 2005
0.08652096837784184 0.3522422292475987 2006
0.09110004263537785 0.3426455313753264 2007
0.07777899658228238 0.3464906749673653 2008
0.0745407484993641 0.3535036235873733 2009
0.06831957840029279 0.3412632739278548 2010
0.07301841014731236 0.3310448325972096 2011
0.056033286037112 0.3350730826919147 2012
0.06418347576163042 0.323884842737838 2013
0.06420164251973515 0.3528193313296207 2014
0.04853257746268413 0.3231861188009982 2015
0.05597255151709168 0.3157270902054582 2016
0.0426567734695209 0.3383178118462504 2017
0.07240879576399495 0.3136203115877316 2018
0.06169673468967951 0.3062138117909972 2019
0.04808374169531371 0.3088979178158884 2020
0.8595497316151894 0.03449319522515723 2021
0.8506427146819755 0.0337948588024102 2022
0.5415814645360675 0.3746635726072383 2023
0.331151172417317 0.3712781803562233 2024
0.7552028627173185 0.3709048301421148 2025
0.5657066519616982 0.03311345122005352 2026
0.5665483878807189 0.3785931372590778 2027
0.6243606035803627 0.03186452209601209 2028
0.1934210166792801 0.3767359963025815 2029
0.1110571956675661 0.1626129179468124 2030
0.03968613311697888 0.06994705329981279 2031
0.2530600238333224 0.1159703011061373 2032
0.2446127439260873 0.1092786314042842 2033
0.9154415987240107 0.3752641085616161 2034
0.1665414390143697 0.2941404106109413 2035
0.1574186212527395 0.2944990093846935 2036
0.1588124378667988 0.2855216747875398 2037
0.1509433495828176 0.2842912731274484 2038
0.2745244002543505 0.3766235328330382 2039
0.2664660197886332 0.3695209732682905 2040
0.2663257947178541 0.3608551165801236 2041
0.2568330176435764 0.3627392432936469 2042
0.2570151442549051 0.3712433686366371 2043
0.4533154371173578 0.3614360243503282 2044
0.655991494476395 0.04079282608873544 2045
0.6557586970252044 0.04993916847875024 2046
0.05329125781016297 0.2996670617763468 2047
0.08473421089448152 0.0422227611215146 2048
0.7792424778204982 0.03376267939846986 2049
0.7701293247856603 0.0351365433267195 2050
0.7707101780957312 0.043878807029371 2051
0.7600235001437059 0.03713537982197776 2052
0.7575326134827773 0.04756057529244054 2053
0.7498504799472681 0.03900092036865438 2054
0.7481674528014022 0.04823143057844881 2055
0.7400077576129307 0.04081704323429022 2056
0.7415197923196828 0.03159311866451492 2057
0.7317074493247019 0.03351352438232749 2058
0.7301362400794298 0.04254437203928998 2059
0.7226053383207279 0.0345838952780875 2060
0.6674690162999825 0.1308887976756539 2061
0.6681984888540017 0.2593903435596823 2062
0.7430474099179167 0.108866063307735 2063
0.7310444801096612 0.1093620109149746 2064
0.6598856348779789 0.3282894499646651 2065
0.2319689033388269 0.3723488472518449 2066
0.7831088466137259 0.1272957794096086 2067
0.4950729715333281 0.3748519055520111 2068
0.7101102957027983 0.3183169270950297 2069
0.7178113298314972 0.3132855740960306 2070
0.4496735957372262 0.3718742976941979 2071
0.7638808591253405 0.06768532722836232 2072
0.7074206925749496 0.2334734683681793 2073
0.6293931728401991 0.1257324208882681 2074
0.540820903414481 0.0659478387078159 2075
0.53325380475411 0.06950972550228848 2076
0.0356750275132538 0.2159002830286037 2077
0.6848311886395138 0.2291996429029736 2078
0.7276968034748184 0.2303138241385361 2079
0.7406724697533553 0.2296819932612477 2080
0.6096786708576252 0.1299260736204517 2081
0.622056096669223 0.1544610671975689 2082
0.5919926859064208 0.1288987210542414 2083
0.6034109331095939 0.1586345927118805 2084
0.08748491495337052 0.3693478587407289 2085
0.1418260847214793 0.3697711049239064 2086
0.5350783955413497 0.2678422620015484 2087
0.5283986474838888 0.2593428362954154 2088
0.8024381024603928 0.1251843622120088 2089
0.02843542810053545 0.2123314310305615 2090
0.03134194865892015 0.2036540300944698 2091
0.5719307647013735 0.1343251046468517 2092
0.6310685591590104 0.2315952101171103 2093
0.5838948092103167 0.1617394261310742 2094
0.7915888008170151 0.3484423588255331 2095
0.8097391087619223 0.2385760324248374 2096
0.8156301445635949 0.227883897261514 2097
0.8481898365489969 0.3103250244667705 2098
0.9511852203876705 0.09580688876630668 2099
0.9056193350171517 0.087742357046543 2100
0.2958503504349844 0.2750375573736005 2101
0.2878031093445266 0.2762634778489039 2102
0.2836188591513682 0.2707782058503695 2103
0.2765818663995798 0.275479037925398 2104
0.304237511752345 0.2726291764703181 2105
0.2703530885994637 0.2673886079986263 2106
0.2699803172145474 0.280819419659939 2107
0.2630813733286941 0.2723696872709901 2108
0.8342922561763561 0.3686957338466164 2109
0.8289443458069388 0.3791885882405353 2110
0.344752707951437 0.2651558018154816 2111
0.3546542860673441 0.2634554948648128 2112
0.3652623447791546 0.2526233042202932 2113
0.5540954153521518 0.1439985286590034 2114
0.2885403167366051 0.04623580617495418 2115
0.275730539156371 0.03722047806782361 2116
0.4423120064609969 0.3394614634687863 2117
0.512209080021399 0.1508784507903462 2118
0.8883748823706069 0.3285234993744831 2119
0.8992129378571805 0.3263684289835339 2120
0.396269708599339 0.1245671525344829 2121
0.903689852813089 0.1653426329271089 2122
0.8960383112662632 0.1666973683795248 2123
0.9663058561256826 0.1640919743340701 2124
0.9709268427443301 0.1700860385925732 2125
0.9685305214817549 0.1766743535041451 2126
0.9759357405808068 0.1801529617901836 2127
0.3333812332191554 0.1260524801745242 2128
0.3378430322586268 0.07185670300533725 2129
0.4383233757200354 0.09221611149321875 2130
0.3405807691732633 0.04310622212476697 2131
0.3417045454831059 0.03429016144241562 2132
0.3509541037658036 0.0333696062820667 2133
0.4656737229433765 0.1860084024725107 2134
0.4566313956231725 0.1886993890872005 2135
0.2839992365441827 0.1015201043723239 2136
0.2754800701657582 0.124428518450004 2137
0.2737876622512221 0.1301832920112615 2138
0.5184244880090665 0.1759352364386254 2139
0.3346861840490113 0.1349842371539698 2140
0.3723106925075992 0.318844701282638 2141
0.3839395911702432 0.3179646557358548 2142
0.3644134132880601 0.3252063422158129 2143
0.5641138505167945 0.1655073397818977 2144
0.3155242243819354 0.1471565918666983 2145
0.3055745882209218 0.1485338386549753 2146
0.3064162811989443 0.1579303055968846 2147
0.2933893785900955 0.1490426616801498 2148
0.7529313606110761 0.1707524741238216 2149
0.6776923187704469 0.1501550230422009 2150
0.6647568290108112 0.2154813366804056 2151
0.8125430217013727 0.1240408759193674 2152
0.6115580405724775 0.2356952434097146 2153
0.4851030625723923 0.350676156459692 2154
0.8622157231047369 0.3779482827316469 2155
0.8715282472042273 0.3758854169255358 2156
0.9007365700632461 0.2008631232213731 2157
0.9099187868153382 0.2068209993278657 2158
0.8970474639370285 0.1925653869316042 2159
0.8299594869392053 0.2347621323007926 2160
0.850818462490027 0.2576378171722901 2161
0.8576981932524663 0.2642306367453242 2162
0.863928555962196 0.1383118909106771 2163
0.8526933805500319 0.1316969326339972 2164
0.8108928908897588 0.1574228535765401 2165
0.5609671501673257 0.2428749785591252 2166
0.8772641100500023 0.2859807638243719 2167
0.2966767292171784 0.1606540184448308 2168
0.5440052030653224 0.2509746804211228 2169
0.5314755219330859 0.03117859823245309 2170
0.6061323866446175 0.0345959970380699 2171
0.9922607919171488 0.0491694339704748 2172
1.001554736370171 0.05744709311813204 2173
0.9874205581361866 0.04424958343699506 2174
0.9750012731521063 0.04373799845157914 2175
0.9811449627400831 0.03728017667207326 2176
0.9681394592873462 0.03637664357507941 2177
0.9875145077924349 0.03156773106851149 2178
0.9556482044675818 0.3677400510522132 2179
0.9483966764213997 0.3788140271172501 2180
0.03682965739983812 0.2417414340427974 2181
0.09429565409674567 0.04359907357107962 2182
0.1022147347666428 0.04873847599823658 2183
0.9155072350188524 0.3839365216122765 2184
0.868609379867449 0.03501916251503912 2185
0.7832936215399535 0.3796745114314772 2186
0.8554541530453742 0.3796073674401259 2187
0.6553426985468889 0.03164941474429675 2188
0.3138431411333441 0.3784288165962022 2189
0.9828881682193998 0.3795631995877648 2190
0.398169231405168 0.02820889560733017 2191
0.4075225809784444 0.02851860892584598 2192
0.3561901467365742 0.3772348857015473 2193
0.1102537487615866 0.2437012626351658 2194
0.1160081822855787 0.2514120899291742 2195
0.109116387166913 0.04124203581921401 2196
0.1168913917190811 0.04906177684664997 2197
0.9163134367915784 0.03233735638269944 2198
0.03842435741889672 0.3275385721287307 2199
0.05780313632394307 0.09049474714022473 2200
0.1163064888449721 0.03384497790741439 2201
0.1271709738731197 0.04130532117929733 2202
0.7719374258624574 0.02619885843503214 2203
0.2379533157362869 0.3580494499048242 2204
0.7975694308728837 0.02895034283540662 2205
0.6533741491717608 0.02301308420063389 2206
0.08703353798248248 0.03213852902770811 2207
0.1045982448113458 0.2093224464767414 2208
0.2696101439607362 0.03208322109114145 2209
0.2646573732577157 0.04204408465676188 2210
0.26287065792526 0.03390388434813246 2211
0.2828438049175641 0.1560845535635702 2212
0.1191381623335436 0.3743158426079935 2213
0.6280224023665267 0.3823013450873505 2214
0.03044720389416433 0.3416852002198326 2215
0.86235252002639 0.02544976742746613 2216
0.9294410203699512 0.02884642760836145 2217
0.2889287350168147 0.2251656536816397 2218
0.5801337622314582 0.02991421888151224 2219
0.4585274545168411 0.3731481603728803 2220
0.474585144095286 0.3551409471901812 2221
0.5905414216022216 0.06282339104625176 2222
0.9930920356523039 0.3777362941892604 2223
0.1070256642339836 0.1822265610042418 2224
0.5540966019719725 0.2750500129512041 2225
0.5796997189420564 0.2656664528263745 2226
0.7012571002753556 0.3218981470149238 2227
0.6750223464522569 0.3316700525333148 2228
0.7101311386386086 0.2798172184368 2229
0.7571636648894207 0.1248004255236028 2230
0.5265650272498394 0.2699821855433731 2231
0.5216125458267697 0.2647945761508363 2232
0.5218198466009873 0.2519150219142245 2233
0.5126455128784879 0.2579231970471639 2234
0.510747059785472 0.2653527153574218 2235
0.5011802102716956 0.2588947117673631 2236
0.5039677091138267 0.2669780324972556 2237
0.4913509736165835 0.2607478246710527 2238
0.4944015945088116 0.2693415630439617 2239
0.4815039007295993 0.2627325963729967 2240
0.4841764532866312 0.2713466999152784 2241
0.4717735449457102 0.2646708947111061 2242
0.4740758369386237 0.2730843790494631 2243
0.4625252575969403 0.2663889347013071 2244
0.4641090147884874 0.2745301164792743 2245
0.4556967070375562 0.2672782939225576 2246
0.4522112824058746 0.2743958788911641 2247
0.4438420947373238 0.2661899006658748 2248
0.4650861162728027 0.2836139420610602 2249
0.5373243976018571 0.07488628838804781 2250
0.2381635069029598 0.1154404198765858 2251
0.2342895152199203 0.1101093724631894 2252
0.6397047244907341 0.1238799709709669 2253
0.58066416207628 0.06508393183041228 2254
0.7415202020655349 0.2588359728065901 2255
0.7078071423135177 0.3299482956435774 2256
0.7437439494406303 0.2787239726633627 2257
0.7880099499363775 0.2243154222543633 2258
0.7206708695634811 0.04360843378634602 2259
0.7144457754857139 0.03410478225959934 2260
0.716803612902108 0.02748369042323415 2261
0.7065158825424411 0.03197089916886886 2262
0.7290019796661202 0.05171259633179984 2263
0.6548621663846239 0.2176752693478518 2264
0.4856465050379837 0.2804447438093135 2265
0.7812681132491468 0.2033457676045488 2266
0.5076476064507753 0.2745240030938059 2267
0.6003962778962521 0.264385082328037 2268
0.5255890821501561 0.07388992800814978 2269
0.7745642128728247 0.3795738454997531 2270
0.8669958696499543 0.1641437438411265 2271
0.876123526366798 0.162359757967683 2272
0.6109159437074982 0.05760914800506858 2273
0.4736502744875952 0.03493416147445896 2274
0.4614767063243566 0.02879681614805871 2275
0.4547242763435648 0.03099276625389524 2276
0.8692696363540413 0.172582038774263 2277
0.7479164048057461 0.3740380867794784 2278
0.6357302241501829 0.38074807842689 2279
0.8536430280089748 0.0530593445874665 2280
0.5606125865680081 0.3800131106689066 2281
0.5632777730775459 0.3874017416826298 2282
0.7590766161273736 0.2315617649465148 2283
0.458202967598825 0.01890115570632689 2284
0.7994287347912126 0.1526802586478195 2285
0.7012625108509873 0.3750333667707418 2286
0.7087705474178418 0.3832130890250031 2287
0.71797805943204 0.3831740099561132 2288
0.5896826702084687 0.02680703721622371 2289
0.6587301727494059 0.1702183902845558 2290
0.5111270061848752 0.3837619526158141 2291
0.7759203194484593 0.262469900763963 2292
0.7166468564499755 0.1709217684877011 2293
0.8147997364603081 0.1045592186659918 2294
0.709274076042267 0.05398166753887568 2295
0.2914820691967803 0.383260433992444 2296
0.704700294405136 0.2072675174300211 2297
0.8707830258344238 0.2787601058263783 2298
0.8262125523710133 0.2942329404559588 2299
0.8280206659599152 0.282487612958187 2300
0.8455787992395942 0.1339485806679329 2301
0.8440639866815849 0.1100106637196613 2302
0.8091254767000039 0.281883093688111 2303
0.9436820230048378 0.1129188130055051 2304
0.9161905506237598 0.08415575623822487 2305
0.9403467400709983 0.09689825939974897 2306
0.8915957679384989 0.07158310945145441 2307
0.8330667144098822 0.2436806159622431 2308
0.8404331501297322 0.2328665368947385 2309
0.3040098767347039 0.2821078585696092 2310
0.3138137549321914 0.2801741174176384 2311
0.2751944478357093 0.2868572661939824 2312
0.8561110956925839 0.3612873888399621 2313
0.3465995497621382 0.3805358385401696 2314
0.3535163700622157 0.272853966611397 2315
0.343637494897157 0.2744793685052058 2316
0.4802439470296741 0.08677878740228964 2317
0.4903703842854981 0.08604670507579359 2318
0.8581180482643065 0.06964367707062677 2319
0.203253808778426 0.09573359728629503 2320
0.21012212531859 0.09937973489985148 2321
0.2010618996937568 0.101621955374293 2322
0.2050259629639543 0.1061451579768474 2323
0.1976253521788055 0.1123128651112529 2324
0.1950906673765297 0.1032761089355762 2325
0.2779875403996861 0.2629517195451673 2326
0.8803669422653436 0.1183553538810823 2327
0.2509050821758241 0.103060367134491 2328
0.3755428632830604 0.09934927828874471 2329
0.3858232041329946 0.09734233587528666 2330
0.3839521326448808 0.2303648658013015 2331
0.08536651295412523 0.2087593538600853 2332
0.2996002561829916 0.1692899565158561 2333
0.2920695697582891 0.1729916954448135 2334
0.3454759125665983 0.1941412951848916 2335
0.4450486628779977 0.2972445392018678 2336
0.2548962549056691 0.04458560734482245 2337
0.2533749371951212 0.0357586633150242 2338
0.2527165124617831 0.02657611631893961 2339
0.240722386304314 0.02700600796191668 2340
0.2430709345928654 0.0377076533670479 2341
0.2304450880892641 0.03165884463776841 2342
0.8982075243123691 0.316357229445514 2343
0.9085586503772126 0.3149668564626139 2344
0.909651848088369 0.3240331549182583 2345
0.8992171490588199 0.3062941970717792 2346
0.3842882958894187 0.1592953493372388 2347
0.3333762642891647 0.03324567375085738 2348
0.335426022586902 0.02705884152004603 2349
0.3254025565509775 0.03040797944456333 2350
0.3649540730488626 0.2625430794966993 2351
0.3759464586136364 0.2508304777387858 2352
0.4555024207444122 0.1515596165383615 2353
0.4156317689297203 0.121292788951629 2354
0.4064753525976883 0.1142454713565873 2355
0.4114011628619305 0.1012815787090497 2356
0.9080294245430176 0.03668073277019551 2357
0.3038199613853664 0.2160736165896962 2358
0.3978882395792489 0.07709073802653343 2359
0.9536186786336287 0.3591008543813862 2360
0.9790292562185194 0.1698939561064597 2361
0.9857009298200828 0.175247358210594 2362
1.000349494109581 0.1438217887059733 2363
0.9841331559801065 0.1823825487938551 2364
0.9943863404450963 0.1831807464786708 2365
0.9917981045162615 0.1944676146422304 2366
1.008045624593043 0.1841887245927344 2367
0.9883728705227879 0.1639954849158413 2368
0.9533564105966603 0.2414142218624464 2369
0.9475102986716483 0.2482037643075843 2370
0.9407605463856186 0.2405618288343282 2371
0.9852544355024169 0.2571344100951278 2372
0.9542370040314782 0.1100064104722739 2373
0.2328619226294841 0.04020395759781531 2374
0.2208690563513533 0.03427212638842328 2375
0.2228329050800026 0.04279705524530331 2376
0.2111086072452 0.03657014269012562 2377
0.2276968370430451 0.02396103537888483 2378
0.9204085835554183 0.1795773925699502 2379
0.9334533021114051 0.1151846767761409 2380
0.9302344043878573 0.1246886026852679 2381
0.7762550870785271 0.3428482821903324 2382
0.7706166144953186 0.3350905635355634 2383
0.7608523041159729 0.3373020935217022 2384
0.9984876215306626 0.3674224217229126 2385
0.916685537919696 0.1101017317710753 2386
0.3876379030987738 0.03408050379661642 2387
0.8200137780881925 0.3789545064275064 2388
0.4141814515324562 0.2589276244032317 2389
0.4249681048871853 0.1597766142549263 2390
0.1138778898897483 0.2606359588049031 2391
0.122001696301105 0.2626648147692245 2392
0.1201347600892235 0.2693922759506994 2393
0.1295389904761435 0.2665294010939404 2394
0.1336589613152612 0.2573599450187723 2395
0.1247953634714187 0.2740959152777275 2396
0.2127241393186885 0.04517329622405156 2397
0.2012519674686453 0.03878681216167054 2398
0.2093222951360546 0.02828167020318184 2399
0.1999443721681707 0.03052104480257611 2400
0.3408526189948115 0.05218580359087746 2401
0.4120628730487609 0.3198287784573569 2402
0.3208426197734262 0.07807058046102799 2403
0.3648298117621038 0.2434150308560064 2404
0.2954463247979731 0.1778782480994122 2405
0.2879037249046482 0.2352418388415056 2406
0.4333421623123892 0.08733926144574497 2407
0.4262589143179439 0.08857151739141336 2408
0.4616692269911244 0.1964741950826291 2409
0.4516335471854069 0.1986915664173517 2410
0.4472520239632725 0.1907265264475681 2411
0.4415895725255521 0.200839371344887 2412
0.4375116581711253 0.1927373455600851 2413
0.4315400330893668 0.2030045830962106 2414
0.4277377891718128 0.19477588407836 2415
0.4349330851247816 0.1844042061994294 2416
0.421527043951722 0.2051536357251133 2417
0.4180301024976855 0.1968185261352163 2418
0.4450179552360992 0.08764082326757471 2419
0.4516919703656822 0.09454431116169391 2420
0.3879987834218818 0.3089974042664227 2421
0.2218045083965456 0.09590413424546589 2422
0.3814678139989138 0.08922004209621366 2423
0.4719867481770593 0.1941457299880323 2424
0.2833421586753925 0.1285189957022149 2425
0.2891438473448691 0.122263723310528 2426
0.3726239478613615 0.3321298903405177 2427
0.1913452557855415 0.04088445145631775 2428
0.190603786788926 0.03252877538227844 2429
0.2977482253086139 0.1383490136249531 2430
0.1814550195285526 0.0427667674921349 2431
0.1812018591733873 0.03417046539845861 2432
0.1719632865168267 0.04419419795067495 2433
0.1717440418555977 0.03555138386828777 2434
0.3617842957924209 0.3330062853095557 2435
0.1649078995127357 0.04507402919572154 2436
0.1606718052368854 0.03788031343362303 2437
0.1621685282788785 0.02656911657271036 2438
0.1503504823230738 0.03435788676155679 2439
0.1475532982367643 0.04082664976083253 2440
0.1315473927030357 0.02985947381703405 2441
0.2652029538373074 0.3523351215912267 2442
0.275366661500353 0.3502475511214697 2443
0.1074159324979671 0.1907381017758614 2444
0.7981889125579087 0.3256959001006925 2445
0.09976800472301561 0.1570796893437664 2446
0.1087848344488968 0.1547386337772729 2447
0.1076030834631991 0.1469251973848997 2448
0.1139432368790698 0.1458462601334447 2449
0.2032591880456566 0.3496602746910613 2450
0.6945268907344062 0.2271880378716034 2451
0.7544402221493076 0.1049649549062806 2452
0.1079862085025156 0.1388978097325853 2453
0.1162955477362084 0.1398291711349699 2454
0.1236790741117491 0.1433475418662657 2455
0.1295449825000365 0.134141007398258 2456
0.1192139886656495 0.1306283035982893 2457
0.1305017746629855 0.1247113617561917 2458
0.765866192280191 0.1253796079276557 2459
0.8051274327361572 0.1795894406394601 2460
0.0562415558979743 0.1720998261728573 2461
0.04740903934360507 0.1629899732266679 2462
0.0415527995725713 0.1751082579706213 2463
0.03253113645109784 0.1595374270316777 2464
0.03882709526530492 0.1470005914427382 2465
0.03092521071317789 0.1730486174831739 2466
0.6332980310040175 0.1026157391790825 2467
0.5434356666002907 0.07362940761500975 2468
0.6909404492714184 0.1640052405312111 2469
0.6531221922629016 0.3334529140989962 2470
0.6473413217586784 0.3281916670193256 2471
0.7456810372772023 0.1620989846208364 2472
0.7367894580997481 0.1620683977694117 2473
0.826355193339197 0.3853684619582903 2474
0.836927954389305 0.3815911572853415 2475
0.6540532466839403 0.166175541982929 2476
0.6468798823894435 0.1693798391171923 2477
0.6471142582045909 0.158918892305513 2478
0.6747035222118374 0.2133081024351611 2479
0.5628317547967184 0.3448242222229924 2480
0.7498718412722839 0.2063747104571247 2481
0.5116395794265486 0.3423829858915854 2482
0.9184074818037899 0.3131383949652411 2483
0.4710212649950193 0.0266350486880807 2484
0.940001028688364 0.2532089466330647 2485
0.9334476923127418 0.2455085505547137 2486
0.9340329974766157 0.2330271011353202 2487
0.9460049647844019 0.2613863579254064 2488
0.9268236648220302 0.2379640234227476 2489
0.9273842726897218 0.2255733422359869 2490
0.9202448320018267 0.2304836456427276 2491
0.9208296244563509 0.2182274231822867 2492
0.9139236956964378 0.2230724423156837 2493
0.554219584799529 0.3368782223931438 2494
0.5644053221498787 0.3355870146312147 2495
0.5440422914654137 0.3387434353625906 2496
0.8633862866100805 0.3857966537172113 2497
0.8247763052195767 0.1123777415142691 2498
0.9040760990554719 0.2087493439352469 2499
0.1368697183224692 0.2728474792058962 2500
0.8921393950800512 0.1613245026696045 2501
0.8859723827731121 0.166295657729717 2502
0.1482836794392547 0.2934153047068826 2503
0.4805422788135272 0.3446936084031565 2504
0.4914465896810627 0.3408960579769904 2505
0.4694402575640797 0.3429194161185378 2506
0.5069311285012164 0.3370445942854783 2507
0.517009576553028 0.3322052144321 2508
0.9746510605963561 0.02790612773678861 2509
0.9612137981022332 0.0295232153670183 2510
0.9556464489398833 0.03621729180136432 2511
0.9497797617558875 0.02965535105556852 2512
0.7412726289330067 0.1468832009831556 2513
0.7353983151832425 0.1416563344724529 2514
0.8460548055415706 0.2437916990190084 2515
0.9401873595819771 0.02646726548533498 2516
0.5703023215475101 0.3832020641836871 2517
0.5155350398639703 0.2445632521396375 2518
0.8641135738229573 0.2587074136445348 2519
0.87097939193703 0.2660879821146881 2520
0.4979221847327916 0.250607485899984 2521
0.4782821170981889 0.2545661730486217 2522
0.4596516584491275 0.2586452331915889 2523
0.9194634009962755 0.321879634199276 2524
0.8360014734154102 0.2242729949311323 2525
0.0535218945756526 0.1012851520689244 2526
0.04421669847945275 0.09671146545968787 2527
0.0498724185314412 0.11259816421685 2528
0.04074229405115082 0.1081667507050108 2529
0.04626558475116838 0.1240681533380604 2530
0.03731542273392341 0.1196656795184449 2531
0.03137209031106925 0.1032641761880547 2532
0.03365721467974958 0.1314834804918827 2533
0.9438059191807354 0.3612236803051078 2534
0.9416836302252969 0.3526796441956567 2535
0.1554208319116306 0.3722158257369481 2536
0.1475542963362542 0.3795363382795338 2537
0.9254659007958475 0.3833161819383802 2538
0.1596117435821623 0.3776679753908022 2539
0.5296697953227666 0.2472490284039563 2540
0.03438687836315157 0.2562697420066276 2541
0.9176144339537289 0.02390242400049916 2542
0.9509303568361243 0.3867420836966169 2543
0.6183876698657059 0.3833572098398462 2544
0.03939242296721757 0.3039493672062827 2545
0.02704221755557823 0.1516601612790764 2546
0.2858122454129621 0.1784392213710616 2547
0.2929963805969341 0.1832949010760362 2548
0.2560015859340229 0.2777794786553942 2549
0.2490507198509387 0.2826219024663492 2550
0.2546152711641998 0.2907952068807848 2551
0.2455083109233074 0.2940416307873045 2552
0.2412736947176305 0.2860553977075795 2553
0.7547279848896729 0.3810302421425928 2554
0.7461463781650267 0.3801884386610417 2555
0.1379163433269568 0.2897495615296026 2556
0.4553531555929903 0.3830330169593264 2557
0.46441165242298 0.3838225352702033 2558
0.04371871416915463 0.2782309284475535 2559
0.03242950358479191 0.277507741246071 2560
0.05396202678722806 0.2794711972942289 2561
0.07017604366298147 0.3651239931608067 2562
0.05898381499649696 0.3690941345540618 2563
0.194268593470887 0.3161397270618567 2564
0.04678519862315356 0.3486448560085469 2565
0.2142565784619093 0.3455092378704056 2566
0.1566041774342082 0.3129017820960924 2567
0.1650027246343388 0.3212775642135378 2568
0.07390981941405084 0.0433049783354664 2569
0.1533185553424617 0.2784492914870048 2570
0.267936536713926 0.1320508240437293 2571
0.2716458287863841 0.1395101752002789 2572
0.1899229559338637 0.1130205158786981 2573
0.1851236677119265 0.1068470017252573 2574
0.1093599107308018 0.05603549103839842 2575
0.07472233122899596 0.3005828521198355 2576
0.08434544212280914 0.312353223746475 2577
0.7121054531921875 0.02115925511646014 2578
0.167885250302016 0.1320602472735783 2579
0.1693226539004624 0.1245195938613007 2580
0.1610730976030161 0.1229872328344806 2581
0.1627181764040867 0.1134146506416113 2582
0.1528884746937907 0.1220811918744458 2583
0.1380489346518607 0.1554097806615538 2584
0.1269809833057965 0.2179675087981407 2585
0.625409088833643 0.3882250280383811 2586
0.2358599022895934 0.3491567058041239 2587
0.7322175897506642 0.02485947075117576 2588
0.1843338120939716 0.2916539883585007 2589
0.699574183989347 0.3835813596351562 2590
0.665556664421515 0.03928848693177484 2591
0.6654249631912127 0.02963742454487817 2592
0.03784965305899601 0.1851715412778781 2593
0.9547365869210848 0.02369659058125412 2594
0.3513540511586416 0.3846788860037658 2595
0.3640777741257473 0.3806143947925492 2596
0.7329090596012298 0.1300781293000329 2597
0.7223850012193885 0.1331628583962668 2598
0.2709538575985726 0.02569470111688157 2599
0.2556275197936256 0.3542986762439473 2600
0.6355388004842055 0.05362327712324674 2601
0.139016112640089 0.1309750157258307 2602
0.1016373554796165 0.3402073508247324 2603
0.09620935254062157 0.3344089899066875 2604
0.2612913038311914 0.1583150572577888 2605
0.7041655573800234 0.2715399822485398 2606
0.6956144949850668 0.2757210013050151 2607
0.2569497028311081 0.2635386983802075 2608
0.7157240257039768 0.3924196876728484 2609
0.6497360132561019 0.3205458019966966 2610
0.5912079655826434 0.07176479892609042 2611
0.1810973668842555 0.025634686719154 2612
0.5338635751336137 0.2791408500952451 2613
0.7544219015689124 0.0553846961950766 2614
0.7481298410249538 0.05657134157302945 2615
0.6546923047942195 0.136265285613997 2616
0.6592924795228468 0.1262988167568175 2617
0.6739483444108807 0.1231149922049526 2618
0.7853416845316232 0.1699187756338303 2619
0.7712312076791744 0.1724275557063605 2620
0.6442987723125769 0.1406007181916515 2621
0.7416407534012275 0.02291643011967162 2622
0.2397231249003489 0.3734299030145086 2623
0.238113270118063 0.3819419711896493 2624
0.788334204274211 0.05590090641594583 2625
0.7797134612267674 0.05959506160349262 2626
0.7098782736988068 0.2151391317577245 2627
0.7197984547926329 0.2131112385984756 2628
0.546175891005929 0.328774824031754 2629
0.5357036667470545 0.3304612806479252 2630
0.5342542462757836 0.08304371648967446 2631
0.6374627328206288 0.1599289410014285 2632
0.7352017552374142 0.2194584417681431 2633
0.6899368401637855 0.2192242916001404 2634
0.2059644181024344 0.3412753252888309 2635
0.7557676739709475 0.2142261665762661 2636
0.7652229670713773 0.2115289473478367 2637
0.8041548346201661 0.1158170336252602 2638
0.7947008534276083 0.1173577177516616 2639
0.6703617683881089 0.2233043620489331 2640
0.8486797854037991 0.1766807198532082 2641
0.8391280176954082 0.04095109305477213 2642
0.8312349519523591 0.03724915085829969 2643
0.02994331765361435 0.3006170066065845 2644
0.6115635265580925 0.3763564589887274 2645
0.7656503843205917 0.3272767411734943 2646
0.7560059802217893 0.3291838357768657 2647
0.7749917017328545 0.3252585830151379 2648
0.440928813966079 0.2787874194244212 2649
0.435245405918805 0.2705576591625851 2650
0.4370912694327138 0.2584404211224147 2651
0.8497464962241743 0.12141789161673 2652
0.8388136162181175 0.1289828533259018 2653
0.8618409403828733 0.120288993506534 2654
0.6941250045766362 0.3137406470712905 2655
0.6920798802078481 0.3248836831547189 2656
0.6485569662609285 0.2100231077554025 2657
0.6450232580871684 0.2198119448350721 2658
0.8387493147015741 0.07183906258109016 2659
0.4552767870655603 0.2953948146138188 2660
0.8513944484546538 0.2696465481315282 2661
0.8050202182946713 0.2298801541184211 2662
0.8129537387729966 0.2186588637900116 2663
0.8234651437439443 0.2175053181999296 2664
0.8005548524665537 0.2412587976912017 2665
0.7899219710237775 0.3299303785691853 2666
0.8317008942552457 0.3028222236426825 2667
0.9086358917885051 0.0779960756119846 2668
0.3120348183339917 0.2896308144723515 2669
0.453524081720281 0.331247751931313 2670
0.3531529269164949 0.3258901107824294 2671
0.3546353879490763 0.334635229603128 2672
0.1010581099871194 0.2321872342213062 2673
0.9218508365954549 0.3303261273315219 2674
0.9313368630012877 0.3281195647869195 2675
0.8857684300645795 0.3165049602887543 2676
0.8920784803367341 0.1741420304115422 2677
0.8817924609073841 0.1781587122888192 2678
0.452947415736409 0.06967163589573813 2679
0.9494748715595155 0.04203394961143156 2680
0.977649574161523 0.1464930850524873 2681
0.8859689724640398 0.3616736973481505 2682
0.8921642559116527 0.3708413224372773 2683
0.9818170170012064 0.1922397541295801 2684
0.9883795807998573 0.2047422530839111 2685
0.2676340927083062 0.05054632978804502 2686
0.3903668784111349 0.1058268085052385 2687
0.3960853131226597 0.09532210474741711 2688
0.4184032334594855 0.3648640488737999 2689
0.4088001653321576 0.3753214744732467 2690
0.3994490561655926 0.3771231222573209 2691
0.4076760219557782 0.3840442410514441 2692
0.4174480565979168 0.3824942168993987 2693
0.4156974864892018 0.03762197860907404 2694
0.4172974709777545 0.02825940850793282 2695
0.4228863288455319 0.08105688800906787 2696
0.367580398910655 0.1367139852467569 2697
0.36094499141076 0.1476538531516459 2698
0.3205798417513667 0.1197958096605198 2699
0.3142867066252871 0.1298926708838196 2700
0.3954607307053732 0.3144474641932468 2701
0.39155911833778 0.3238723933631076 2702
0.3748637407826999 0.2413886476177622 2703
0.2142560729583092 0.05454177510624617 2704
0.3001413389039347 0.1066476750090433 2705
0.4355245739546547 0.2116262665602625 2706
0.3142779871152569 0.2706913031399972 2707
0.3236875565214681 0.2782774361325278 2708
0.3530233409610064 0.151449810641047 2709
0.356992814962231 0.1563550094480073 2710
0.3636721275968916 0.1551422434826352 2711
0.3648647958254904 0.1630979282013686 2712
0.3252613166567621 0.1454394039992385 2713
0.3531204811179037 0.1633030870758289 2714
0.3548564704186279 0.1738641289244638 2715
0.1713716906862489 0.05303182246725369 2716
0.2744379902051095 0.3417440109004881 2717
0.9336249493602626 0.08959509354437774 2718
0.09890325820044366 0.1905674554757487 2719
0.6629842062816068 0.1630471341672081 2720
0.4935518716752478 0.07702673212480982 2721
0.498315213792581 0.08592813820154939 2722
0.7271246081774544 0.1048126448599771 2723
0.7238754138425725 0.1130495872984571 2724
0.6817102791277621 0.3389767046520827 2725
0.5192079005526397 0.06605189354210153 2726
0.5165522989343349 0.07777378820256528 2727
0.123622177194229 0.1172449890534883 2728
0.136482050879527 0.1137384837987418 2729
0.1102964842476893 0.1203611853846536 2730
0.0286304302797018 0.1834175081052918 2731
1.004064776416715 0.3743629742404644 2732
1.014826289000955 0.3673580714232291 2733
1.007577463988832 0.3460625582481055 2734
1.008473045525037 0.3233551315781901 2735
1.024923886157051 0.3325510962323627 2736
1.018092294769506 0.3082331284657253 2737
1.037493686292043 0.3164872691230817 2738
1.047229681282652 0.2983036931229549 2739
1.063688587380951 0.3058733376617575 2740
1.058358653829204 0.2786587243096412 2741
1.079890432444757 0.2948240384118668 2742
1.070999013395697 0.2558677908954831 2743
1.113450914475326 0.2724390740964708 2744
1.104081875606491 0.2300656848611188 2745
1.143790449822294 0.2495741916650341 2746
1.137497340502193 0.2224725326810365 2747
1.171782156701804 0.2165014121095503 2748
1.08975704499958 0.1921464213291923 2749
1.130479483643657 0.1847141898439555 2750
1.091744783302531 0.1486762280482248 2751
1.124789064965492 0.1447890779855334 2752
1.159671015553497 0.1384137926047607 2753
1.094795962042116 0.3182778347700683 2754
1.154199002204909 0.09589474487594951 2755
1.195576640592109 0.1321884235269845 2756
1.180003029362407 0.257269142069194 2757
1.211247885113903 0.2416853962518257 2758
1.061847478065106 0.1486610944959462 2759
1.059114472776582 0.119036951615199 2760
1.221118429011973 0.292715670884328 2761
1.248857068098646 0.2586034070260018 2762
1.240893280730319 0.2078956417744459 2763
1.279245792612862 0.2318772948277387 2764
1.275177245547918 0.200814025268423 2765
1.310663155434575 0.1906698598792895 2766
1.313249035129306 0.2415892052896883 2767
1.36056704794568 0.2170221881346392 2768
1.347807056749839 0.1741732470024364 2769
1.400584712059331 0.1927731755149261 2770
1.415073767844182 0.234748561315529 2771
1.464247616019836 0.21361857858694 2772
1.44137676883615 0.1651833064156152 2773
1.505952904221362 0.1716755098252866 2774
1.50773288675503 0.234924365515639 2775
1.538389531835361 0.2019052661414807 2776
1.533488051872991 0.2507742213640365 2777
1.573688467501884 0.235849038240094 2778
1.572172783375541 0.1684010291208634 2779
1.6088700666465 0.1946321042236236 2780
1.615340813789345 0.2454083015536099 2781
1.642938605974846 0.2213956060544387 2782
1.641871661100585 0.1598503742689123 2783
1.679111293415399 0.187269944932465 2784
1.71432402848535 0.2173992816466562 2785
1.75358928087827 0.1850254028191223 2786
1.74984183293411 0.2477455987469535 2787
1.789554788565836 0.2123920350518715 2788
1.782118827732591 0.1626427151715814 2789
1.823463353961073 0.1712369418761387 2790
1.832424005954334 0.2361313435558638 2791
1.864417840957266 0.2009686759443154 2792
1.8774362323638 0.2557750504495937 2793
1.90632610757425 0.2218776354783146 2794
1.887726172095295 0.1683856920033335 2795
1.927885368819821 0.186193697065182 2796
1.949672640639782 0.2427640107816876 2797
1.970950029158211 0.2057723682266515 2798
1.941849437883324 0.1466797091219987 2799
1.704729072561338 0.2825296345456387 2800
1.481302536243624 0.1340061545983229 2801
1.996304811903808 0.2724253043145322 2802
2.015555613080838 0.2247810630462769 2803
2.028450950115747 0.1823186778434529 2804
1.258358164884424 0.3008887436763807 2805
1.821592056615953 0.1265403489971009 2806
2.038903599183145 0.2778797838021886 2807
2.069648975965771 0.1920954655654137 2808
2.068839857159889 0.1619715768894367 2809
2.042760593697309 0.1458353960973129 2810
1.08654874393876 0.1136218789508391 2811
1.051631903661836 0.09287569197372883 2812
1.029608280637824 0.1007928950822609 2813
1.85122735052544 0.291658559500905 2814
1.668951039460701 0.1236841854810433 2815
2.067402340398878 0.1183104906956902 2816
1.900862945459835 0.1333279742622008 2817
1.950002381660779 0.1048859452868858 2818
1.043016650280321 0.3446216447283588 2819
1.639067617145898 0.1103375100454613 2820
1.483806195492733 0.2688998385369616 2821
1.522220862404187 0.2797318806812766 2822
1.778057940876046 0.1310748335654342 2823
1.021272834463474 0.0824515807905716 2824
1.039491123508865 0.07177304684056612 2825
1.960871816290317 0.2925695653352801 2826
1.826516136474104 0.08572133625309238 2827
0.1671295079062149 0.2690939011766223 2828
0.7550701118680967 0.1613713088909121 2829
1.073652366882898 0.02482169624931113 2830
0.446382205475596 0.3821218259092161 2831
0.8721843468270318 0.12794231955774 2832
0.6062048707877534 0.3831286760607064 2833
0.1834288208890633 0.3231065001707678 2834
0.7810222028280283 0.3857689355051759 2835
0.7911316717094599 0.3810964266648885 2836
0.774390248832773 0.387626316063863 2837
0.8753558858363417 0.1541958361451554 2838
0.2289101865870358 0.3810800986221898 2839
0.4496673521614905 0.02646038125408884 2840
0.4441393385612686 0.03430747719180127 2841
0.4359146247664787 0.0302147866307107 2842
0.8506240979416366 0.2299608161912156 2843
0.8313859838418097 0.3909290055981682 2844
0.05178862502750592 0.2244006621510028 2845
0.1390725805585815 0.3813061284480199 2846
0.8835238233223972 0.28052602480595 2847
0.8876540620822038 0.2859971633001172 2848
0.2292718046241544 0.2798348865588972 2849
0.288109268910361 0.1932237564983123 2850
0.301404617755388 0.1934443624173644 2851
0.9279080344556199 0.3112713691387918 2852
0.02247634636960094 0.2017373248418087 2853
0.4288272429958792 0.2628447972157004 2854
0.3984025121753972 0.3850937096031575 2855
0.3926131195119938 0.3786744644768579 2856
0.7016221720847582 0.01867052575579403 2857
0.6977716742071938 0.02921311323375833 2858
0.6871787707107234 0.02568076617046763 2859
1.000925200086535 0.3024960760048282 2860
0.944157523426111 0.3880300045794509 2861
0.9319593133289303 0.3548170494404985 2862
0.938441310879963 0.3444463683079295 2863
0.2122333543177108 0.1253763159122606 2864
0.9081781207295307 0.384282977297109 2865
0.1262786361550563 0.1773377061495432 2866
0.2680509167223172 0.2355795870486884 2867
0.2791813358972226 0.2257580436444903 2868
0.7811472282957279 0.02562962321348744 2869
0.7746042847874053 0.01736988825525015 2870
0.02658677798259856 0.3308604514042265 2871
1.19457432055458 0.08894516893413311 2872
1.422323053962949 0.1239407275318663 2873
2.117102154447988 0.3697885296456872 2874
0.1368009452601587 0.3014828966725396 2875
0.08402512580314814 0.3018855533871398 2876
1.883485302035298 0.3001972765580793 2877
0.06630451911166912 0.09533690066676043 2878
0.2470854946645779 0.3812294130983938 2879
0.1557447678853713 0.3218789678266162 2880
0.2199261889064021 0.1166013114882594 2881
0.09524438360240506 0.3787673903987835 2882
0.08737179592226818 0.3868117978009774 2883
1.73316668302538 0.313926456249755 2884
0.1257004240738158 0.1958420095141807 2885
0.3900372983738882 0.384922056831957 2886
0.0262084086367731 0.2187627678728003 2887
0.5290858499893019 0.02351834739881045 2888
0.5196300669532403 0.02458195196068866 2889
0.5358480354378825 0.02198362111301175 2890
0.5424663133422221 0.02656963777752389 2891
0.2395298969797154 0.1347377286072789 2892
1.660546047246434 0.3149913735802569 2893
0.1221036734124971 0.025923803331524 2894
0.03484222597513864 0.3524525097911065 2895
0.04018238743059865 0.3630309393626785 2896
0.1210402659273656 0.3457534538013071 2897
0.9516934075394117 0.3940799982397399 2898
0.9859341031192177 0.3859059003357729 2899
0.9797825126415195 0.3893909817229253 2900
0.02522060789519553 0.1256071264626111 2901
0.1873641559740117 0.2751563148974867 2902
0.7240547755380242 0.3932093312536353 2903
0.819778653566463 0.3870805837258825 2904
0.1176924260792948 0.1599988886354902 2905
1.835052432324339 0.3303228696575149 2906
1.026945584069189 0.3782927972744284 2907
0.2469439001138002 0.1310088426789934 2908
0.03003483132020723 0.2237100613761702 2909
0.0218709284965164 0.2296374882691769 2910
0.7408761218501824 0.01525560207826354 2911
0.1455532168368133 0.3903749840129919 2912
0.1168158269557122 0.2006139470286508 2913
0.1542708608931672 0.1126266995366847 2914
0.1649151054763475 0.1041190416679853 2915
1.200382551771984 0.1732408140103777 2916
0.167587435692263 0.2850124681252015 2917
1.188628259130547 0.3064437946018425 2918
0.0657207441604748 0.3783097307444278 2919
0.05561668183533475 0.3799452712882597 2920
0.9244350457139112 0.3924934205135656 2921
0.2452944443709274 0.3474423891526182 2922
0.8541932987210499 0.3858348981360992 2923
1.011798307038769 0.1060381485161052 2924
0.02014293909322351 0.1742098026589666 2925
2.116058861763662 0.1860241116187504 2926
0.1162212668299644 0.2429560617122892 2927
0.1134042521562617 0.2350244678649493 2928
0.2800443999295654 0.1707334577806719 2929
0.05932496009373822 0.1161693851043278 2930
0.1982802086880113 0.02275370289944909 2931
0.5202760347806372 0.3846686221853979 2932
0.530788552281195 0.3867438832754904 2933
0.5087620627748169 0.3930798986612242 2934
0.8636409465108874 0.3940386530063064 2935
0.8714223257572808 0.0259704608173667 2936
0.8805346024833712 0.02635991937439733 2937
0.883519987083126 0.01734864186427673 2938
0.8898461379821027 0.02635389318404979 2939
0.892932548001677 0.01730004257737047 2940
0.2362076116195256 0.3910833736863145 2941
0.2795398792446372 0.02660221547877015 2942
0.1952774269411734 0.1214132291523252 2943
0.1029048743928144 0.3279596250251258 2944
0.3299700070622337 0.020788900813763 2945
0.3168600412172931 0.02791426926893531 2946
0.2690754144729992 0.1528869922937188 2947
0.2638342036702381 0.1440924855069408 2948
0.4526412219161735 0.3923865384298393 2949
0.0281095286634141 0.3085108330916527 2950
0.1526649120304298 0.02560891230579471 2951
0.1436720639174356 0.02411182184127345 2952
0.1623722247319639 0.01738439266539113 2953
0.1457161644802428 0.1126864624701977 2954
0.1276585042568723 0.1544009175832817 2955
0.5533461747891381 0.3921728797976923 2956
0.5663077311597042 0.3946734659464066 2957
0.7646327032043327 0.01811617130785076 2958
0.5815800135513666 0.0244666915246988 2959
0.5735531464224801 0.02417457788328609 2960
0.5925789899336568 0.01786977624759667 2961
1.012227092871565 0.1254486377779294 2962
0.345436911059296 0.3903178743080679 2963
1.684682916413737 0.08392053413682708 2964
0.02766304699927846 0.3697168760465354 2965
0.03696290702243266 0.3760166744237661 2966
1.020734760302943 0.05639085103533789 2967
0.9997699499947612 0.04688053557989877 2968
1.001757992413385 0.03203449999765112 2969
0.9998211444808673 0.009725204245951163 2970
1.093600565360799 0.3812294209062183 2971
1.119763547168332 0.3772485269952182 2972
1.075550655211718 0.3604706973202767 2973
0.7226421268754404 0.01796612568782277 2974
0.0967892443844558 0.3193894270299356 2975
0.08700270197627469 0.3252142541808918 2976
1.046442947761526 0.0201418466269711 2977
0.5188632309512557 0.01618048493200483 2978
1.459170165077028 0.09403988687282491 2979
1.520358771386009 0.1059798938370147 2980
0.2425356525168668 0.01697840798647018 2981
0.2521328993185737 0.01737312263495119 2982
1.039037682980079 0.3925236423300654 2983
1.041702723448431 0.3679919747532695 2984
1.056098886087645 0.177809615043154 2985
1.03195705507747 0.1701873941871088 2986
1.041422232634589 0.2009963130695912 2987
1.035753549618477 0.1469558780705921 2988
0.1802141641509267 0.117020263740072 2989
1.642388102299964 0.08094283327161646 2990
1.20049079046943 0.04471195629644603 2991
0.09375444215114559 0.3914975182321964 2992
0.7753976827583753 0.3946755824354168 2993
1.077133750572123 0.08369322385439686 2994
1.500872899964051 0.05600720736864936 2995
0.7521190857479427 0.3904903145921891 2996
0.7430573538930542 0.388808541438489 2997
0.2455803262040597 0.2593504024012691 2998
0.1383141937157956 0.2476058520886987 2999
0.163591287987582 0.3677165750085567 3000
0.5453673240018888 0.01683904399715572 3001
0.7124273898484731 0.009507364364032073 3002
0.2304419616457024 0.1207132605085806 3003
0.1399713084797094 0.04119988025068358 3004
0.131487883362113 0.05289578965677685 3005
1.008977548745824 0.1656806351104749 3006
2.040444215031398 0.08703086868130396 3007
1.601564860223869 0.08317164230515685 3008
0.7686119423824693 0.3965544813737066 3009
0.3405513282261629 0.01792730839388049 3010
0.8867132572717986 0.008580752152128168 3011
0.8649705406506538 0.01672633454216618 3012
0.8559002300119072 0.0163224650590226 3013
0.6750061680119026 0.03844987979723902 3014
0.6755902372606715 0.0282260764386176 3015
0.6761109471042215 0.01862568123178565 3016
0.6832651264539438 0.01819588055057789 3017
0.6732098377128732 0.04816819264637509 3018
0.671440020349314 0.05484910630424475 3019
0.2066442967073563 0.02018897029351088 3020
0.121966214619574 0.2314083634532739 3021
0.1229694750093032 0.05691130630578214 3022
0.1263556244957709 0.06260952441757986 3023
0.4674333667299864 0.3743259224062084 3024
0.4659064904109812 0.3530094436622845 3025
0.08075766459988509 0.3973193300061589 3026
0.09559403165121827 0.05499744993009598 3027
0.1015894603501284 0.06241873902841447 3028
0.09241780048635051 0.06726169929282849 3029
0.1178564073922086 0.3946129399030128 3030
0.1271780115795607 0.3828713390723559 3031
1.106410222994489 0.07210980400505143 3032
0.2794846116156887 0.2170338927712318 3033
0.1422427520139157 0.00880964052397773 3034
0.1725418038046924 0.3310902826984921 3035
1.026722322076252 0.3567585019536579 3036
0.1080504165602042 0.3511823774062355 3037
0.05557037095114259 0.1274152222038987 3038
0.6010917054496181 0.0695948382934477 3039
0.4763821580221594 0.3751872943934202 3040
0.473607237635465 0.3843398277151249 3041
0.4829596683137053 0.3844255178292132 3042
0.4807951997978026 0.3931999105949541 3043
0.1179083283209248 0.01325559491394809 3044
0.07115604009772536 0.08794397340182648 3045
2.118894195499277 0.2391512453485382 3046
0.4568374472820708 0.3513961125803545 3047
0.736834980272535 0.1157988003948958 3048
1.033030592707785 0.2690534601084613 3049
1.038542698010337 0.2412590395985595 3050
0.07721972387156972 0.3236301508261744 3051
0.6658280987013012 0.1144761003860483 3052
0.6779301119088776 0.1089815270229737 3053
0.652980570055726 0.1130653722046109 3054
0.6754611388435176 0.09964988491730946 3055
0.6877390423457572 0.1056312387309325 3056
0.4721567355205463 0.3328101861484398 3057
0.05255073633206786 0.2869373221563604 3058
0.06240738457924278 0.283263690967239 3059
0.7032189240847068 0.3404911881045001 3060
0.7597233573803694 0.1151490736645636 3061
0.7688824981744724 0.1158505375863679 3062
2.067804441453446 0.3565837075205176 3063
2.098306864782954 0.3250261875767371 3064
0.05470618531401961 0.01191948397325782 3065
0.05152313532373132 0.0236576114812736 3066
0.03843099382478243 0.02438340706218015 3067
0.03725366919478845 0.03621693468309992 3068
0.05007216227252242 0.0351107836045591 3069
0.02481391381513931 0.03782859422364357 3070
0.03765537652057604 0.04781175688638162 3071
0.06481748756932038 0.02286032245137665 3072
0.07770656125656439 0.02208069122649295 3073
0.05255606196634433 0.393231485731998 3074
0.6606931602913213 0.315674593463651 3075
2.060849802001598 0.04163476706859109 3076
1.005794048791257 0.3999153543481992 3077
0.7142986156353401 0.2232709454573496 3078
0.08167194644031728 0.01106741395634658 3079
0.05003345538831749 0.04636109121189949 3080
0.6997855914965774 0.2172094940452883 3081
2.066085251077453 0.2461266874140337 3082
2.125495415355441 0.2837065481525077 3083
0.7002173410768731 0.2627610686536359 3084
0.6884380220370117 0.267083677994768 3085
0.4310699803046733 0.2819035332505516 3086
0.02101483397565351 0.1415014483277559 3087
0.01099063533708344 0.1305802598884875 3088
0.6369901517529207 0.3208950271192115 3089
0.6390325060845141 0.3310578010424124 3090
0.6274804267990948 0.3221266759399467 3091
0.6282915157384202 0.3301930815679252 3092
0.6213713210859243 0.3230150143504842 3093
0.6200091251430655 0.3289336559545238 3094
0.6127010431622586 0.3249055913071207 3095
0.01725319366208744 0.3456883857888958 3096
0.713827369042588 0.268418174486914 3097
0.7191773224457687 0.2765008219513793 3098
0.7233423435284412 0.2657706714613398 3099
0.6176897208464078 0.3186196939284088 3100
0.6057483505116557 0.3194930633985381 3101
0.601075945172282 0.3273224248826542 3102
0.5940143586442883 0.3237815902924274 3103
0.5920622695116899 0.3296903362246086 3104
0.5860470937967027 0.3232348275004707 3105
0.5863270178258834 0.3318552935346538 3106
0.5767132921697263 0.3244608809997443 3107
0.5903514319228117 0.3395149938288502 3108
0.01593728012161555 0.06878060624807297 3109
0.4052869132727108 0.3928146084420084 3110
0.7288347159046729 0.2556559646198627 3111
0.4439963869208041 0.2878186467260309 3112
0.06609558952448014 0.2966209771015213 3113
0.02778055014975678 0.3966489885397768 3114
0.698126784984565 0.3326587371068732 3115
0.7457113438713545 0.2168878728358495 3116
0.6650956508722305 0.2333060725843544 3117
0.0127879276386107 0.3687603972858189 3118
1.246816222050125 0.3703821050647284 3119
1.290016688223407 0.365421601277391 3120
1.305143694981256 0.3105836232900967 3121
1.363932086520869 0.3228263574425146 3122
1.146628603663318 0.04859180717251749 3123
0.7133494126251471 0.3381214971652518 3124
0.0577902332611564 0.2681492195393578 3125
0.6769525167450174 0.06013074307582333 3126
0.711750984582062 0.04348707088923109 3127
2.048892991447894 0.3094389508541181 3128
2.006110055339545 0.3200975414890463 3129
1.960413405990697 0.3670977973317247 3130
0.01254491674665004 0.08421350492992921 3131
0.02402204589646395 0.08738364053156331 3132
1.394166386172641 0.3502952101210809 3133
1.411760823125508 0.3194289909138848 3134
0.7192855530143557 0.05328781325334891 3135
0.7296026567712246 0.06083158413751868 3136
0.7619800757825234 0.2219993264820416 3137
0.6506703193714234 0.2274745872186942 3138
0.7508343406857163 0.06416900834156353 3139
0.7420272224697443 0.06725411065410705 3140
0.6351695666004957 0.06622594290475919 3141
0.6465799956931824 0.06136641616644015 3142
0.6483803872864355 0.06998156036243386 3143
0.6223427957593225 0.06603463266908013 3144
0.6561794450439342 0.05879916505554231 3145
0.7584576926596017 0.0605094636657614 3146
0.09457659964384479 0.0108015608949526 3147
0.1022333748662114 0.02136468584036064 3148
0.5221989280120685 0.2780045782035471 3149
0.1431115103001994 0.3999720906920891 3150
0.6403554697367939 0.1113192863508047 3151
0.6281919067156225 0.116087095864546 3152
0.6182696034334443 0.1191362116246639 3153
0.02747858462243702 0.01280205079260438 3154
1.011630212895054 0.2634012317666684 3155
1.004365504859684 0.2828872108958784 3156
1.011093300958155 0.2450449840610063 3157
1.018901519409184 0.2156315308439838 3158
0.7377791999471333 0.2708278658568546 3159
0.01377127331507633 0.334485026641214 3160
0.6006038584782182 0.07887487721435729 3161
0.6113385226007625 0.06746687525603831 3162
0.9368096488223376 0.2650800002455804 3163
0.7174811751526122 0.3266982310874407 3164
0.7288189663846828 0.3216903883817398 3165
0.7320637124164473 0.312169969893639 3166
0.7422762778437249 0.321942897182395 3167
0.7238237507402794 0.3354257759209009 3168
0.7470222600365559 0.2679037720855961 3169
0.7547936663967695 0.2652576253148665 3170
0.7534554558774718 0.2756537063344857 3171
0.7635555893266377 0.3914661614965347 3172
0.7284766406469204 0.1208830499458317 3173
0.7190453767178941 0.1242485466061484 3174
0.7147640512932898 0.1157170714136251 3175
0.7123684467621303 0.1353462761127859 3176
0.1007340481760536 0.1040973106763654 3177
1.291980804578797 0.04357825701498827 3178
1.318172657848078 0.0944549436475758 3179
1.355688685060969 0.08854946981688136 3180
1.335076269317586 0.1352850079563785 3181
1.29412644440152 0.1247448241302181 3182
0.581323524061171 0.07393383461896805 3183
0.5707916156813423 0.06727754040648998 3184
0.5714697463837869 0.07607056136186185 3185
0.6377955675559819 0.1507478816341254 3186
0.5979117044057825 0.3154092255633472 3187
1.374688426180035 0.05850099140166806 3188
0.5707853575074109 0.08533883238851601 3189
0.5617643619211021 0.07816132797606221 3190
0.6550267810244967 0.3072028940705845 3191
1.434989341938706 0.361308948496482 3192
1.451676603381397 0.3093013748017843 3193
1.862383878378559 0.1266577031051292 3194
0.9252224052572042 0.2493802407623113 3195
0.6832196567566662 0.3280078374002479 3196
0.6765797071664057 0.3202489207003949 3197
0.7887659545206174 0.2103916808545529 3198
0.8031612354541661 0.2077855765746142 3199
1.980492577590102 0.05908831520207861 3200
1.924995941988467 0.05502785949704822 3201
0.009964061670692859 0.177090435542351 3202
0.7807804718247665 0.2156813561865684 3203
0.7848673482260535 0.06703009429955345 3204
0.7934879178886745 0.06402854663995097 3205
0.7816267425657015 0.07553185693635359 3206
0.764610871576294 0.3805159782189576 3207
0.7777517995872916 0.1613661403140854 3208
0.7938123551116156 0.1645883507650747 3209
0.1005051758278079 0.1130498064178178 3210
0.9122089862065857 0.2343504806624493 3211
0.01067333991108854 0.3108783837884165 3212
0.4822041438020191 0.03259812072227286 3213
0.4800806297562772 0.02508437836429267 3214
0.7622592730281562 0.3192564553264279 3215
0.7349118380833626 0.3864266482815508 3216
0.8423480089081117 0.03172316677993989 3217
0.8346923777503577 0.0278746391047151 3218
0.8453528749716264 0.02319047451778175 3219
0.8383714825316804 0.01955299760011747 3220
0.8271310718566129 0.02312204456056269 3221
0.8313290979234929 0.01211518642693601 3222
0.8535204735892812 0.0247350807697668 3223
0.01020766248859539 0.1085077920110846 3224
0.6700545370715634 0.3123261738081929 3225
0.4479044503820585 0.3500848114891313 3226
0.6286814060565018 0.1528380043088841 3227
0.627881126971874 0.1610473574860337 3228
0.6195121298138444 0.1606260750433204 3229
0.626870756762903 0.1698907208894726 3230
0.6152831098468331 0.1702059614982286 3231
0.488209065440748 0.03091588455391237 3232
0.4894310289380203 0.02358336593120997 3233
0.4982865608493415 0.02880828284293555 3234
0.502125223522574 0.0211795335905649 3235
0.5102642009623178 0.02409130654163449 3236
0.7474625708773095 0.1531934020738015 3237
2.10291581286801 0.0885443148336353 3238
2.15537708212733 0.08350497938799198 3239
2.123749442979689 0.1309943630916219 3240
1.118288228506981 0.1058336061351193 3241
0.6484475481355565 0.1471765176985722 3242
0.6668060055328069 0.06457862337043899 3243
0.8128178389748757 0.2092724720156288 3244
0.8225850809093982 0.2086611066867482 3245
0.4930329255262168 0.03531518796754129 3246
0.5547187652246877 0.02592672238900726 3247
0.5550338127211525 0.01701074549672318 3248
0.7973389546076143 0.07227189808058374 3249
0.04265525012664306 0.1353617770404593 3250
0.7391928398561007 0.1532858014560131 3251
0.08218226606221002 0.336833571040193 3252
0.7713047914980258 0.3177603148031065 3253
0.7776220394308857 0.316608189772691 3254
0.01036185930255629 0.2870204125925013 3255
0.02080422756053579 0.2878117071028151 3256
0.8236986647660345 0.03263364558131723 3257
0.8161988990103916 0.02809169001353462 3258
0.8086884859014334 0.02389986965605742 3259
0.8009894705368932 0.0203522636888844 3260
0.8121610062280415 0.01522276626196276 3261
0.8049450940111461 0.01150893637201605 3262
0.7951761880624242 0.108998578714055 3263
0.7883283042827238 0.1110820863947292 3264
0.786064068545718 0.1178137754928501 3265
0.7777198470835555 0.1168679384093953 3266
0.7709766508868974 0.1059974790176901 3267
0.4703194078215357 0.01788342100677032 3268
0.4620924821912309 0.008501416339326107 3269
0.5327261999441821 0.3753739711572589 3270
0.5418649452453533 0.3837480755737703 3271
0.5350278108888119 0.3931851293517932 3272
0.5419604774813144 0.3925212052834889 3273
0.5596891487744037 0.3966975702614048 3274
0.5399678026406294 0.4010747821421596 3275
0.6648177704711029 0.04841400865718851 3276
0.7029464898423219 0.04223902936377286 3277
0.7449212594290584 0.1241872860493862 3278
0.5516923721645952 0.381978659372419 3279
0.4779944487927911 0.04289271999907948 3280
0.6824487524909999 0.1176224916507067 3281
0.6916173628950552 0.1138669930606657 3282
0.6962536548048113 0.1217002054815782 3283
0.7006750718939814 0.1106331528172608 3284
0.7504948604036243 0.3125463293083097 3285
0.8446272850282813 0.0522184169248916 3286
0.7508276148080288 0.3397256534052184 3287
0.7457571556539202 0.3308967855633853 3288
0.6552047460012821 0.1027832467454754 3289
0.8080204104262283 0.1503424962051776 3290
0.7280110804080486 0.1617322023750445 3291
0.7896206108158816 0.02656607358225541 3292
0.6009203236602035 0.3902193816936341 3293
0.7197186527769465 0.06319690877140255 3294
0.7076976551596559 0.06673763622998558 3295
0.7322044334269302 0.070080419639721 3296
0.7926395676594031 0.1265446199996847 3297
0.7429779041796216 0.3704404785230174 3298
0.6702978710699744 0.1677336595726475 3299
0.6928491395187277 0.3748533791654762 3300
0.690663241306291 0.3834261499445751 3301
0.5982096086517251 0.03064720995602396 3302
0.6040674189478332 0.01991448237898033 3303
0.8200748340078741 0.04180012425462051 3304
0.4322473267555796 0.03844367576423555 3305
0.4268871000633515 0.02846812396932089 3306
0.4300401555545124 0.0188453888022766 3307
0.419981668211672 0.01873968537626958 3308
0.4229983288580519 0.009263798797753048 3309
0.410357206029303 0.0187070501837926 3310
0.4010655756472202 0.01854183186360941 3311
0.7384435864785781 0.3778218194150126 3312
0.7470916425093163 0.07585546393384515 3313
0.5752516340861584 0.3769345385742721 3314
0.5820464446624402 0.3828473202630728 3315
0.5868412366811795 0.3753293202542919 3316
0.5938973098747702 0.3827029735768523 3317
0.5886680724188671 0.3897262918045219 3318
0.5951968536480484 0.3989552651993263 3319
0.4619774773783791 0.3927931741012399 3320
0.6249349695689154 0.314724143401575 3321
0.8477274192963243 0.04271495153117594 3322
0.8511057890958024 0.06246630381379606 3323
0.6428595198714067 0.3738997346998758 3324
0.6470954036776161 0.3784653295932174 3325
0.653120416345512 0.3769735285329194 3326
0.6533409586203041 0.3846200818505717 3327
0.662469839708937 0.3835776078683263 3328
0.6607360540815481 0.3926466151028757 3329
0.6512506622148084 0.3928608488482758 3330
0.670155714556107 0.3922682829867981 3331
0.6720852411224889 0.3826782278493059 3332
0.6793187046530595 0.3922719074397792 3333
0.6448961800320608 0.3840371710703172 3334
0.6579827926105215 0.3660841812571147 3335
0.5414302626891644 0.09117300874415063 3336
0.5431656284053302 0.08201744692241995 3337
0.7235862794598142 0.1794046746620497 3338
0.7799396347248637 0.2784555181960616 3339
0.7763267456392333 0.270441667598513 3340
0.4542947199745915 0.2855030813381472 3341
0.5019671667363422 0.07353262294150648 3342
0.4708499666164266 0.3646268818956226 3343
0.5689172224363106 0.315790416077552 3344
0.5788815240702609 0.3144695906975817 3345
0.580782512215859 0.1335688551490365 3346
0.5757876141842355 0.1249776998872612 3347
0.5654430314855339 0.1292797919611745 3348
0.5834925621599201 0.1269384022519879 3349
0.5849540308010114 0.118718755150438 3350
0.5961001472476747 0.118540311338751 3351
0.6025475679745536 0.1236780826489129 3352
0.6063572701570441 0.1137792106744449 3353
0.5783094318091668 0.1193953903221542 3354
0.887098605509296 0.03570046942110777 3355
0.4621362229226742 0.3630709119473711 3356
0.7067651602300897 0.3923723605075592 3357
0.7142937107502649 0.4013776434151485 3358
0.6161290747593684 0.03218666771785486 3359
0.6203786849288062 0.02021426625540879 3360
0.6324773094928045 0.01860386667160988 3361
0.6225381900879949 0.009253371431257734 3362
0.6117850907151803 0.02745129765225179 3363
0.5560755565845639 0.034724517120862 3364
0.6344460938310663 0.02756275457679144 3365
0.4856742410543835 0.3752289604249416 3366
0.4925011100500652 0.3840122142610467 3367
0.5019743025684673 0.3836769215394804 3368
0.4997341865845885 0.3928725252329907 3369
0.5073910249200908 0.4017289205384907 3370
0.6031354893165332 0.2110370753821755 3371
0.5996825527400915 0.2205760789784842 3372
0.5899241335185119 0.2226970003129153 3373
0.5961853603806904 0.2302023589117815 3374
0.5835548412565766 0.2152234078518846 3375
0.5803398086445284 0.2250723226138031 3376
0.7870089704670008 0.03444481419275761 3377
0.6094586981155854 0.2185189616978378 3378
0.6192174013967401 0.2164678792922533 3379
0.615615758835067 0.2260288658791192 3380
0.6226888592731645 0.2069001307831922 3381
0.628988539629191 0.2143939948243631 3382
0.8995100798297911 0.02610890597213852 3383
0.6467447731930621 0.1338797214239732 3384
0.6730919994025627 0.3710380546159046 3385
0.6815383124179981 0.3828505514181352 3386
0.551215112371091 0.3731304993229791 3387
0.5213258255672268 0.0333575753471774 3388
0.6796945608344769 0.202863861042735 3389
0.6854312974684097 0.3170443617778792 3390
0.531252497365899 0.09305120872433539 3391
0.2746493754237436 0.1619953762739572 3392
0.6004667313861771 0.1303894484919225 3393
0.6332947973265 0.3907929970711967 3394
0.6438797917910484 0.02532495503364871 3395
0.6514942139318947 0.01529311655534074 3396
0.6583192075316995 0.01367986078031755 3397
0.6507899125446779 0.07833571656677407 3398
0.6599193635393398 0.07566887720523366 3399
0.7288086031188759 0.3444185789109351 3400
0.6947441076303579 0.2092607028592596 3401
0.6075061285629051 0.1831109473795521 3402
0.5946790011749891 0.177288293753233 3403
0.58489693740042 0.1794516171328356 3404
0.5935553104525666 0.1687863256766755 3405
0.6029062975422887 0.166816845401431 3406
0.5838796288978014 0.1707747582008196 3407
0.5743868551538586 0.03136971452911563 3408
0.564774119287451 0.02491997469875526 3409
0.5647963341288996 0.01661268433289856 3410
0.7013183879030889 0.07498387373269516 3411
0.6653626991744512 0.1755312997685706 3412
0.6822259941364036 0.1623142509563358 3413
0.6272345898459428 0.2861689942075271 3414
0.6177232216481243 0.2791591743206105 3415
0.6278931940888446 0.2769082165662407 3416
0.6191737847493106 0.2696865254956894 3417
0.6290586225002958 0.267592025923305 3418
0.6091429410463718 0.2717198129849734 3419
0.6296140780906316 0.2584961813347075 3420
0.6387863240504192 0.2654893251140985 3421
0.6378263164172325 0.2746795740641876 3422
0.6477696266619068 0.2725148063303368 3423
0.6577128691110137 0.2796633412160145 3424
0.667953577778283 0.2778756457050147 3425
0.6578028648417307 0.2704925863283251 3426
0.6676594377383667 0.2686050095828921 3427
0.7267192706655042 0.3843884939484771 3428
0.6644022540107026 0.01864169167505728 3429
0.627797963112794 0.1787411087295288 3430
0.6868217295707089 0.3054587298255208 3431
0.7744452566846461 0.05197544990262981 3432
0.2771512475233291 0.1474361450829277 3433
0.2844939008537706 0.1410988596543867 3434
0.762033171424779 0.02763456424391159 3435
0.7527481120567892 0.01852846559938481 3436
0.7515966147905917 0.02938279892395465 3437
0.7232561436853838 0.02626402213137449 3438
0.8378192163773688 0.1786552508591383 3439
0.7153055262725322 0.1795491174854578 3440
0.7995943450823084 0.2182707132876355 3441
0.5048146100895057 0.3740982767230878 3442
0.7655426694200771 0.3712699887650049 3443
0.6945250093377837 0.3687048138184045 3444
0.5964534983700062 0.3340706401221564 3445
0.5004182560012285 0.3387455977889238 3446
0.5010284478023248 0.3305572934710265 3447
0.49163716896107 0.331970754980511 3448
0.5693161502565651 0.2697932594978728 3449
0.5791031485747651 0.2766758240260495 3450
0.5891489258274279 0.2751471705189394 3451
0.5870343892050478 0.2848797957392302 3452
0.5991078078510155 0.2735822132474946 3453
0.5696175990649803 0.2779912876765835 3454
0.6099023544353641 0.2625705458014075 3455
0.5904704486315413 0.2658215150829731 3456
0.7716958871017092 0.06349193693831454 3457
0.5561571538033517 0.1154328854991143 3458
0.5459062344730193 0.1259223452510595 3459
0.5356802479872889 0.1191939574789153 3460
0.5350412657952625 0.1282371275001523 3461
0.7602351974639889 0.1792797701301588 3462
0.8775136921418589 0.27347817312455 3463
0.6968289311578986 0.1029879954690855 3464
0.8463742390491591 0.1670916191338992 3465
0.7519573539557098 0.2248051780703386 3466
0.6782165155178665 0.2576717089404258 3467
0.6203944245541364 0.07642201215104577 3468
0.6885776112055004 0.2558498478467326 3469
0.6945636274266167 0.3013055756767969 3470
0.563250338646421 0.2718584565999083 3471
0.5615169306708447 0.277712379399467 3472
0.5505821808568456 0.2834307716564863 3473
0.5584933235664734 0.2864916465398321 3474
1.838299479406187 0.043274262096374 3475
1.790946951832412 0.04346797868879221 3476
0.8344619172172647 0.2903382354845409 3477
0.842586860381273 0.286143231550703 3478
0.8205075725941132 0.286682409137219 3479
0.6584722263557624 0.2613613540953048 3480
0.812325267157791 0.2896344983876531 3481
0.5739229333138504 0.2175822559046567 3482
0.5711759767105797 0.2279363843550582 3483
0.5625493672831933 0.2313897118674036 3484
0.4814718046589382 0.009087831832421206 3485
0.5360116978417313 0.008211174576491065 3486
0.5011119819305752 0.01049381436878496 3487
0.8286962217311091 0.06985801245359027 3488
0.8414335194675517 0.2062694923804518 3489
0.8164485176545037 0.1646448011238583 3490
0.8077963478874625 0.1683961526172055 3491
0.6973136003146967 0.2355309798826345 3492
0.5940408796433472 0.1598450283527279 3493
0.8643398187189131 0.2715280102765617 3494
0.5839872790362997 0.008357803950842263 3495
0.9155979629805319 0.008247079272345831 3496
0.9525908665058133 0.01182649662187751 3497
0.6786097186410751 0.00948845188833522 3498
0.9443348640794672 0.009402847832580413 3499
0.9408170247699803 0.018233983216139 3500
0.9316130904894614 0.01764802655337522 3501
0.4246301067039896 0.03729477216419783 3502
0.5752174605289672 0.1814610293158096 3503
0.5741426394967345 0.1727387733347051 3504
0.1100916919286598 0.1028696701509887 3505
0.7785897139599085 0.3105084498034483 3506
0.7002403067885768 0.1992353390998486 3507
0.5525950714583318 0.2471157430326095 3508
0.5460986027168261 0.2391906129519028 3509
0.8354188262539507 0.1386116104284634 3510
0.8300627661599012 0.1298687971051677 3511
0.8357924344980796 0.1194010495633862 3512
0.7870700353380304 0.3124381907537809 3513
0.7740533873124346 0.126631211391291 3514
0.7680206357080184 0.2300541978395925 3515
0.8656290529681794 0.1927830963892369 3516
0.8756582118637046 0.1898019635685348 3517
0.8795300475735821 0.1982542981531538 3518
0.8851257765926446 0.1868151001545241 3519
0.8621551347357339 0.1837474927604138 3520
0.5377374076999522 0.2431147093621299 3521
0.833256820895329 0.1446733467280691 3522
0.2903335673629128 0.1342050153478458 3523
0.2999273587616663 0.1326519112108965 3524
0.3061427056550396 0.1393504834545803 3525
0.8162440691577858 0.2813513621118217 3526
0.8356238923168866 0.1010645088706634 3527
0.7832696787426424 0.269485225717885 3528
0.8083072477373775 0.3003498686886253 3529
0.8576190874187741 0.2768536061031971 3530
0.8442487411417443 0.274155676139189 3531
0.8107919430760057 0.3253649522046647 3532
0.8078059873781973 0.3327321478932693 3533
0.7946587903698951 0.2331200225989855 3534
0.8191626305371627 0.1345689833133667 3535
0.8767319436119635 0.2082953925252695 3536
0.8834511575248144 0.2061740757492014 3537
0.7930254828570598 0.2456006103972911 3538
0.8204975532454832 0.3325235149362851 3539
0.7836843292050056 0.322906708677548 3540
0.8649977568105913 0.1469025050983475 3541
0.7963646670856339 0.3374090415243184 3542
0.5357525522505111 0.2549201561013918 3543
0.8408230038671611 0.299120388318052 3544
0.7980862270296706 0.2500766049771092 3545
0.8647330869881639 0.1012264784789906 3546
0.8445414431037646 0.1421969144617288 3547
0.8081052173542833 0.273851537545068 3548
0.8560215964925897 0.08082214259184811 3549
0.9368062580495994 0.1058581137937996 3550
0.5150696274750909 0.270198813524514 3551
0.5111891229950057 0.2819988689831157 3552
0.5045073485417569 0.2841965554920287 3553
0.5123543666842472 0.290425088294519 3554
0.4949472429891147 0.28927150922359 3555
0.7695030926499886 0.2548520937455527 3556
0.7935031764401499 0.374924544563378 3557
0.7998890493947375 0.3815222912564258 3558
0.797534217088659 0.3909607280986952 3559
0.8093745899534263 0.3911740691328628 3560
0.8045643684332615 0.4012064612709583 3561
0.8099371882323824 0.3804627778566737 3562
0.9472773435166992 0.1039092812942506 3563
0.9577756227427588 0.101836356669914 3564
0.9621817493667422 0.09552152426159657 3565
0.9661096514126488 0.1000411672977961 3566
0.9198282874677404 0.07510381840572672 3567
0.8723871248397925 0.1101559148667616 3568
0.9300351232859407 0.09857067169632876 3569
0.8975011481604123 0.08378627386659633 3570
0.8918173124380707 0.2223998589130353 3571
0.9005506853231255 0.2192636355264111 3572
0.900191047513868 0.07385567983744243 3573
0.8356497068549307 0.312203770686632 3574
0.8884832063733605 0.08155189451371854 3575
0.8376092141392171 0.3212887868505546 3576
0.8566069922934035 0.2516866527616777 3577
0.8726144272801031 0.2420324268859065 3578
0.5073940011002486 0.2482672988320557 3579
0.8424455001520645 0.3929653618765651 3580
0.8343886500352182 0.2523335585106287 3581
0.8453963928958734 0.3842315267596816 3582
0.3021686278102585 0.2915425887500852 3583
0.8431067799116874 0.2534834707986153 3584
0.8043997187857013 0.2486342716638866 3585
0.3745301625045249 0.1614071944678665 3586
0.3096181341223722 0.2991767305204175 3587
0.2922874401746425 0.2932925974320986 3588
0.2899534294020343 0.302963048356044 3589
0.8401179433517203 0.3752440463829945 3590
0.8457064942601189 0.3646684488789782 3591
0.3145206887882551 0.03614559722718236 3592
0.3078638635104992 0.02694601914705552 3593
0.3088527095967781 0.01796039216363823 3594
0.3519120316279292 0.2822374609809511 3595
0.3421060490306073 0.284274769015833 3596
0.3605109664072423 0.2819774741886198 3597
0.3866202415441858 0.248309343652398 3598
0.2941457552993192 0.2837117916371683 3599
0.3968438090484212 0.2456384380809753 3600
0.1863524241865057 0.09540732778664866 3601
0.1767441334271724 0.09544432009430819 3602
0.8380756246216987 0.3471036305421277 3603
0.259008096030131 0.09873480192935327 3604
0.2543274102851018 0.09069755110674191 3605
0.2434125400505396 0.09489747154119373 3606
0.4950844424112035 0.09456510350774869 3607
0.5045721626768448 0.090440802013905 3608
0.2186245270189857 0.02609224928895768 3609
0.2158090848672949 0.01790716671384684 3610
0.2250056831741171 0.01649542723492325 3611
0.200895736356534 0.01121555000034463 3612
0.1897825473797512 0.01699229860526674 3613
0.09030955679589492 0.1592436037130034 3614
0.2478754298828169 0.3643489600804477 3615
0.2338151795180652 0.02216429741185089 3616
0.2823909318930985 0.2950040835227752 3617
0.3785753705379344 0.3256901626933522 3618
0.2889741119649432 0.02712271044992148 3619
0.2898754024780458 0.01771551297847884 3620
0.2985022680234021 0.02697501491504159 3621
0.3387375737914817 0.3836539217169702 3622
0.3341680160397809 0.3934432271619248 3623
0.3581389831062805 0.288762082920802 3624
0.3726642688237135 0.2746335064600329 3625
0.3066485312999435 0.03546074239816696 3626
0.3653373223231912 0.1014612165254005 3627
0.3712018116597906 0.09131343838818028 3628
0.2376474145758367 0.104175863013016 3629
0.2298025330494331 0.1002022743659949 3630
0.1977845822951111 0.08597412615233002 3631
0.341846597359561 0.02607844134893483 3632
0.3508443734445705 0.02479025216117672 3633
0.3607898657124922 0.03154179179653266 3634
0.3603468132446001 0.02281543335296421 3635
0.3709864483454269 0.02935348379097069 3636
0.3710231466783731 0.01848241964830249 3637
0.3128196193578822 0.2245312218302517 3638
0.3203045920701387 0.2191586077167971 3639
0.1370958654309564 0.1227816586985744 3640
0.1376757457704485 0.1039809005090804 3641
0.3247165531274847 0.2506678101602043 3642
0.1195408340121049 0.2811586924279245 3643
0.8199200053252449 0.2744830325980914 3644
0.08753936517333494 0.2335870036433639 3645
0.2728829246289122 0.2545412213272769 3646
0.3157985944621491 0.3513431649270576 3647
0.3229595154226075 0.340999310753665 3648
0.3355615735496527 0.3408738797544552 3649
0.3154354543775745 0.3423097216770863 3650
0.3279130017596514 0.330961989158121 3651
0.5100554592197478 0.1775756905794811 3652
0.5129321266221998 0.1856694887596201 3653
0.5216401056708649 0.1829899185737758 3654
0.5033691802929049 0.1877837999451565 3655
0.5008474031112138 0.1793476673246756 3656
0.4934348914829159 0.1897557979681226 3657
0.3104946884824638 0.1750455980396391 3658
0.2458240161739829 0.3899420528774951 3659
0.2546937728376617 0.3880978374491169 3660
0.4182709541338414 0.3732260352122885 3661
0.4273950861384465 0.3813562071168813 3662
0.4247306890379138 0.3915645968239222 3663
0.4341274315420137 0.3915491221063853 3664
0.06082306837713292 0.2261684124915866 3665
0.4508091179327109 0.1455627191211346 3666
0.4370722296641729 0.3813260930137599 3667
0.07836576752665914 0.1973382002117784 3668
0.2832472268358366 0.2835338601723629 3669
0.2727865862660606 0.2969797441975813 3670
0.3288366825029466 0.2157843475150113 3671
0.2861473494790074 0.3569158252247849 3672
0.2957291998740841 0.3461511526115356 3673
0.3056163831725522 0.3442236434960662 3674
0.2949758048587804 0.3374940401232899 3675
0.2451314085416155 0.04673038998165413 3676
0.3823658607247464 0.221882736726308 3677
0.3623142534903143 0.2260443628184284 3678
0.4253551256560412 0.1863709613722262 3679
0.4244289241446622 0.1776777109951785 3680
0.4188252109633346 0.07296997531302016 3681
0.4335859825164897 0.3387149801642859 3682
0.3524497836494761 0.2280819746423026 3683
0.2851879588115321 0.06523987335790937 3684
0.2752189706351883 0.06725323802151179 3685
0.3161125258696137 0.2108464029548731 3686
0.3309107297484449 0.04173809467254294 3687
0.2782081642953071 0.04803018805769316 3688
0.1347904275412144 0.14405820436606 3689
0.3701861216221912 0.1449722282369995 3690
0.4812564753343264 0.2100419720053874 3691
0.4912751033969179 0.2079794063057552 3692
0.4533927300517455 0.1809477301681557 3693
0.4123258747351332 0.08293052057824248 3694
0.4096282242876301 0.1264654988093871 3695
0.5028581146451605 0.09626558711680239 3696
0.4874280954356638 0.09163572084979518 3697
0.473398628766039 0.09519510319802102 3698
0.4727819113675844 0.103921814349438 3699
0.3526537962773908 0.316647783802905 3700
0.5243327016613845 0.3159715401414535 3701
0.3058822716358595 0.3531680556218081 3702
0.4254001782298109 0.1507720042469887 3703
0.3737054809949064 0.3451198626763711 3704
0.4193408969790626 0.3567101464073586 3705
0.414930826877883 0.3920398764311763 3706
0.1791994269304076 0.08597636806446969 3707
0.5112245219434901 0.2044090118798826 3708
0.2576995281407378 0.05297756799138389 3709
0.4370000232781139 0.2456677661420317 3710
0.4752750500929377 0.2820019818854792 3711
0.476176474322167 0.2912402063032973 3712
0.3329999172325773 0.08163629776648247 3713
0.4461556944909583 0.06181051558974016 3714
0.4599401500136899 0.06405668360881081 3715
0.9253328706448971 0.3385087947545824 3716
0.1716557525914109 0.02644742732880637 3717
0.3631013336605042 0.2728079313476198 3718
0.5225020566394893 0.1498222693666383 3719
0.5131278457107232 0.1416775798740626 3720
0.5030599069413274 0.143520746660859 3721
0.5138081289590071 0.1324336213413712 3722
0.5243497307953303 0.1304179388515054 3723
0.503651023439625 0.1343473709760771 3724
0.4933772687292303 0.145332301289528 3725
0.4936404116097105 0.1363291738504635 3726
0.4832455984948413 0.1293038436960253 3727
0.4837872268955346 0.1386528027117322 3728
0.4614284913678326 0.1409095831704377 3729
0.466532241479964 0.1535915829368062 3730
0.4371150413914836 0.3293719967748958 3731
0.568009062673324 0.191707581733227 3732
0.5555193388028524 0.184947699660535 3733
0.5480360787524144 0.1856633227630757 3734
0.5544851991375871 0.1761344359735078 3735
0.5656019978798428 0.1832471322873457 3736
0.8474232457628711 0.3436827762886212 3737
0.8419471293712009 0.3556695043218456 3738
0.8835458323551223 0.06966669064010561 3739
0.483508337195811 0.09943924607847679 3740
0.4028227686631305 0.2975989717276997 3741
0.3962590095436022 0.29199822440016 3742
0.4718963202121566 0.2384799261041732 3743
0.4419015577399338 0.1116642847775674 3744
0.4347686981580664 0.299299164737399 3745
0.9159627255135419 0.3410258872392511 3746
0.4058854180682555 0.1904359855377752 3747
0.4213986814305617 0.09851370853293741 3748
0.2651404221221677 0.3781834527651065 3749
0.2720508611092678 0.3853480856161078 3750
0.859981769679143 0.06282418318152885 3751
0.3353416687904546 0.1075878794151426 3752
0.2861333799730488 0.2587310132957285 3753
0.8332924313247544 0.2158830558395186 3754
0.9457139737344546 0.3701338230794052 3755
0.9090561071472993 0.3055098179345905 3756
0.9010162352638662 0.2969160560178786 3757
0.8924590139610916 0.2954516177657868 3758
0.8860859207931051 0.2571852969668927 3759
0.8719253251005337 0.3311210610483153 3760
0.2479544577527372 0.05525561180719865 3761
0.2352278914028053 0.04909074049310846 3762
0.9145280014295682 0.2113285270952386 3763
0.8734629866238599 0.3842943778148438 3764
0.8835394320648499 0.3819738356517418 3765
0.906878197256471 0.3443685155383245 3766
0.9478110286349524 0.2926897504665701 3767
0.9591022225045323 0.2840529723820405 3768
0.9656285965703193 0.2952908498098238 3769
0.9498921106284127 0.283245841129767 3770
0.9682102997319944 0.285041670593646 3771
0.97536018005159 0.2973363586956129 3772
0.9883213103170693 0.2781692815625191 3773
0.9833375495900349 0.1575416927262872 3774
0.9958649510657991 0.15556372484394 3775
0.9700031470873995 0.06429949258716386 3776
0.8811679075134148 0.1100675145383703 3777
0.9328624914318652 0.2187409654733276 3778
0.9440702408434649 0.2180788891711621 3779
0.9024369578765109 0.04733629663519937 3780
0.9511964877530585 0.3505991176367549 3781
0.9657849541864842 0.02242324848199378 3782
0.9746091045006755 0.01766891554236427 3783
0.9340580774887456 0.16811440837353 3784
0.9941921821411271 0.03860009783729396 3785
0.9239235368020083 0.1701591617486655 3786
0.9563054580709623 0.06281769129979353 3787
0.9593731986177402 0.1559364275848968 3788
0.4111175059355734 0.2696628256283023 3789
0.2641264083170999 0.08781968737260208 3790
0.9260750973647492 0.2113495562396355 3791
0.9304253357007337 0.2032302470588747 3792
0.9825229439233785 0.02628972632034107 3793
0.9934906971426976 0.02539827325698701 3794
0.9123971052874003 0.3327802538146196 3795
0.93946883154015 0.2260527454252859 3796
0.9631128303022524 0.3571288932280909 3797
0.9401902982168178 0.2832437057223249 3798
0.9398325115758341 0.2739313585282465 3799
0.894460169454568 0.09368181656064987 3800
0.1054542617173481 0.2579427919075565 3801
0.9462042769990805 0.233517470264955 3802
0.968942354156392 0.2729059890938784 3803
0.9691054607531814 0.05050770394550771 3804
0.9783930759923345 0.2119870894903905 3805
0.9874736304194605 0.2286059377627845 3806
0.9908067611093752 0.2197849212423283 3807
0.9538412048469118 0.2558072049168104 3808
0.5453631562744393 0.1933849350522187 3809
0.5353552206919164 0.1853669478456158 3810
0.5343528941758491 0.1989021390325317 3811
0.8783699097945199 0.3109134868025786 3812
0.9624476758861135 0.3868488197648721 3813
0.9621928938516555 0.3054685344605359 3814
0.9170114754592475 0.1363122001730241 3815
0.882604750570857 0.1348986140068089 3816
0.3866647353261637 0.3358548632217195 3817
0.8784576986568118 0.3301404746195209 3818
0.4915883470735543 0.2343587998142377 3819
0.8521340867731606 0.352076146877735 3820
1.004337666881842 0.1974449158734811 3821
0.9436662589145024 0.03437933640709115 3822
0.9428469771706225 0.04743826329696646 3823
0.9202637738363932 0.1268262818537834 3824
0.9307842633611837 0.17757497948976 3825
0.9128917608563825 0.1724479687395846 3826
0.8988623393375486 0.2723923212963235 3827
0.9029960223491742 0.1222359063822538 3828
0.9000219460461041 0.1831261232775561 3829
0.4049814942620523 0.1728320882903423 3830
0.4147699654350262 0.1707880656010008 3831
0.9698898050682191 0.1408952653078854 3832
0.9844590093925236 0.2474489061513643 3833
0.9166701740566284 0.1627699350649479 3834
0.9580126971710241 0.1802197395073719 3835
0.9653821635767856 0.1857111400719476 3836
0.9649899933076445 0.1481110073668475 3837
0.9371264529879088 0.1320873021731953 3838
0.9338015588958134 0.141651827126231 3839
0.9935130732119707 0.172387625085708 3840
0.9866398360243376 0.3265691820959012 3841
0.9608206890399855 0.3484680072579087 3842
0.9577331585862251 0.2329643192839905 3843
0.9190787617665367 0.204393054371839 3844
0.9628711473435251 0.05686202134962584 3845
0.9621022411249611 0.1147448579784967 3846
0.9791818289565296 0.1156209516894267 3847
0.9087984412166228 0.2878142166769345 3848
0.9270252783984614 0.1342131754427328 3849
0.8843038294796247 0.291905516400957 3850
0.971836774666857 0.3079586790364021 3851
0.9868418144720874 0.2993692479337025 3852
0.9888944529004838 0.286768045154397 3853
0.8561849699332559 0.3025660632313645 3854
0.9622326714491859 0.04322164617717716 3855
0.9955935531120614 0.2468436835153165 3856
0.9478392483283439 0.3422839543128594 3857
0.9440043397439201 0.3341208420853626 3858
0.9089631523603673 0.1816260821439098 3859
0.9901757930087728 0.08791878389361693 3860
0.9830086831191931 0.09636289779074107 3861
0.9891155585351399 0.1122472064154742 3862
0.9807570985019648 0.1085568142254309 3863
0.9944699679387546 0.102704228883973 3864
0.4153252271074525 0.2252063982845299 3865
0.4035041844708757 0.2177365006121556 3866
0.3547855188934579 0.2453820221723386 3867
0.3177028615296648 0.04560677345675848 3868
0.9041963495012519 0.3765281945311037 3869
0.8960605507832256 0.3844361104582951 3870
0.9291546235496637 0.04505278692854431 3871
0.9560342399118056 0.04939784532863659 3872
0.8933604074278441 0.1502699847317342 3873
0.513663629318605 0.2324176426656299 3874
0.9234668584715464 0.1173403846344165 3875
0.5334764617684727 0.2903264992182129 3876
0.8821818786772726 0.35639945799246 3877
0.9498344508174723 0.323495093316559 3878
0.8490873872125642 0.3748143118353433 3879
0.9915198215761416 0.1290914503372534 3880
1.001267726601718 0.1335543032937234 3881
0.3395989815835837 0.3462045886730095 3882
0.9733761077382048 0.3822702523065574 3883
0.9825011606582573 0.3112550838991023 3884
0.9946129743912923 0.316048053041333 3885
0.9744156356583017 0.1570537185355054 3886
0.5045326371216302 0.1247292682827316 3887
0.9917885617711987 0.3570842396643013 3888
0.4606065038970546 0.2145496822169046 3889
0.9535774896588283 0.3314426194383668 3890
0.9067426886037032 0.3660056627296759 3891
0.1013679141088688 0.2677426360907994 3892
0.9266988259070452 0.1078940679844698 3893
0.8756948223930006 0.3217542748027137 3894
0.8894281681614558 0.3048367483119708 3895
0.487712454237196 0.06963736287128056 3896
0.8809740818533673 0.3734559382730926 3897
0.5112314415287188 0.09633015397501479 3898
0.5107588351950285 0.0885809707483355 3899
0.9134364920863192 0.1196299924966065 3900
0.2809491149728741 0.2510273582168068 3901
0.2780993414795896 0.2432167288367898 3902
0.8780207217507872 0.3650928929262396 3903
0.9964144821101498 0.259745577334397 3904
0.9547018974829754 0.1897198224392013 3905
0.9622915769813269 0.1957100422073423 3906
0.9064494360813571 0.1129106503262445 3907
0.7812377620030786 0.3508611835320389 3908
0.9015342827732372 0.1767267869345237 3909
0.3353863370323948 0.1521856321133083 3910
0.936405014350457 0.03917515772877775 3911
0.4529469032325013 0.1392938984648111 3912
0.9714911307842226 0.3942725737908923 3913
0.9787685463885074 0.4009710115146484 3914
0.4147835538820367 0.179684735900081 3915
0.4245868516963037 0.1687491808736266 3916
0.9380354640658073 0.08153995360323722 3917
0.9732990209114479 0.1895626051794535 3918
0.2259334562704391 0.08771680164455206 3919
0.810193546629308 0.3714262762881588 3920
0.4842244815569251 0.147086391458808 3921
0.2447609360802916 0.2768794871057598 3922
0.328401491075366 0.07445284003429756 3923
0.3328255258681554 0.0633596239178596 3924
0.3224065888955638 0.06649992756680742 3925
0.3436462292366622 0.06113398324009944 3926
0.5312179093310208 0.313398585069034 3927
0.5260057735206237 0.323636048022108 3928
0.4152199951135694 0.1524980417703193 3929
0.1122617939741851 0.2725357419200174 3930
0.3821612611554612 0.1507605907239056 3931
0.3772589856363258 0.1343845306844318 3932
0.4535358272525495 0.1070654989822102 3933
0.3981987855166709 0.2009506447533113 3934
0.4446835543718162 0.1390785085041645 3935
0.5021976016730001 0.1525443243166343 3936
0.4925547093611486 0.1541369370948267 3937
0.9091298625069359 0.02552752389756677 3938
0.1584027257908972 0.09427474839814831 3939
0.9794860782751327 0.2023278748834121 3940
0.4662789763995875 0.08550642706932805 3941
0.4629391534568934 0.09788338964764613 3942
0.5325650286176509 0.2235795794781886 3943
0.08319980420550088 0.2427548324566572 3944
0.4201840779636032 0.1263508385751902 3945
0.1454410679254593 0.06685656277755878 3946
0.1503362699460686 0.05658510734763419 3947
0.1434729396721813 0.05887168694143396 3948
0.3825725243732951 0.04404335690835046 3949
0.9143793757594167 0.39252028055182 3950
0.453678845457328 0.2431276160619305 3951
0.4148393440448934 0.3104964554735488 3952
0.2033447967067529 0.05661538434167346 3953
0.47318030767223 0.1315236808738652 3954
0.9856534403467029 0.2117119432886367 3955
0.3561380277522811 0.2007866842754288 3956
0.4800634232382464 0.1831180771151514 3957
0.3609232892343909 0.09347323646422136 3958
0.1954894027021098 0.09507019790658661 3959
0.8262721017744719 0.2261005002708987 3960
1.00300135790893 0.3603272309200352 3961
0.4633629184868179 0.1634881282662011 3962
0.4751626052475545 0.1551580356384401 3963
0.3628009622404542 0.0753918047861267 3964
0.3654758711696321 0.1282724980155605 3965
0.4150239238224852 0.1617278327262329 3966
0.8907880676649569 0.3796318623181624 3967
0.8867966304714552 0.3915510677743008 3968
0.894569786502168 0.3954100966601417 3969
0.8833891845777552 0.4015677438944055 3970
0.1147160680385554 0.2895385858487873 3971
0.4880592477631972 0.2525808756748997 3972
0.3261226806665456 0.08274499712241103 3973
0.4687628414898158 0.2565949830743209 3974
0.3936565058545479 0.06905733945730277 3975
0.9998417783809725 0.2092505494151802 3976
0.2981280059570297 0.08869127943284097 3977
0.1246943284239923 0.2535662378449347 3978
0.3618735902027547 0.3152721170705364 3979
0.2787690039549103 0.1150009219918975 3980
0.4342563903277444 0.1667240148762442 3981
0.301780723724822 0.1844271218984081 3982
0.4178097212883407 0.2485179805913464 3983
0.3953279821845535 0.2369529549407387 3984
0.1926498511739108 0.05837358010417146 3985
0.3781626296031793 0.2631596393097223 3986
0.3205446370804348 0.3763713654467764 3987
0.3148730560854002 0.3857605419061905 3988
0.308130957377338 0.387723591569859 3989
0.3145303705259147 0.3934850202118867 3990
0.297307313200322 0.3929728042019731 3991
0.3256824431783832 0.381850324197571 3992
0.3851601772628688 0.2392163852344962 3993
0.4778921671379702 0.3003168589365568 3994
0.1260307434290654 0.2875644558043893 3995
0.3398331091248594 0.1157048330927328 3996
0.3299911963068133 0.1177725904411068 3997
0.3344018505368492 0.187657922617792 3998
0.3450307805951673 0.1853055101110613 3999
0.3555789227239261 0.1920145756337618 4000
0.3655349840945171 0.1899472389133101 4001
0.4664347163525335 0.3051630367415855 4002
0.3409356895647103 0.2959547392365709 4003
0.3806264354396792 0.3031887506796177 4004
0.3832938722014029 0.1160944020552221 4005
0.3937391154046034 0.1147835795516145 4006
0.3085783452039476 0.1667257217107484 4007
0.3760416539889091 0.1966679335742704 4008
0.303800315361442 0.09634766390060882 4009
0.5431129571267999 0.1450994517184638 4010
0.2412777654540829 0.08462291698476175 4011
0.3753625562921504 0.1700751987094647 4012
0.4246350504269188 0.04486544327719424 4013
0.4089663022627543 0.329221701013777 4014
0.4164337402894465 0.04631096013791736 4015
0.4514953770479613 0.2616086078987019 4016
0.1178441567317035 0.2226833049142508 4017
0.4341921751850117 0.1756756285549967 4018
0.2903509459702506 0.2158329958758541 4019
0.3114759833253549 0.07116273115369193 4020
0.2760609191244767 0.3589096173142181 4021
0.2943293628671524 0.2423600672463617 4022
0.4042356814792873 0.1218753047106998 4023
0.4446099973136889 0.0991212171677498 4024
0.4562979081504049 0.09946259171814865 4025
0.4477582928899757 0.32413626267623 4026
0.3245214105593489 0.2245656411782661 4027
0.1441628394825024 0.2628066791010284 4028
0.41588443036541 0.188347006627972 4029
0.1066166479802054 0.2392199246003485 4030
0.4452907024382631 0.3306585245078387 4031
0.3263096629205791 0.2075732191149085 4032
0.3234032426165344 0.1280743473997722 4033
0.4724959024133457 0.1427724362966515 4034
0.3876214858136224 0.07914350789499916 4035
0.4009753999044536 0.1039314995692815 4036
0.4249503282841623 0.3633328223307311 4037
0.3222428752322656 0.03868483382380319 4038
0.4084123710007156 0.1988271053699659 4039
0.2613191059500792 0.0612404575838901 4040
0.2885414314119712 0.09103559104957935 4041
0.5242972765596881 0.1747135012300316 4042
0.4114302470532101 0.2072328700940511 4043
0.3676717683625371 0.3712043054117551 4044
0.3728619050189846 0.3823862394373473 4045
0.3685623563254918 0.392306043232348 4046
0.3776684680319685 0.3927591527333514 4047
0.3733744769547905 0.401521335051112 4048
0.3875727556277231 0.372846034438978 4049
0.4447080274697912 0.1825128440864346 4050
0.3252925157868007 0.1097141640334519 4051
0.3877181161774417 0.2716225137179785 4052
0.3651845938583137 0.1718978895839868 4053
0.2843562147932011 0.2421184062723139 4054
0.4450410689874079 0.07477123506957264 4055
0.3917168547292337 0.08718298573335209 4056
0.3125084859660364 0.1920743173019962 4057
0.4502296891706907 0.2171591564529414 4058
0.09511968446617747 0.239619549884493 4059
0.2800067024741605 0.3048968824090575 4060
0.258461808740396 0.2997597025015453 4061
0.4829099442059351 0.1918124478878322 4062
0.373096583312675 0.07324799445537505 4063
0.2249541190947728 0.05190053211975798 4064
0.3992844474137489 0.3685286086607107 4065
0.1094842113732621 0.1299622722197699 4066
0.3346268513528678 0.2671288097641517 4067
0.4775237910745056 0.1486458729939207 4068
0.2793857090170608 0.1849540113632298 4069
0.2024058932802744 0.04747694666050933 4070
0.4459578977915547 0.2090463109547136 4071
0.2914760852473711 0.05492276526964585 4072
0.4585580521055592 0.09015081311994939 4073
0.3021115937865336 0.2036924414140296 4074
0.3401815249747044 0.3728025459279696 4075
0.2855409585644003 0.3482134462672102 4076
0.4140228086381177 0.2160890586805314 4077
0.4033606676591047 0.1314227755606414 4078
0.3276156367327053 0.05223518484568559 4079
0.343997369632233 0.2385556497475066 4080
0.2565050168676897 0.1266752233171646 4081
0.3608867685665741 0.04042199913124733 4082
0.3755413097237956 0.1878801350382692 4083
0.3016329094496361 0.1766920368691304 4084
0.2814901861446968 0.3841920587126222 4085
0.2781984935705343 0.393067829146007 4086
0.2899679436767779 0.2055055177266923 4087
0.3549438984070498 0.3557799281174814 4088
0.8311278451159616 0.3585050547766712 4089
0.4247720727423874 0.2142487903291019 4090
0.4398871555116328 0.2204817927633994 4091
0.2713140114081651 0.05902028039098772 4092
0.2627957220223748 0.2862423662092832 4093
0.09301935119076621 0.2620601557220718 4094
0.2814768653537081 0.05686935976493529 4095
0.3918921393869853 0.300085328793969 4096
0.1091407266943717 0.2269913187045657 4097
0.3464030500745897 0.1439643870646652 4098
0.4520593436091654 0.08257123291832984 4099
0.4562796684764647 0.2066526388528915 4100
0.389638958235448 0.02745611632875908 4101
0.1139062562789888 0.1707381011248004 4102
0.4351165183657416 0.08038277911585397 4103
0.4290216548368407 0.07045778976774103 4104
0.3817254376859205 0.3835953122680787 4105
0.290255653713634 0.1098997073912656 4106
0.4066298544697755 0.3090318763019034 4107
0.3134910037122411 0.2504717611834094 4108
0.3031234821368789 0.3829219167604492 4109
0.3422655360934455 0.1510997037648493 4110
0.314135802459923 0.2610293579191244 4111
0.3218334531563786 0.287844024175153 4112
0.2281363942942871 0.06108873201859719 4113
0.3773582310890066 0.08121748014652062 4114
0.5272776437276118 0.1904578335316433 4115
0.3538934594385788 0.236634167409788 4116
0.2941061280644167 0.09890281377680726 4117
0.4064039148353351 0.09308297114949785 4118
0.4665417776961395 0.2043440612617554 4119
0.4020363744626111 0.08506195535881403 4120
0.2160675531894514 0.06683350658004061 4121
0.3637846218226537 0.2346298875921652 4122
0.399154640977226 0.3053665816362149 4123
0.5286312131445575 0.1788340997393759 4124
0.4767942482944955 0.2021131433862146 4125
0.3193945874838647 0.297640002444436 4126
0.3726246662839211 0.1530911400287736 4127
0.545597337933218 0.166925670331068 4128
0.2621980167461796 0.02574867761946212 4129
0.5176769301425219 0.1939069325631632 4130
0.3711226317580122 0.03828645006476988 4131
0.3773441571229166 0.337370528815979 4132
0.3152729447632181 0.1382848522881028 4133
0.5435337469604413 0.1776101526618854 4134
0.3350768134463152 0.1439859372693952 4135
0.4035049404543101 0.3178842216979867 4136
0.05426563193283629 0.1942833800434728 4137
0.3808223465626478 0.02770651369514021 4138
0.09036074811586547 0.1892631187299056 4139
0.373751161392024 0.2325708252824278 4140
0.5074800274427399 0.1961271994712267 4141
0.07568160312740368 0.2074494665840451 4142
0.4166060832758374 0.09074497097236803 4143
0.296973316984728 0.1176722430309734 4144
0.4972806326598578 0.19796590493528 4145
0.3246155826517845 0.2596388481172848 4146
0.3318890753668466 0.2862453791372022 4147
0.3808227705871234 0.03599435157096884 4148
0.3964516684048953 0.337710711004136 4149
0.3244017236554491 0.2689329462590323 4150
0.3335111996281415 0.2764848308378053 4151
0.3553464073036328 0.1830576499911773 4152
0.3654441566801188 0.1809706815707157 4153
0.4870639757130539 0.1999703448493831 4154
0.2332405780639224 0.09187856568762143 4155
0.3247222452005826 0.1366903789604489 4156
0.5644702999474213 0.174489920446812 4157
0.3460548072415318 0.1559985499227194 4158
0.2174010104921255 0.1045066446067942 4159
0.5546669073131508 0.1667337140930685 4160
0.1920944701451641 0.04955743640761931 4161
0.4000348993279921 0.3274320933867715 4162
0.3663352705148227 0.3379862671359651 4163
0.9313183926116271 0.07419102165249369 4164
0.3413384078317928 0.1676775252587724 4165
0.3579533126904713 0.3448012226837048 4166
0.3437752194185089 0.1763831719483492 4167
0.3465424054720616 0.3455173214860866 4168
0.3823804113219943 0.01844387695134328 4169
0.375112490781945 0.008541946778714643 4170
0.1702262470894507 0.06459030969816523 4171
0.1817323937931747 0.05161858985068521 4172
0.321206769797169 0.3237597763920421 4173
0.3446897558260226 0.3370441707184439 4174
0.1618778579281948 0.05182080514554405 4175
0.182193657070124 0.06054056774850047 4176
0.3425209692921235 0.3277848883084518 4177
0.3148492601132832 0.3336263255966116 4178
0.1519215947019353 0.04784625773102508 4179
0.3324976166415523 0.3177049840150554 4180
0.2947837160690677 0.328732251873524 4181
0.3049381577351873 0.3355438723996945 4182
0.2848664903296576 0.3395880015975356 4183
0.3046906886051612 0.3268411233710492 4184
0.2175923829285816 0.3780314880015313 4185
0.2059726242322559 0.3820338208458005 4186
0.2744433201370159 0.3329744382976508 4187
0.8774815705170521 0.07955347285754333 4188
0.9122074991417457 0.06845517302945717 4189
0.2591056159298476 0.3090166590520362 4190
0.2483431161448008 0.3022718957945836 4191
0.2398898126193086 0.3043222286048956 4192
0.9719126472973809 0.09875097634863482 4193
0.2064342545673776 0.3917544807381941 4194
0.2162040584619394 0.390915271683615 4195
0.1970462143708852 0.3928322201581441 4196
0.1965487481934892 0.3847430680736581 4197
0.1899901691695254 0.3868120395861737 4198
0.1881734787575583 0.3929051574907052 4199
0.1795654004918519 0.3916549209591691 4200
0.1831575334941955 0.3821704152739361 4201
0.1743218807049882 0.3830582489813131 4202
0.9723033935788485 0.1075499034112877 4203
0.9684322359433216 0.09084975530631204 4204
0.9232195265881135 0.09132925308647977 4205
0.9646424018611968 0.105956950772496 4206
0.08111545346651261 0.1877752623315535 4207
0.9269696915509399 0.08247886621101506 4208
0.264410710364047 0.3349657532371939 4209
0.2644919868824972 0.3437408291022356 4210
0.08774938976892654 0.1987533791878107 4211
0.09690439518987226 0.1996822464404598 4212
0.4976067991686277 0.2796522472151131 4213
0.2248207352637319 0.3512158327164696 4214
0.8466471053152436 0.321784189699645 4215
0.2262684963148117 0.3385596158088551 4216
0.1567717210166069 0.3038216997287201 4217
0.08075382045602275 0.1612486471363339 4218
0.2402051640471733 0.3118637378734703 4219
0.8020055402412716 0.3457428826780463 4220
0.7804458295011063 0.3326938023193265 4221
0.2022354566581077 0.3727983569700125 4222
0.8128895627770554 0.3431109520230097 4223
0.7861479997909597 0.3403862065984636 4224
0.09894132237903408 0.13994078491882 4225
0.1767690332299008 0.2950140143839808 4226
0.6804836110502226 0.1302113687734211 4227
0.2111765758207192 0.322499626448878 4228
0.08950033550567027 0.1503489683333245 4229
0.09891832537673295 0.148577073351739 4230
0.8491785428598171 0.294501474410458 4231
0.2341903842553359 0.3056158984320446 4232
0.2370576111251074 0.2970248661751603 4233
0.1955368001233042 0.3471934733675008 4234
0.5253522775149398 0.1211936539079378 4235
0.8026993898752768 0.29205464834722 4236
0.1978404622688358 0.338026669784059 4237
0.6295048754771754 0.4000105773770707 4238
0.6209770413934994 0.3968258008883704 4239
0.9224907650915721 0.4013402859106172 4240
0.8314424400150651 0.4013237442098962 4241
0.686220785114673 0.4013461193745788 4242
0.2003633281326718 0.3286463082993941 4243
0.5748835231628545 0.1146180880426132 4244
0.5427450684775544 0.280432970452263 4245
0.688225230113066 0.1731236162192501 4246
0.6173684085282105 0.3700223134688405 4247
1.682109252284388 0.3549454395477476 4248
1.579016694703135 0.3696333740961475 4249
1.597445014269265 0.3304465644054386 4250
1.531305590304591 0.3677037248847627 4251
0.5751862842203134 0.2463252883438791 4252
0.7487336575074681 0.2347584788245264 4253
0.6935485940108421 0.1548352494599548 4254
0.5931544763493373 0.1081470702612512 4255
0.6124976334585812 0.1027388492644683 4256
0.6376426951421789 0.2837158614715096 4257
0.8846332448410053 0.04543870928582003 4258
0.6432764774744557 0.1762079423016528 4259
0.6356903807000448 0.3377447329879969 4260
0.8968778081630358 0.03593415952098006 4261
0.8503506031311934 0.2817002061895695 4262
0.6460758069893824 0.05202664543951319 4263
0.7389841644778552 0.04984963548387097 4264
0.5618659860036879 0.1395025710047386 4265
0.5582186999148845 0.1316562592205027 4266
0.5562937399347725 0.1236808146016415 4267
0.7291042950439734 0.0995316443586334 4268
0.8592585626142615 0.1747239095633781 4269
0.5742031332206511 0.1636120117417919 4270
0.7344611366789134 0.1711044356574686 4271
0.2051976187011472 0.3095339414289174 4272
0.6229641329364298 0.05338672953332735 4273
0.6884238358732399 0.2803882760910588 4274
0.7068873540766056 0.3486015593767895 4275
0.687856985700062 0.1456043185900499 4276
0.4916603763923336 0.3490738923102303 4277
0.5877694652937455 0.187697465975619 4278
0.7564598081662337 0.09953412806608372 4279
0.3056605055407188 0.131589389406126 4280
0.2957144528276111 0.1285266923576148 4281
0.8142150476540833 0.09530873322275382 4282
0.6001919080271489 0.06033116933168317 4283
0.6678525395214852 0.3239606090847483 4284
0.7659875996544676 0.05611746868067718 4285
0.6421464340999412 0.202375668211797 4286
0.7244678349371669 0.2027216089097069 4287
0.6749878837615793 0.343780938073157 4288
0.640762630132188 0.2295602219713885 4289
1.566687786203512 0.2830447189941985 4290
1.673328014112414 0.2505043404679521 4291
0.09025786553128312 0.1324164503627449 4292
0.6278856715284946 0.09603806978092101 4293
1.603723947101083 0.1276131434456823 4294
0.7202769112314051 0.3740232516261321 4295
0.8323056879673689 0.05974419821197005 4296
0.8498197104212828 0.07343459038841096 4297
0.5492164827097161 0.06346121460031201 4298
0.7213299585992369 0.09742819045011165 4299
0.09973112934912653 0.1310239734876762 4300
0.6519386783119039 0.1993186574604455 4301
0.01159382132083553 0.2626924304132621 4302
0.02557258313679567 0.2536141185063728 4303
1.721459011957661 0.1431015084945124 4304
0.7677022184752312 0.1805338292854682 4305
1.791561376897077 0.2833198462395747 4306
0.6367424011052142 0.1690150072420013 4307
0.523730236606878 0.1399509336086395 4308
0.546033379235084 0.1345620487638095 4309
0.6073713388940829 0.2813185013431606 4310
0.5457356112352817 0.03670490836651882 4311
0.1943503728857671 0.2893123130405172 4312
0.4959636269399241 0.06590121708164293 4313
0.7981674695783056 0.1842727651415872 4314
0.6247621887366516 0.1074058140105801 4315
0.7170333023958507 0.2879070128619259 4316
0.5776023411053315 0.05678020934616113 4317
0.6614747747446839 0.3745468088687098 4318
0.6866777846051835 0.3439958808477593 4319
0.8777958917943263 0.03551255843655257 4320
0.4860232108379191 0.2894550655509447 4321
1.787667389797007 0.3314962034339309 4322
0.7979365182646407 0.05072428086125746 4323
0.6387538896121875 0.212255965151579 4324
0.01155987758724719 0.2346021928827128 4325
0.1707174218788393 0.3397747308281618 4326
0.6046580990797978 0.3687129438405866 4327
0.6122950545658156 0.3123935529110983 4328
0.6842896769704125 0.2747568316636405 4329
0.01042919278333421 0.2125839649005218 4330
0.7624737711736271 0.170706523932657 4331
0.7565843950126652 0.3480914272662152 4332
0.5345568264632651 0.1379208742078633 4333
0.5273622693509203 0.0620793119410783 4334
0.6466336458204277 0.3385513640713176 4335
0.6853199720163634 0.1533250678225824 4336
0.7700788461383972 0.07494745228027802 4337
1.73185068450049 0.0880453707321133 4338
0.802386692656668 0.06086082484925659 4339
0.6448048797627695 0.3099046896401339 4340
0.5621731802559536 0.3541234986295991 4341
0.5558089338116846 0.2237217524698232 4342
0.7254485591318693 0.2843667688411421 4343
0.7449856491273676 0.1981182031238715 4344
0.05844958487786989 0.1514943669630341 4345
0.05196855094098374 0.1384114702818319 4346
0.7747505322533407 0.1961993542196212 4347
0.8417519176723619 0.06173626049388597 4348
0.6892198057997156 0.3354462223104131 4349
0.5423461777324765 0.3485230217944937 4350
0.7496467607679167 0.2865166567475885 4351
0.7652700882972086 0.1608247852609356 4352
0.7190096520951383 0.1618758593786243 4353
0.4393438429955423 0.04219354368659495 4354
0.6867331939383541 0.01152577079721012 4355
0.4540051817424757 0.04008465733252323 4356
0.7937928623588026 0.1007463406731764 4357
0.05087469491980778 0.1804891296685471 4358
0.7240215696044333 0.3072560552052433 4359
0.567835210700558 0.05903259909330341 4360
0.7677424096914203 0.2006046648150199 4361
0.8246230529625381 0.1241390142882091 4362
1.385148687598139 0.1511385477455576 4363
0.7596713730074516 0.2570158972498464 4364
0.5704941133353438 0.3445684585282016 4365
0.5669924142530575 0.1214263486675391 4366
0.9780158506514934 0.2863500184910253 4367
0.7256453502224586 0.1708255419416991 4368
0.5517438864567408 0.07160415676817539 4369
0.5207953202837335 0.3525183456536761 4370
0.6326875736808073 0.346674987533814 4371
0.6785692364922761 0.07045382693708735 4372
0.7507487952016317 0.1129949020443826 4373
0.6742323012155869 0.1586593771316582 4374
0.8134623454891297 0.1760891109603686 4375
1.868769377255541 0.3696708942045762 4376
0.01096369183377233 0.1990920234552693 4377
0.5666288419471058 0.3258348288396555 4378
0.7210345752801982 0.105304278049824 4379
0.6120060063897577 0.1589862589835338 4380
0.5232421763501757 0.3419625529796275 4381
0.7695757754779187 0.3099802961544873 4382
0.7285609897087132 0.2736369078474803 4383
0.7339925796984019 0.3068743811115286 4384
0.6665790462011594 0.1542989029588451 4385
0.6555727940536944 0.1597545615076007 4386
0.8349104591549772 0.1107390155602708 4387
0.7170506960362788 0.2318017202143567 4388
1.377048667412674 0.2583863216263134 4389
0.7399785170570984 0.2086495716458368 4390
0.5128247095667317 0.0582509901016493 4391
0.9601668582777992 0.2766585764333562 4392
0.6292753789279216 0.3385490869753293 4393
1.921969175861153 0.2730916759985716 4394
0.560831846119518 0.06951061719086749 4395
0.9253914708617529 0.008375235958366728 4396
0.7619082050056896 0.1061371301235805 4397
0.4215003636394792 0.4009920148348274 4398
0.3542004128009327 0.4016964420477516 4399
0.7674905218393886 0.2608206273262745 4400
0.8570721752874182 0.165650405383791 4401
0.1002921430679582 0.1220153495391501 4402
0.1099375815456004 0.1115360976677977 4403
0.06485444723221745 0.2544750706554266 4404
0.7040598056058469 0.2252714475362768 4405
1.541882809925979 0.1404563205565846 4406
0.3485752947602755 0.008309307321768766 4407
0.161364844258183 0.008633963751955159 4408
0.9903998178044402 0.008692022467725213 4409
0.2507462541030647 0.008566031818784736 4410
0.2893625814061038 0.008746608396353522 4411
0.2702784001525349 0.008530898081950761 4412
0.1803804011384946 0.008682745099693107 4413
0.3287544267437597 0.009524850414628527 4414
0.3320495062295692 0.4017817159713517 4415
0.2382791373637742 0.2778178729327075 4416
1.859490648154143 0.1549168866456777 4417
0.8428200931033708 0.1168979681949105 4418
0.8475998783362358 0.01538993273217229 4419
0.8456220248917083 0.2217506591991344 4420
0.9517288623813818 0.2719506908748849 4421
0.6184607892884346 0.3397969685405114 4422
0.5924030660140075 0.2401365059809356 4423
0.2556259742506155 0.4018251888906073 4424
0.1648117617155345 0.3983190309290067 4425
0.1611431662038096 0.3917869853439464 4426
0.7350976804890528 0.2540205134405564 4427
0.03773039078383222 0.08081820869763523 4428
0.6047190145865684 0.1746654320651193 4429
0.7326345928514125 0.2629999332343866 4430
0.8531776362240184 0.1105570031268335 4431
0.6084885634664001 0.3329290962695277 4432
0.5486504223767706 0.3185140639037061 4433
0.5106314876919239 0.06987528127855808 4434
0.9279604446455694 0.2679848619735886 4435
0.7495417407651683 0.007917541408868994 4436
1.985241184997281 0.163599626443206 4437
0.6096680135811565 0.1651366608348936 4438
0.6706691865088756 0.2888331439921834 4439
0.5071852077833828 0.08122634089212726 4440
0.5366721032307995 0.3187226589842322 4441
0.74797635153324 0.4001300333022334 4442
0.7106098495112173 0.259990359281626 4443
0.6392767344526779 0.2564502959241388 4444
0.931327961618834 0.2570307988462149 4445
0.1170353966071929 0.1100620903873731 4446
0.8058584529445589 0.1998095382471943 4447
0.8223111282732011 0.2000579112221618 4448
0.7595106317134495 0.2838778807661006 4449
0.7395928732801871 0.05862064714932597 4450
1.458197802232725 0.2547672226068723 4451
0.6189980390720744 0.1281085068577922 4452
0.5336925164477009 0.340531563368432 4453
0.5202084361883448 0.08612053249774515 4454
0.5103785268872247 0.01606757456560554 4455
0.6089383370878341 0.1216961298829648 4456
0.7410977353499253 0.3133764390618654 4457
0.596737380004647 0.3468957256402818 4458
1.56664739159061 0.1191886124099033 4459
0.9168613107747043 0.2530333536461291 4460
0.6747325636398568 0.2312979911999256 4461
0.1585093408163132 0.359365549187954 4462
0.8045396444903588 0.106792125676501 4463
0.583155315607453 0.3454779018884753 4464
0.9186778701479241 0.241829415577662 4465
0.055305276689112 0.2143828839098451 4466
0.6603285836794864 0.2254255990667612 4467
0.7737757096009129 0.2078451170902847 4468
0.128031185169027 0.1039317683700551 4469
0.6939289088901909 0.04029033943714047 4470
0.799518140910777 0.1724053059123539 4471
0.8141816009881602 0.1142594589793687 4472
0.9039151013649387 0.2379877120844984 4473
0.7527439402477609 0.3207656079995242 4474
0.02142777056424028 0.2761543032205659 4475
0.6854007256173005 0.09697271373879343 4476
0.9187340080233959 0.303981982485762 4477
0.8740422097844275 0.3929071042286824 4478
0.8628575635295288 0.1106479885432375 4479
2.163640738574029 0.3452488223236451 4480
2.161121800018937 0.1984059498842073 4481
0.6550369958888442 0.2354016868264752 4482
0.1680693373308373 0.3775492357372292 4483
0.2781311677472432 0.1346780790062156 4484
0.5607757359283767 0.08740071199631635 4485
0.9082949595777158 0.2158207455102021 4486
0.8717185054362665 0.1191914096539038 4487
0.4599754802454356 0.3416175161592824 4488
0.188089801139 0.1192109422305487 4489
0.1061003898526012 0.199962797904932 4490
0.02154595937332338 0.09930835620932443 4491
0.450712283101961 0.01480804069998629 4492
0.713511182123526 0.07608333941507781 4493
0.8960122303403614 0.2114114574889909 4494
0.862559762231111 0.129501077433164 4495
0.4745537428992671 0.3235973917707452 4496
0.04285258697963146 0.1980518846432635 4497
0.6577313925766455 0.0672934150984496 4498
0.4818737977748504 0.3331184096953115 4499
0.8029096327770611 0.1607621967492083 4500
0.5193210831864781 0.3258194692551633 4501
0.6497891310686255 0.1240391420658331 4502
0.4200766924651226 0.266384644651226 4503
0.5255139125314208 0.332055213131057 4504
0.6776834798203072 0.2759888444241382 4505
0.04880192099901404 0.1495988715143941 4506
0.02600582184994926 0.2386294333204567 4507
0.1712634187179213 0.3892421405148601 4508
0.2879168370577597 0.3926606105815307 4509
0.5020378139460426 0.321427046816139 4510
0.9726166435290964 0.00914314381534001 4511
0.02022315344282388 0.1635127252612731 4512
0.8733680939694117 0.1366049980251415 4513
0.8921508950005623 0.203447372021653 4514
0.6485969588453953 0.2634142002068639 4515
0.4921278304817691 0.3227921519194776 4516
0.6350880750816894 0.2219252946855471 4517
0.7643645822187408 0.2705567309856144 4518
0.7714912699773884 0.2192619294460356 4519
0.4218789429728022 0.2847736778086057 4520
0.8745798852095639 0.1454246702540698 4521
0.09331888887115669 0.3108310060890929 4522
0.7679439268983395 0.008843390011298496 4523
0.6424717850303845 0.01693857461119791 4524
0.93409622523998 0.3929684267492189 4525
0.1728859515785176 0.3631354718565297 4526
0.9060516026848933 0.2267912094269459 4527
0.4338123532515474 0.2903805183422177 4528
0.7901737379034146 0.155999780178066 4529
0.5520297288075063 0.08026659698924782 4530
0.8857928701143141 0.154078890308684 4531
0.6253004664889956 0.2239931708675966 4532
0.893803648965892 0.1843723964042079 4533
0.4796580939116916 0.01732811041923016 4534
0.4657413071381182 0.2935791319467248 4535
0.8884871137119081 0.1952885439046981 4536
0.4937036359823408 0.2954767409820497 4537
0.5760446462982373 0.3365439588242715 4538
0.5770655509014281 0.2863630909243037 4539
0.8824342707324482 0.1612441304077055 4540
0.6775660945579225 0.267144764220368 4541
0.8722175444556715 0.1810892975913658 4542
0.1410999882343109 0.05029876223860139 4543
0.5411230218631087 0.2870507765676417 4544
0.6211624472283273 0.2336755847272122 4545
0.556453089777622 0.3271911209751995 4546
0.8783552185877375 0.169986886858382 4547
0.5459973287169683 0.2911000395351109 4548
1.012429700834413 0.384816085396304 4549
0.6847514032165084 0.2112041857243183 4550
0.01961053489919307 0.1103234984392569 4551
0.6057941088408365 0.2281128489683849 4552
0.9586803285130799 0.3939487198791385 4553
0.5906855108123896 0.08098246497793418 4554
0.7567281554457987 0.1517425975722936 4555
0.7347302661414516 0.3328407081183183 4556
0.277968196690539 0.2079124017462393 4557
0.1264281504042112 0.1878864496231072 4558
0.5866636778477275 0.2326474947267579 4559
0.6017528507016742 0.2378766175272609 4560
0.7308060747236163 0.1525690655829982 4561
0.7298588786064544 0.2109591470855767 4562
0.5543118008427882 0.2352535867381172 4563
0.6155188699607772 0.1107755800496568 4564
0.5690828081781568 0.2389497461577397 4565
0.7772703315985259 0.07052439177720202 4566
0.7229645812513719 0.142780911184606 4567
0.5776053741967123 0.235554281732845 4568
0.1499203450396359 0.2731566089130157 4569
0.1574795171038544 0.2699465671583381 4570
0.8322112250631231 0.2073511783917013 4571
0.7244163515980249 0.2215797381526941 4572
0.1341246850484694 0.3398632690747904 4573
0.8424105168568929 0.2141490934897247 4574
2.000386028153089 0.1127337354021812 4575
1.280100719395643 0.280330839157385 4576
0.06811076648008774 0.2621379381994453 4577
0.04414357812456893 0.3159416891483856 4578
0.8551417602967617 0.2174501508561482 4579
0.7053948794435305 0.1186063208195183 4580
0.1439678883227313 0.2796651035458746 4581
0.04312924237033844 0.2206926970577584 4582
0.5550719265771592 0.008415378580430677 4583
0.03439354503947767 0.09201428059231627 4584
0.5392984253108967 0.2313731584627545 4585
0.0795728611281783 0.3599676498198279 4586
0.6799876281823374 0.2212620244055839 4587
0.8599931143682759 0.2264519947569029 4588
1.232809935975138 0.3328815327116137 4589
0.8569423136542506 0.238417659461955 4590
0.5308744727060346 0.2354360823363304 4591
0.8641973499936015 0.2464370148222239 4592
0.5228570739828045 0.2400086984745462 4593
0.04429634561372775 0.2914668130024008 4594
0.1352517521845819 0.3085364677657694 4595
0.8714573190860251 0.253992520744138 4596
0.05530786462697845 0.3458305331759622 4597
0.5109071767071186 0.2394818026577001 4598
0.1353311585201699 0.02180629067537396 4599
0.8783024273982731 0.2614472076131279 4600
0.5039590706314172 0.2405963009602085 4601
1.276504028393637 0.08595618458878862 4602
0.0300315411188099 0.1431629504390339 4603
0.1613417162205096 0.13297780730609 4604
0.8848198274337066 0.2689084211038619 4605
1.920372380190536 0.3270247317153614 4606
0.1767894002889046 0.2845239450413143 4607
0.4945866279675288 0.2424657249132157 4608
0.1161293915427104 0.06276677254980964 4609
0.07476678836113759 0.05308702919360844 4610
0.7030807370740506 0.137338636179521 4611
0.8907606526094433 0.2765045629744268 4612
0.1293051937818219 0.07182214686876284 4613
0.6651219122469675 0.05659606308180881 4614
0.4848406768535386 0.2444625873760735 4615
0.895597861043401 0.2857211463025108 4616
0.9021064459393445 0.2903338788870793 4617
0.4751150407659529 0.2465219431564605 4618
0.1343561812059112 0.3752403612865554 4619
0.1251936409766198 0.3353707047777189 4620
0.896326043304805 0.008562068657114341 4621
0.09723312770426973 0.07612631160311395 4622
0.02812187621067896 0.06149342974033706 4623
0.3498656197210773 0.01651000014743648 4624
0.9097546198050992 0.2962203511329499 4625
0.4656561906305272 0.2486491776976592 4626
0.9282057880884088 0.3024482149978691 4627
0.159211673592747 0.2776385625431451 4628
0.4565564973264665 0.2507507251995973 4629
0.8410402691368477 0.4016534093348377 4630
0.06468308056703864 0.1305459331773887 4631
0.9367594575024861 0.3095115298401903 4632
1.160458252456841 0.2928523189626752 4633
1.146130161721495 0.3299807761963973 4634
0.4459302458080019 0.2521583998539125 4635
0.9290972351272617 0.3197438777196705 4636
0.0928135351799757 0.3019756032542735 4637
0.06282082896772612 0.1051127097260586 4638
0.4304898170197099 0.2511301161009016 4639
0.1544007692671423 0.3312258303202528 4640
0.94082721330587 0.3257006767468456 4641
0.07562161485476548 0.09208176167242006 4642
0.42278379797947 0.2554222499965309 4643
0.9347946262684474 0.336280030237719 4644
0.4259244174554286 0.2740024710750872 4645
0.07060542402355252 0.1195372484590189 4646
0.9289480001548216 0.3466431742342611 4647
0.7103173549498809 0.1056471812563769 4648
0.922608819352869 0.3569586447709648 4649
0.987530120407175 0.395747168915661 4650
0.04649182223895609 0.1893616696014051 4651
0.03583876152150456 0.2497102012492418 4652
0.1092618007479532 0.0716462396689207 4653
0.9338381755838844 0.3633919596735085 4654
2.163047848025873 0.2816356160255589 4655
0.1306715604141909 0.09355336383294451 4656
0.1636539421103673 0.3307918198912517 4657
0.9354839481211162 0.3724518879816354 4658
0.01246155252943804 0.04029703127050557 4659
0.2935765260333352 0.4015762730188183 4660
0.9376100567662615 0.3831774944006789 4661
0.1451533420781361 0.2519507254635437 4662
1.023593187932021 0.1890969708302928 4663
0.4509756131886909 0.3405640464768951 4664
1.731000831598386 0.3671861055205469 4665
0.07412598408628801 0.09805990603305731 4666
0.2243644692783713 0.2933286137261972 4667
1.232688873206701 0.1274148014182639 4668
0.5762277921380794 0.3915179889651464 4669
0.1715650304871936 0.0174267311407357 4670
0.0673860451822057 0.2757375734837236 4671
0.5092972728333954 0.3307858395924699 4672
0.1401265919659197 0.09402791739322094 4673
0.9461169365078911 0.02522867009608376 4674
0.1742895735339465 0.3215325913033704 4675
1.561064554217688 0.08959641416000781 4676
0.5937091356045295 0.008841164115888756 4677
0.2991704396597703 0.01782330925347442 4678
0.1099466626115012 0.3388602691391283 4679
0.2329173398232947 0.2889432588693606 4680
0.08481439089290888 0.2921746009472374 4681
0.2004562565254894 0.2786116813481723 4682
0.1857846346617716 0.3137660449428811 4683
0.7032443677631476 0.1008863664999911 4684
0.531938534480946 0.3993976628638455 4685
0.2040923017214684 0.117001397430413 4686
1.910686601666044 0.09525682791819015 4687
0.7094132264623407 0.1268962360881093 4688
0.2780508836481331 0.2347854738255479 4689
0.03922993489848459 0.05915692320138138 4690
0.6577735510880569 0.4013955472383265 4691
0.1919572367992686 0.3257603526174395 4692
0.1093535259812703 0.3211625418303948 4693
0.792788595379061 0.01815514888584266 4694
0.2221660601150921 0.008451914642791158 4695
0.739147906664571 0.3981522709803673 4696
0.03469995732795761 0.315167404272898 4697
0.1312077633451448 0.2806774635301497 4698
0.2757082021482918 0.1978716451208425 4699
0.7318766609971061 0.01657333807602265 4700
0.1411717555515877 0.03236198189770909 4701
0.03682466526468486 0.23217794286672 4702
0.103071826304161 0.3140926906790094 4703
0.2340178739630476 0.4005291672211007 4704
0.07690628722799953 0.2913854112836791 4705
0.02270901688917237 0.2644979473467621 4706
0.1424630141292211 0.1392563222110293 4707
0.1306153341847306 0.2922802134265297 4708
1.16569386211558 0.178467042477143 4709
0.9416871618491975 0.4017580890322783 4710
0.4501296648622727 0.4013153515211028 4711
0.1100246288447602 0.02921989987273757 4712
0.02620430356908554 0.3836416891572303 4713
0.1292926084544503 0.2990990967848285 4714
1.013842019550952 0.07109708615979435 4715
0.2271453565395984 0.269982638615938 4716
0.146363375368014 0.3053958443733767 4717
1.301993483604881 0.1516532907898901 4718
0.07603940907669227 0.3783967195654483 4719
1.037841818818013 0.03935040852668747 4720
1.020647035447443 0.02988288987524876 4721
0.1742859437353891 0.1052250838280449 4722
0.1103371365276997 0.382083168805892 4723
0.1500145741277448 0.3133398525961964 4724
0.3242897180413498 0.392841180514183 4725
0.05214676609738578 0.3586476015545663 4726
0.1309900542214565 0.2276746679884102 4727
1.503119697145548 0.3202405355746188 4728
0.1458016829303068 0.3208782160003174 4729
0.2172263189139346 0.335679018265449 4730
0.1142560457734292 0.2144276887514492 4731
0.7858497381847747 0.3906324238931277 4732
0.01015439636678583 0.1547484085082309 4733
0.6324782850415474 0.009172445831646836 4734
0.4020330673908169 0.4014748496516486 4735
0.2026952913177886 0.3190769824992243 4736
0.2350187250371532 0.1292973055470238 4737
0.2715770074661873 0.2188651639090128 4738
0.2695309583132967 0.2259219522736673 4739
0.2744026713441806 0.4016284292544956 4740
0.4330793844234863 0.0092278742732117 4741
1.695441837762599 0.04197828980444834 4742
0.4903771271049464 0.3929734156088241 4743
0.2617508429072519 0.01720939037840225 4744
0.2649511916595999 0.2586578311540171 4745
0.2516382406353264 0.2545525251850251 4746
1.622560146576722 0.2834042192409217 4747
0.07406168177656669 0.2815033981639605 4748
0.9125058661675763 0.4012943147228056 4749
0.8631454175764556 0.4021023009471389 4750
0.8193838153022283 0.01908206427471584 4751
0.2086524220607822 0.3320332929624655 4752
0.02012218358784135 0.2115148607984325 4753
0.2358063795048732 0.3391797466836821 4754
0.8581962448472996 0.008049579849280758 4755
0.6936255509592271 0.01539815241496731 4756
0.3866429272449785 0.3932610605707532 4757
1.401519347647856 0.08627304473732249 4758
0.5172775859826979 0.008094440137583897 4759
0.1947299897690193 0.4013201760232348 4760
1.06473882709639 0.05404838443639259 4761
0.06289912658705799 0.03396631373631248 4762
0.3595152866026734 0.393451750211549 4763
0.1182008208207395 0.1518982798869656 4764
0.4859217322302996 0.01708459437659959 4765
0.2282039046279367 0.3284268790517546 4766
0.46931121791238 0.4016562808011843 4767
0.3918764622206571 0.01838612987998231 4768
0.6133403944879089 0.3907006411768283 4769
0.7778477684193063 0.008631248353881654 4770
0.2548460154303381 0.3456319692184279 4771
1.062920280194355 0.3279771920111215 4772
1.108804373758302 0.346607536850622 4773
1.117456462182247 0.3082643303244668 4774
0.9511988927297698 0.4017231271012938 4775
0.0284535710910272 0.1145437362313773 4776
0.6516175058549298 0.007821961234799862 4777
0.03447514292254716 0.1947681206476563 4778
0.2263044419156919 0.1105828372010673 4779
0.9847473751553208 0.01878648065791991 4780
0.03164218837151034 0.2893226681320539 4781
0.1166434439175968 0.1894297279853568 4782
0.1569121513216696 0.383511228031905 4783
0.1640816432770691 0.3862414281518511 4784
2.087199824929405 0.2943080966277748 4785
0.6975808305492983 0.3924545931771229 4786
0.245354730999115 0.3382235298226517 4787
0.2466918197069423 0.356015741160327 4788
0.02029863443627722 0.2991774582987684 4789
0.5647070873943107 0.008288839975975765 4790
0.06990769290975218 0.3926694342674139 4791
0.5174797887741355 0.3939228469130507 4792
0.948460319138369 0.01989801908679467 4793
0.3588930659096642 0.01505872495975105 4794
0.06239372476906024 0.04481800059768434 4795
0.8211812148415676 0.3942754827181426 4796
0.9025125987262085 0.01704287310433888 4797
0.2738073659092531 0.1901484455380579 4798
0.7948386888682479 0.4007040495774257 4799
0.8391385286988871 0.007950911112543257 4800
0.04505864205719923 0.3728822491677358 4801
0.2315874564043535 0.008274328989945678 4802
1.206378636407547 0.2119798477225376 4803
1.821532931865802 0.3701030362743284 4804
0.6125970416048263 0.01590603735206308 4805
0.2398090668121534 0.3656783216075201 4806
0.2551447786441959 0.149035633029624 4807
0.5854954332067411 0.401279043650849 4808
0.5669383882409118 0.4022057171369345 4809
0.7315802371745732 0.3953296820993154 4810
0.1471768668880572 0.1034447651616225 4811
1.430910544949971 0.2711912924747934 4812
0.6077311986783758 0.3980012786702894 4813
0.5251110047339632 0.3962371192682997 4814
2.152416312716163 0.04180561654326248 4815
0.3086495343491874 0.008954333645646795 4816
1.34022822252742 0.2845877237011292 4817
0.01937496072258393 0.1843298054279618 4818
0.1159900482660547 0.1797793327118608 4819
1.062235256757699 0.2185595835667699 4820
0.0313323645184147 0.2458139470201185 4821
0.2479610985142277 0.372604247661157 4822
0.4420493595176153 0.01960855454077207 4823
0.2478369171076329 0.268931154534905 4824
1.55077349703126 0.3251422033295507 4825
0.2031746602979292 0.1238516257326952 4826
0.1935626836904794 0.1273263208237763 4827
0.2560077760794667 0.3797322634338932 4828
0.365341969344286 0.01353029272428832 4829
0.6481426268836279 0.4013902870744941 4830
0.996830836515763 0.3889716940199908 4831
0.2596777352614759 0.1356060852036835 4832
0.1241898048475264 0.1653548124388441 4833
0.2631461809478017 0.386482266183147 4834
0.02578837816706092 0.1927316545968445 4835
0.7409349278830593 0.007812499485052471 4836
0.1475104279598958 0.147320101044465 4837
1.780985023993942 0.08769744088192788 4838
0.02318403663022495 0.3199531430942159 4839
0.07529549419442638 0.03286581901517246 4840
2.066452958958142 0.07153026653787742 4841
0.4433997046888483 0.391854549530435 4842
0.03795798347939816 0.3842618149878447 4843
0.04832630076953093 0.3824203650041005 4844
0.4789611962317066 0.4016560893882214 4845
0.2687994959343134 0.3937366436731771 4846
0.2728941276029099 0.1773341843021728 4847
0.2262483879694593 0.3909226647723779 4848
0.8212169453758027 0.009816880623895491 4849
0.1561508506326664 0.1035499355608517 4850
0.3123984541288405 0.4017288223772945 4851
0.06977562475699428 0.2881649617858335 4852
0.3957461087607309 0.3932676742021675 4853
1.235442814786686 0.1677418738092094 4854
0.774850238668095 0.4020151156874076 4855
0.1116464326130371 0.2085204498290429 4856
1.159118943166123 0.3730073823411878 4857
0.2710788935315012 0.01720599263947895 4858
0.8562867946165068 0.4024846531840932 4859
1.556837227240937 0.04697161878422851 4860
0.1675453721318624 0.2760449611427689 4861
0.6884241804716202 0.3923949829284024 4862
1.75061349373381 0.3367854213196714 4863
0.2601935246567404 0.3949030312195638 4864
0.3494386967169152 0.3946722605090587 4865
0.9030630114099494 0.3915222884534069 4866
0.4956063068778862 0.01613286774760259 4867
1.015031869065318 0.1455510260819044 4868
0.5277462287186989 0.01593901913481671 4869
1.007993064792526 0.02303660372758368 4870
0.8676286999900854 0.008273462052054342 4871
1.270573321006941 0.3264252018551648 4872
0.9120640698848179 0.01672239281209309 4873
0.2333454712389941 0.01628499144404547 4874
0.5740155206619333 0.01637446408382884 4875
1.463746836355615 0.03508561972355714 4876
0.1359763168845798 0.3881036260707618 4877
0.0610522475753017 0.3857372712578436 4878
0.02228716962612021 0.3565096288826602 4879
0.1807956067314073 0.01718372986187669 4880
0.0141315565144513 0.3959365421024094 4881
0.01380101158038993 0.01363877261279395 4882
0.03139227365985109 0.06917760019929403 4883
0.6604419427546455 0.007853222406879967 4884
0.7839836390880405 0.0173147881051206 4885
0.814741305288387 0.3960813659707115 4886
0.7032152393426984 0.009115705698523463 4887
0.03337348041778121 0.2663917395673244 4888
0.1007833088079326 0.3879308360775111 4889
0.1851824965270817 0.4012048234827232 4890
0.98780329191074 0.4046092131474378 4891
0.09042513003330299 0.02155277523030422 4892
1.23682032874253 0.08590824029749022 4893
2.160295478492913 0.1234388543807079 4894
0.1675117771476168 0.09488919899656906 4895
0.6030869255306877 0.4026618129469769 4896
0.9594356986668698 0.01691892577461085 4897
1.269476478786045 0.1617564006702331 4898
0.269496493167953 0.2454410179249261 4899
0.01925098597578834 0.1915854612988019 4900
1.962032608724025 0.3245243744958894 4901
0.1545488356748476 0.3914042734011075 4902
0.6130821192004514 0.008988795319446657 4903
0.1443141142466073 0.0166168463363989 4904
0.4525449338126403 0.008179394300264875 4905
0.4981484296403991 0.4015681055689895 4906
0.1287980585627383 0.1472213998897419 4907
0.3844679000360673 0.009061629575535135 4908
1.870584654993528 0.08812346753386949 4909
0.02579633378947865 0.05030738579805979 4910
0.7221664514595074 0.009083516859419993 4911
0.99138214478404 0.01506899774469958 4912
0.01783221386069256 0.1181409074482104 4913
0.3184104193612168 0.01887494463068998 4914
0.9979135871066257 0.01820273286237759 4915
0.05141669593267961 0.05783861260545028 4916
0.6420077387183355 0.3921421411598485 4917
1.015780122770708 0.1999432319572959 4918
0.1273584831121211 0.2418626647030052 4919
0.01981618977796096 0.2207727267322157 4920
0.243172157737341 0.1228409401338173 4921
0.7051124850880973 0.4012677581537004 4922
0.02767943245034599 0.07650602645802279 4923
0.1717084120666901 0.1150050755226866 4924
0.1528799752309791 0.01700296523229813 4925
0.7475159266594313 0.01369586194464811 4926
1.003014123568794 0.09038796339772726 4927
0.2540022772905062 0.3938842963226911 4928
2.158474400262667 0.3721269060920057 4929
0.1898840305041447 0.02456586785470924 4930
1.010655281398796 0.04080025092196859 4931
0.1509691958179439 0.1331623475685491 4932
0.9429728946073561 0.3938747718616175 4933
0.01995875223441712 0.152895657210811 4934
0.5161193936114445 0.4021137932875256 4935
0.7228891111862442 0.4017114329671194 4936
0.4713861202865601 0.3930385418115505 4937
1.00367808347014 0.2297671391951129 4938
0.991914528266935 0.2356507801761193 4939
0.3663005163493676 0.007758375707801163 4940
1.368397439170705 0.1143583874207108 4941
0.1858143549651197 0.2853326214116043 4942
2.134688926798582 0.3269152380701006 4943
0.1128216259013037 0.02268106249530166 4944
0.4310661514145921 0.4009680197384863 4945
0.5580386195026503 0.4023665003971502 4946
1.649324861803768 0.04133172461629103 4947
1.052090865309111 0.3570753613666803 4948
0.2879417687685623 0.1650145514518392 4949
0.1619680388826141 0.2605588291725288 4950
1.269132826139889 0.1248488264203149 4951
0.8527998252346561 0.3959255210743129 4952
0.0582145306949946 0.2914031091027425 4953
0.6768183971876809 0.4012616082773526 4954
0.7660136393715344 0.4022181388336538 4955
0.2802511880708025 0.01749256446897207 4956
0.3828033840968509 0.4016546999222257 4957
0.8416851776468987 0.01437565156854317 4958
2.091943378905482 0.1479212519599504 4959
0.3408966380025198 0.3945839483406847 4960
1.001447426868143 0.1089349966838205 4961
0.998320206556858 0.1178200796425574 4962
2.135455162872696 0.1576396500692638 4963
0.8133432833878864 0.4019657890749121 4964
0.02572861975818119 0.02549942640149519 4965
0.5045853643044387 0.01593300162961972 4966
0.2140400774291422 0.4008188840231502 4967
0.1378817997228377 0.0166277894363972 4968
0.09985731070467163 0.03198977187478705 4969
1.026107797137805 0.2898853787143216 4970
0.1271679171022428 0.0177586164954209 4971
0.5830555625113347 0.0167780035998992 4972
0.8929812398226766 0.4017300955638333 4973
1.629099002326975 0.3372607052691585 4974
0.2117384542235249 0.1139954765492399 4975
1.880945914686319 0.3300821037099111 4976
0.1869314529291862 0.1275291924125551 4977
0.122574651323029 0.06782180436224303 4978
0.7966637449162945 0.009377971615162378 4979
0.09158580809200334 0.3991551900547334 4980
0.8742689947727252 0.01710184246800472 4981
0.5362937514741849 0.016087057032908 4982
0.9217816837259699 0.01695811119187532 4983
0.1339384558384245 0.06309299599262694 4984
1.193558584966722 0.3341496845106491 4985
1.079440076497647 0.2351453935086559 4986
1.95277515683556 0.07152045840020541 4987
0.4036984791279545 0.009174859538366498 4988
1.025958702768476 0.01550446736382557 4989
0.145073187323445 0.1217537645486201 4990
0.3058252004811963 0.393669791415264 4991
0.9685798454096508 0.01725358094405785 4992
0.02087093041533894 0.3096056944689588 4993
0.144684938741541 0.1283902656025473 4994
0.9703617675483394 0.4041547676437817 4995
1.034632202394231 0.1230677767976046 4996
0.5840199914184054 0.3943467614175492 4997
0.1961530049071576 0.01726170030890181 4998
1.094298018247857 0.05206533615021569 4999
1.396914811592456 0.2940179985887821 5000
NMARK= 4
MARKER_TAG= inlet
MARKER_ELEMS= 32
3 3 263 
3 263 264 
3 264 265 
3 265 266 
3 266 267 
3 267 268 
3 268 269 
3 269 270 
3 270 271 
3 271 272 
3 272 273 
3 273 274 
3 274 275 
3 275 276 
3 276 277 
3 277 278 
3 278 279 
3 279 280 
3 280 281 
3 281 282 
3 282 283 
3 283 284 
3 284 285 
3 285 286 
3 286 287 
3 287 288 
3 288 289 
3 289 290 
3 290 291 
3 291 292 
3 292 293 
3 293 0 
MARKER_TAG= outlet
MARKER_ELEMS= 10
3 1 131 
3 131 132 
3 132 133 
3 133 134 
3 134 135 
3 135 136 
3 136 137 
3 137 138 
3 138 139 
3 139 2 
MARKER_TAG= wall
MARKER_ELEMS= 248
3 0 8 
3 8 9 
3 9 10 
3 10 11 
3 11 12 
3 12 13 
3 13 14 
3 14 15 
3 15 16 
3 16 17 
3 17 18 
3 18 19 
3 19 20 
3 20 21 
3 21 22 
3 22 23 
3 23 24 
3 24 25 
3 25 26 
3 26 27 
3 27 28 
3 28 29 
3 29 30 
3 30 31 
3 31 32 
3 32 33 
3 33 34 
3 34 35 
3 35 36 
3 36 37 
3 37 38 
3 38 39 
3 39 40 
3 40 41 
3 41 42 
3 42 43 
3 43 44 
3 44 45 
3 45 46 
3 46 47 
3 47 48 
3 48 49 
3 49 50 
3 50 51 
3 51 52 
3 52 53 
3 53 54 
3 54 55 
3 55 56 
3 56 57 
3 57 58 
3 58 59 
3 59 60 
3 60 61 
3 61 62 
3 62 63 
3 63 64 
3 64 65 
3 65 66 
3 66 67 
3 67 68 
3 68 69 
3 69 70 
3 70 71 
3 71 72 
3 72 73 
3 73 74 
3 74 75 
3 75 76 
3 76 77 
3 77 78 
3 78 79 
3 79 80 
3 80 81 
3 81 82 
3 82 83 
3 83 84 
3 84 85 
3 85 86 
3 86 87 
3 87 88 
3 88 89 
3 89 90 
3 90 91 
3 91 92 
3 92 93 
3 93 94 
3 94 95 
3 95 96 
3 96 97 
3 97 98 
3 98 99 
3 99 100 
3 100 101 
3 101 102 
3 102 103 
3 103 104 
3 104 105 
3 105 106 
3 106 107 
3 107 108 
3 108 109 
3 109 110 
3 110 111 
3 111 112 
3 112 113 
3 113 114 
3 114 115 
3 115 116 
3 116 117 
3 117 118 
3 118 119 
3 119 120 
3 120 121 
3 121 122 
3 122 123 
3 123 124 
3 124 125 
3 125 126 
3 126 127 
3 127 128 
3 128 129 
3 129 130 
3 130 1 
3 2 140 
3 140 141 
3 141 142 
3 142 143 
3 143 144 
3 144 145 
3 145 146 
3 146 147 
3 147 148 
3 148 149 
3 149 150 
3 150 151 
3 151 152 
3 152 153 
3 153 154 
3 154 155 
3 155 156 
3 156 157 
3 157 158 
3 158 159 
3 159 160 
3 160 161 
3 161 162 
3 162 163 
3 163 164 
3 164 165 
3 165 166 
3 166 167 
3 167 168 
3 168 169 
3 169 170 
3 170 171 
3 171 172 
3 172 173 
3 173 174 
3 174 175 
3 175 176 
3 176 177 
3 177 178 
3 178 179 
3 179 180 
3 180 181 
3 181 182 
3 182 183 
3 183 184 
3 184 185 
3 185 186 
3 186 187 
3 187 188 
3 188 189 
3 189 190 
3 190 191 
3 191 192 
3 192 193 
3 193 194 
3 194 195 
3 195 196 
3 196 197 
3 197 198 
3 198 199 
3 199 200 
3 200 201 
3 201 202 
3 202 203 
3 203 204 
3 204 205 
3 205 206 
3 206 207 
3 207 208 
3 208 209 
3 209 210 
3 210 211 
3 211 212 
3 212 213 
3 213 214 
3 214 215 
3 215 216 
3 216 217 
3 217 218 
3 218 219 
3 219 220 
3 220 221 
3 221 222 
3 222 223 
3 223 224 
3 224 225 
3 225 226 
3 226 227 
3 227 228 
3 228 229 
3 229 230 
3 230 231 
3 231 232 
3 232 233 
3 233 234 
3 234 235 
3 235 236 
3 236 237 
3 237 238 
3 238 239 
3 239 240 
3 240 241 
3 241 242 
3 242 243 
3 243 244 
3 244 245 
3 245 246 
3 246 247 
3 247 248 
3 248 249 
3 249 250 
3 250 251 
3 251 252 
3 252 253 
3 253 254 
3 254 255 
3 255 256 
3 256 257 
3 257 258 
3 258 259 
3 259 260 
3 260 261 
3 261 262 
3 262 3 
MARKER_TAG= cylinder
MARKER_ELEMS= 32
3 4 294 
3 294 295 
3 295 296 
3 296 297 
3 297 298 
3 298 299 
3 299 300 
3 300 5 
3 5 301 
3 301 302 
3 302 303 
3 303 304 
3 304 305 
3 305 306 
3 306 307 
3 307 6 
3 6 308 
3 308 309 
3 309 310 
3 310 311 
3 311 312 
3 312 313 
3 313 314 
3 314 7 
3 7 315 
3 315 316 
3 316 317 
3 317 318 
3 318 319 
3 319 320 
3 320 321 
3 321 4 
